codepoints	group	counted	cluster_width	code_point_sum	note
0061	control	1	1	1	ascii
03A9	control	1	1	1	greek
00F1	control	1	1	1	latin-1 precomposed
2192	control	1	1	1	east asian ambiguous
6F22	control	2	2	2	east asian wide
FF21	control	2	2	2	fullwidth
FF71	control	1	1	1	halfwidth katakana
D55C	control	2	2	2	hangul syllable
2588	control	1	1	1	block
2500	control	1	1	1	box drawing
FDFA	control	1	1	1	arabic ligature
1F44D	control	2	2	2	emoji presentation, wide
231A	control	2	2	2	emoji presentation, wide
2705	control	2	2	2	emoji presentation, wide
263A	control	1	1	1	text presentation, narrow
2764	control	1	1	1	text presentation, narrow
1F3F3	control	1	1	1	no presentation, narrow
2691	control	1	1	1	no presentation, narrow
263A+FE0F	control	2	2	1	narrow base + VS16
2764+FE0F	control	2	2	1	narrow base + VS16
1F3F3+FE0F	control	2	2	1	narrow base + VS16
2691+FE0F	control	1	1	1	narrow base + VS16
1F44D+FE0F	control	2	2	2	wide base + VS16
231A+FE0F	control	2	2	2	wide base + VS16
263A+FE0E	control	1	1	1	narrow base + VS15
1F44D+FE0E	control	1	1	2	wide base + VS15
1F468+200D+1F469	control	2	2	5	wide first, two parts
1F468+200D+1F469+200D+1F467	control	2	2	8	wide first, three parts
1F468+200D+1F469+200D+1F467+200D+1F466	control	2	2	11	wide first, four parts
1F469+200D+1F4BB	control	2	2	5	wide first, two parts
1F469+200D+1F680	control	2	2	5	wide first, two parts
1F3F3+FE0F+200D+1F308	control	2	2	4	narrow first, selector, two parts
1F3F3+FE0F+200D+26A7+FE0F	control	2	2	3	narrow first, two selectors
2764+FE0F+200D+1F525	control	2	2	4	narrow first, selector, two parts
1F441+FE0F+200D+1F5E8+FE0F	control	2	2	3	narrow first, two selectors
1F43B+200D+2744+FE0F	control	2	2	4	wide first, narrow second
0061+200D+0062	control	2	2	3	letters either side of a joiner
200D	control	0	0	1	a joiner on its own
1F44D+1F3FD	control	2	2	4	skin tone
1F469+1F3FF+200D+1F4BB	control	2	2	7	skin tone inside a joined pair
0031+20E3	control	1	1	2	keycap without a selector
0031+FE0F+20E3	control	2	2	2	keycap with a selector
0061+20DD	control	1	1	2	combining enclosing circle
0061+0488	control	1	1	2	combining cyrillic sign
1F1FA	control	2	2	1	one indicator
1F1FA+1F1F8	control	2	2	2	two indicators
1F1FA+1F1F8+1F1EF	control	4	4	3	three indicators
1F1FA+1F1F8+1F1EF+1F1F5	control	4	4	4	four indicators
1F3F4+E0067+E0062+E0073+E0063+E0074+E007F	control	2	2	8	tag sequence
0065+0301	control	1	1	1	one nonspacing mark
0065+0301+0302	control	1	1	1	two nonspacing marks
0065+0301+0302+0303+0304	control	1	1	1	four nonspacing marks
0915+094D+0937	control	1	2	2	devanagari conjunct
0915+094D+0937+093F	control	1	2	3	conjunct plus a spacing vowel
0915+093F	control	1	2	2	consonant plus a spacing vowel
0915+094B	control	1	2	2	consonant plus a two part vowel
0BA8+0BBF	control	1	2	2	tamil na plus a vowel
0BA8+0BCB	control	1	2	2	tamil na plus a two part vowel
0995+09CD+09B7	control	1	2	2	bengali conjunct
0C15+0C4D+0C37	control	1	2	2	telugu conjunct
0E01+0E33	control	1	2	2	ko kai plus sara am
0E01+0E33+0E33	control	1	2	3	ko kai plus two sara am
0E01+0E48	control	1	1	1	ko kai plus a tone mark
0E01+0E34+0E48	control	1	1	1	ko kai, vowel, tone
0EA5+0EB2	control	2	2	2	lo loot plus a vowel
1100+1161	control	2	2	2	lead and vowel
1100+1161+11A8	control	2	2	2	lead, vowel and tail
1F600	emoji-fully-qualified	2	2	2	grinning face
1F603	emoji-fully-qualified	2	2	2	grinning face with big eyes
1F604	emoji-fully-qualified	2	2	2	grinning face with smiling eyes
1F601	emoji-fully-qualified	2	2	2	beaming face with smiling eyes
1F606	emoji-fully-qualified	2	2	2	grinning squinting face
1F605	emoji-fully-qualified	2	2	2	grinning face with sweat
1F923	emoji-fully-qualified	2	2	2	rolling on the floor laughing
1F602	emoji-fully-qualified	2	2	2	face with tears of joy
1F642	emoji-fully-qualified	2	2	2	slightly smiling face
1F643	emoji-fully-qualified	2	2	2	upside-down face
1FAE0	emoji-fully-qualified	2	2	2	melting face
1F609	emoji-fully-qualified	2	2	2	winking face
1F60A	emoji-fully-qualified	2	2	2	smiling face with smiling eyes
1F607	emoji-fully-qualified	2	2	2	smiling face with halo
1F970	emoji-fully-qualified	2	2	2	smiling face with hearts
1F60D	emoji-fully-qualified	2	2	2	smiling face with heart-eyes
1F929	emoji-fully-qualified	2	2	2	star-struck
1F618	emoji-fully-qualified	2	2	2	face blowing a kiss
1F617	emoji-fully-qualified	2	2	2	kissing face
1F61A	emoji-fully-qualified	2	2	2	kissing face with closed eyes
1F619	emoji-fully-qualified	2	2	2	kissing face with smiling eyes
1F972	emoji-fully-qualified	2	2	2	smiling face with tear
1F60B	emoji-fully-qualified	2	2	2	face savoring food
1F61B	emoji-fully-qualified	2	2	2	face with tongue
1F61C	emoji-fully-qualified	2	2	2	winking face with tongue
1F92A	emoji-fully-qualified	2	2	2	zany face
1F61D	emoji-fully-qualified	2	2	2	squinting face with tongue
1F911	emoji-fully-qualified	2	2	2	money-mouth face
1F917	emoji-fully-qualified	2	2	2	smiling face with open hands
1F92D	emoji-fully-qualified	2	2	2	face with hand over mouth
1FAE2	emoji-fully-qualified	2	2	2	face with open eyes and hand over mouth
1FAE3	emoji-fully-qualified	2	2	2	face with peeking eye
1F92B	emoji-fully-qualified	2	2	2	shushing face
1F914	emoji-fully-qualified	2	2	2	thinking face
1FAE1	emoji-fully-qualified	2	2	2	saluting face
1F910	emoji-fully-qualified	2	2	2	zipper-mouth face
1F928	emoji-fully-qualified	2	2	2	face with raised eyebrow
1F610	emoji-fully-qualified	2	2	2	neutral face
1F611	emoji-fully-qualified	2	2	2	expressionless face
1F636	emoji-fully-qualified	2	2	2	face without mouth
1FAE5	emoji-fully-qualified	2	2	2	dotted line face
1F636+200D+1F32B+FE0F	emoji-fully-qualified	2	2	4	face in clouds
1F636+200D+1F32B	emoji-minimally-qualified	2	2	4	face in clouds
1F60F	emoji-fully-qualified	2	2	2	smirking face
1F612	emoji-fully-qualified	2	2	2	unamused face
1F644	emoji-fully-qualified	2	2	2	face with rolling eyes
1F62C	emoji-fully-qualified	2	2	2	grimacing face
1F62E+200D+1F4A8	emoji-fully-qualified	2	2	5	face exhaling
1F925	emoji-fully-qualified	2	2	2	lying face
1FAE8	emoji-fully-qualified	2	2	2	shaking face
1F642+200D+2194+FE0F	emoji-fully-qualified	2	2	4	head shaking horizontally
1F642+200D+2194	emoji-minimally-qualified	2	2	4	head shaking horizontally
1F642+200D+2195+FE0F	emoji-fully-qualified	2	2	4	head shaking vertically
1F642+200D+2195	emoji-minimally-qualified	2	2	4	head shaking vertically
1F60C	emoji-fully-qualified	2	2	2	relieved face
1F614	emoji-fully-qualified	2	2	2	pensive face
1F62A	emoji-fully-qualified	2	2	2	sleepy face
1F924	emoji-fully-qualified	2	2	2	drooling face
1F634	emoji-fully-qualified	2	2	2	sleeping face
1FAE9	emoji-fully-qualified	2	2	2	face with bags under eyes
1F637	emoji-fully-qualified	2	2	2	face with medical mask
1F912	emoji-fully-qualified	2	2	2	face with thermometer
1F915	emoji-fully-qualified	2	2	2	face with head-bandage
1F922	emoji-fully-qualified	2	2	2	nauseated face
1F92E	emoji-fully-qualified	2	2	2	face vomiting
1F927	emoji-fully-qualified	2	2	2	sneezing face
1F975	emoji-fully-qualified	2	2	2	hot face
1F976	emoji-fully-qualified	2	2	2	cold face
1F974	emoji-fully-qualified	2	2	2	woozy face
1F635	emoji-fully-qualified	2	2	2	face with crossed-out eyes
1F635+200D+1F4AB	emoji-fully-qualified	2	2	5	face with spiral eyes
1F92F	emoji-fully-qualified	2	2	2	exploding head
1F920	emoji-fully-qualified	2	2	2	cowboy hat face
1F973	emoji-fully-qualified	2	2	2	partying face
1F978	emoji-fully-qualified	2	2	2	disguised face
1F60E	emoji-fully-qualified	2	2	2	smiling face with sunglasses
1F913	emoji-fully-qualified	2	2	2	nerd face
1F9D0	emoji-fully-qualified	2	2	2	face with monocle
1F615	emoji-fully-qualified	2	2	2	confused face
1FAE4	emoji-fully-qualified	2	2	2	face with diagonal mouth
1F61F	emoji-fully-qualified	2	2	2	worried face
1F641	emoji-fully-qualified	2	2	2	slightly frowning face
2639+FE0F	emoji-fully-qualified	2	2	1	frowning face
2639	emoji-unqualified	1	1	1	frowning face
1F62E	emoji-fully-qualified	2	2	2	face with open mouth
1F62F	emoji-fully-qualified	2	2	2	hushed face
1F632	emoji-fully-qualified	2	2	2	astonished face
1F633	emoji-fully-qualified	2	2	2	flushed face
1F97A	emoji-fully-qualified	2	2	2	pleading face
1F979	emoji-fully-qualified	2	2	2	face holding back tears
1F626	emoji-fully-qualified	2	2	2	frowning face with open mouth
1F627	emoji-fully-qualified	2	2	2	anguished face
1F628	emoji-fully-qualified	2	2	2	fearful face
1F630	emoji-fully-qualified	2	2	2	anxious face with sweat
1F625	emoji-fully-qualified	2	2	2	sad but relieved face
1F622	emoji-fully-qualified	2	2	2	crying face
1F62D	emoji-fully-qualified	2	2	2	loudly crying face
1F631	emoji-fully-qualified	2	2	2	face screaming in fear
1F616	emoji-fully-qualified	2	2	2	confounded face
1F623	emoji-fully-qualified	2	2	2	persevering face
1F61E	emoji-fully-qualified	2	2	2	disappointed face
1F613	emoji-fully-qualified	2	2	2	downcast face with sweat
1F629	emoji-fully-qualified	2	2	2	weary face
1F62B	emoji-fully-qualified	2	2	2	tired face
1F971	emoji-fully-qualified	2	2	2	yawning face
1F624	emoji-fully-qualified	2	2	2	face with steam from nose
1F621	emoji-fully-qualified	2	2	2	enraged face
1F620	emoji-fully-qualified	2	2	2	angry face
1F92C	emoji-fully-qualified	2	2	2	face with symbols on mouth
1F608	emoji-fully-qualified	2	2	2	smiling face with horns
1F47F	emoji-fully-qualified	2	2	2	angry face with horns
1F480	emoji-fully-qualified	2	2	2	skull
2620+FE0F	emoji-fully-qualified	2	2	1	skull and crossbones
2620	emoji-unqualified	1	1	1	skull and crossbones
1F4A9	emoji-fully-qualified	2	2	2	pile of poo
1F921	emoji-fully-qualified	2	2	2	clown face
1F479	emoji-fully-qualified	2	2	2	ogre
1F47A	emoji-fully-qualified	2	2	2	goblin
1F47B	emoji-fully-qualified	2	2	2	ghost
1F47D	emoji-fully-qualified	2	2	2	alien
1F47E	emoji-fully-qualified	2	2	2	alien monster
1F916	emoji-fully-qualified	2	2	2	robot
1F63A	emoji-fully-qualified	2	2	2	grinning cat
1F638	emoji-fully-qualified	2	2	2	grinning cat with smiling eyes
1F639	emoji-fully-qualified	2	2	2	cat with tears of joy
1F63B	emoji-fully-qualified	2	2	2	smiling cat with heart-eyes
1F63C	emoji-fully-qualified	2	2	2	cat with wry smile
1F63D	emoji-fully-qualified	2	2	2	kissing cat
1F640	emoji-fully-qualified	2	2	2	weary cat
1F63F	emoji-fully-qualified	2	2	2	crying cat
1F63E	emoji-fully-qualified	2	2	2	pouting cat
1F648	emoji-fully-qualified	2	2	2	see-no-evil monkey
1F649	emoji-fully-qualified	2	2	2	hear-no-evil monkey
1F64A	emoji-fully-qualified	2	2	2	speak-no-evil monkey
1F48C	emoji-fully-qualified	2	2	2	love letter
1F498	emoji-fully-qualified	2	2	2	heart with arrow
1F49D	emoji-fully-qualified	2	2	2	heart with ribbon
1F496	emoji-fully-qualified	2	2	2	sparkling heart
1F497	emoji-fully-qualified	2	2	2	growing heart
1F493	emoji-fully-qualified	2	2	2	beating heart
1F49E	emoji-fully-qualified	2	2	2	revolving hearts
1F495	emoji-fully-qualified	2	2	2	two hearts
1F49F	emoji-fully-qualified	2	2	2	heart decoration
2763+FE0F	emoji-fully-qualified	2	2	1	heart exclamation
2763	emoji-unqualified	1	1	1	heart exclamation
1F494	emoji-fully-qualified	2	2	2	broken heart
2764+200D+1F525	emoji-unqualified	1	1	4	heart on fire
2764+FE0F+200D+1FA79	emoji-fully-qualified	2	2	4	mending heart
2764+200D+1FA79	emoji-unqualified	1	1	4	mending heart
1FA77	emoji-fully-qualified	2	2	2	pink heart
1F9E1	emoji-fully-qualified	2	2	2	orange heart
1F49B	emoji-fully-qualified	2	2	2	yellow heart
1F49A	emoji-fully-qualified	2	2	2	green heart
1F499	emoji-fully-qualified	2	2	2	blue heart
1FA75	emoji-fully-qualified	2	2	2	light blue heart
1F49C	emoji-fully-qualified	2	2	2	purple heart
1F90E	emoji-fully-qualified	2	2	2	brown heart
1F5A4	emoji-fully-qualified	2	2	2	black heart
1FA76	emoji-fully-qualified	2	2	2	grey heart
1F90D	emoji-fully-qualified	2	2	2	white heart
1F48B	emoji-fully-qualified	2	2	2	kiss mark
1F4AF	emoji-fully-qualified	2	2	2	hundred points
1F4A2	emoji-fully-qualified	2	2	2	anger symbol
1F4A5	emoji-fully-qualified	2	2	2	collision
1F4AB	emoji-fully-qualified	2	2	2	dizzy
1F4A6	emoji-fully-qualified	2	2	2	sweat droplets
1F4A8	emoji-fully-qualified	2	2	2	dashing away
1F573+FE0F	emoji-fully-qualified	2	2	1	hole
1F573	emoji-unqualified	1	1	1	hole
1F4AC	emoji-fully-qualified	2	2	2	speech balloon
1F441+200D+1F5E8+FE0F	emoji-unqualified	2	2	3	eye in speech bubble
1F441+FE0F+200D+1F5E8	emoji-minimally-qualified	2	2	3	eye in speech bubble
1F441+200D+1F5E8	emoji-unqualified	1	1	3	eye in speech bubble
1F5E8+FE0F	emoji-fully-qualified	2	2	1	left speech bubble
1F5E8	emoji-unqualified	1	1	1	left speech bubble
1F5EF+FE0F	emoji-fully-qualified	2	2	1	right anger bubble
1F5EF	emoji-unqualified	1	1	1	right anger bubble
1F4AD	emoji-fully-qualified	2	2	2	thought balloon
1F4A4	emoji-fully-qualified	2	2	2	ZZZ
1F44B	emoji-fully-qualified	2	2	2	waving hand
1F44B+1F3FB	emoji-fully-qualified	2	2	4	waving hand: light skin tone
1F44B+1F3FC	emoji-fully-qualified	2	2	4	waving hand: medium-light skin tone
1F44B+1F3FD	emoji-fully-qualified	2	2	4	waving hand: medium skin tone
1F44B+1F3FE	emoji-fully-qualified	2	2	4	waving hand: medium-dark skin tone
1F44B+1F3FF	emoji-fully-qualified	2	2	4	waving hand: dark skin tone
1F91A	emoji-fully-qualified	2	2	2	raised back of hand
1F91A+1F3FB	emoji-fully-qualified	2	2	4	raised back of hand: light skin tone
1F91A+1F3FC	emoji-fully-qualified	2	2	4	raised back of hand: medium-light skin tone
1F91A+1F3FD	emoji-fully-qualified	2	2	4	raised back of hand: medium skin tone
1F91A+1F3FE	emoji-fully-qualified	2	2	4	raised back of hand: medium-dark skin tone
1F91A+1F3FF	emoji-fully-qualified	2	2	4	raised back of hand: dark skin tone
1F590+FE0F	emoji-fully-qualified	2	2	1	hand with fingers splayed
1F590	emoji-unqualified	2	1	1	hand with fingers splayed
1F590+1F3FB	emoji-fully-qualified	2	1	3	hand with fingers splayed: light skin tone
1F590+1F3FC	emoji-fully-qualified	2	1	3	hand with fingers splayed: medium-light skin tone
1F590+1F3FD	emoji-fully-qualified	2	1	3	hand with fingers splayed: medium skin tone
1F590+1F3FE	emoji-fully-qualified	2	1	3	hand with fingers splayed: medium-dark skin tone
1F590+1F3FF	emoji-fully-qualified	2	1	3	hand with fingers splayed: dark skin tone
270B	emoji-fully-qualified	2	2	2	raised hand
270B+1F3FB	emoji-fully-qualified	2	2	4	raised hand: light skin tone
270B+1F3FC	emoji-fully-qualified	2	2	4	raised hand: medium-light skin tone
270B+1F3FD	emoji-fully-qualified	2	2	4	raised hand: medium skin tone
270B+1F3FE	emoji-fully-qualified	2	2	4	raised hand: medium-dark skin tone
270B+1F3FF	emoji-fully-qualified	2	2	4	raised hand: dark skin tone
1F596	emoji-fully-qualified	2	2	2	vulcan salute
1F596+1F3FB	emoji-fully-qualified	2	2	4	vulcan salute: light skin tone
1F596+1F3FC	emoji-fully-qualified	2	2	4	vulcan salute: medium-light skin tone
1F596+1F3FD	emoji-fully-qualified	2	2	4	vulcan salute: medium skin tone
1F596+1F3FE	emoji-fully-qualified	2	2	4	vulcan salute: medium-dark skin tone
1F596+1F3FF	emoji-fully-qualified	2	2	4	vulcan salute: dark skin tone
1FAF1	emoji-fully-qualified	2	2	2	rightwards hand
1FAF1+1F3FB	emoji-fully-qualified	2	2	4	rightwards hand: light skin tone
1FAF1+1F3FC	emoji-fully-qualified	2	2	4	rightwards hand: medium-light skin tone
1FAF1+1F3FD	emoji-fully-qualified	2	2	4	rightwards hand: medium skin tone
1FAF1+1F3FE	emoji-fully-qualified	2	2	4	rightwards hand: medium-dark skin tone
1FAF1+1F3FF	emoji-fully-qualified	2	2	4	rightwards hand: dark skin tone
1FAF2	emoji-fully-qualified	2	2	2	leftwards hand
1FAF2+1F3FB	emoji-fully-qualified	2	2	4	leftwards hand: light skin tone
1FAF2+1F3FC	emoji-fully-qualified	2	2	4	leftwards hand: medium-light skin tone
1FAF2+1F3FD	emoji-fully-qualified	2	2	4	leftwards hand: medium skin tone
1FAF2+1F3FE	emoji-fully-qualified	2	2	4	leftwards hand: medium-dark skin tone
1FAF2+1F3FF	emoji-fully-qualified	2	2	4	leftwards hand: dark skin tone
1FAF3	emoji-fully-qualified	2	2	2	palm down hand
1FAF3+1F3FB	emoji-fully-qualified	2	2	4	palm down hand: light skin tone
1FAF3+1F3FC	emoji-fully-qualified	2	2	4	palm down hand: medium-light skin tone
1FAF3+1F3FD	emoji-fully-qualified	2	2	4	palm down hand: medium skin tone
1FAF3+1F3FE	emoji-fully-qualified	2	2	4	palm down hand: medium-dark skin tone
1FAF3+1F3FF	emoji-fully-qualified	2	2	4	palm down hand: dark skin tone
1FAF4	emoji-fully-qualified	2	2	2	palm up hand
1FAF4+1F3FB	emoji-fully-qualified	2	2	4	palm up hand: light skin tone
1FAF4+1F3FC	emoji-fully-qualified	2	2	4	palm up hand: medium-light skin tone
1FAF4+1F3FD	emoji-fully-qualified	2	2	4	palm up hand: medium skin tone
1FAF4+1F3FE	emoji-fully-qualified	2	2	4	palm up hand: medium-dark skin tone
1FAF4+1F3FF	emoji-fully-qualified	2	2	4	palm up hand: dark skin tone
1FAF7	emoji-fully-qualified	2	2	2	leftwards pushing hand
1FAF7+1F3FB	emoji-fully-qualified	2	2	4	leftwards pushing hand: light skin tone
1FAF7+1F3FC	emoji-fully-qualified	2	2	4	leftwards pushing hand: medium-light skin tone
1FAF7+1F3FD	emoji-fully-qualified	2	2	4	leftwards pushing hand: medium skin tone
1FAF7+1F3FE	emoji-fully-qualified	2	2	4	leftwards pushing hand: medium-dark skin tone
1FAF7+1F3FF	emoji-fully-qualified	2	2	4	leftwards pushing hand: dark skin tone
1FAF8	emoji-fully-qualified	2	2	2	rightwards pushing hand
1FAF8+1F3FB	emoji-fully-qualified	2	2	4	rightwards pushing hand: light skin tone
1FAF8+1F3FC	emoji-fully-qualified	2	2	4	rightwards pushing hand: medium-light skin tone
1FAF8+1F3FD	emoji-fully-qualified	2	2	4	rightwards pushing hand: medium skin tone
1FAF8+1F3FE	emoji-fully-qualified	2	2	4	rightwards pushing hand: medium-dark skin tone
1FAF8+1F3FF	emoji-fully-qualified	2	2	4	rightwards pushing hand: dark skin tone
1F44C	emoji-fully-qualified	2	2	2	OK hand
1F44C+1F3FB	emoji-fully-qualified	2	2	4	OK hand: light skin tone
1F44C+1F3FC	emoji-fully-qualified	2	2	4	OK hand: medium-light skin tone
1F44C+1F3FD	emoji-fully-qualified	2	2	4	OK hand: medium skin tone
1F44C+1F3FE	emoji-fully-qualified	2	2	4	OK hand: medium-dark skin tone
1F44C+1F3FF	emoji-fully-qualified	2	2	4	OK hand: dark skin tone
1F90C	emoji-fully-qualified	2	2	2	pinched fingers
1F90C+1F3FB	emoji-fully-qualified	2	2	4	pinched fingers: light skin tone
1F90C+1F3FC	emoji-fully-qualified	2	2	4	pinched fingers: medium-light skin tone
1F90C+1F3FD	emoji-fully-qualified	2	2	4	pinched fingers: medium skin tone
1F90C+1F3FE	emoji-fully-qualified	2	2	4	pinched fingers: medium-dark skin tone
1F90C+1F3FF	emoji-fully-qualified	2	2	4	pinched fingers: dark skin tone
1F90F	emoji-fully-qualified	2	2	2	pinching hand
1F90F+1F3FB	emoji-fully-qualified	2	2	4	pinching hand: light skin tone
1F90F+1F3FC	emoji-fully-qualified	2	2	4	pinching hand: medium-light skin tone
1F90F+1F3FD	emoji-fully-qualified	2	2	4	pinching hand: medium skin tone
1F90F+1F3FE	emoji-fully-qualified	2	2	4	pinching hand: medium-dark skin tone
1F90F+1F3FF	emoji-fully-qualified	2	2	4	pinching hand: dark skin tone
270C+FE0F	emoji-fully-qualified	2	2	1	victory hand
270C	emoji-unqualified	2	1	1	victory hand
270C+1F3FB	emoji-fully-qualified	2	1	3	victory hand: light skin tone
270C+1F3FC	emoji-fully-qualified	2	1	3	victory hand: medium-light skin tone
270C+1F3FD	emoji-fully-qualified	2	1	3	victory hand: medium skin tone
270C+1F3FE	emoji-fully-qualified	2	1	3	victory hand: medium-dark skin tone
270C+1F3FF	emoji-fully-qualified	2	1	3	victory hand: dark skin tone
1F91E	emoji-fully-qualified	2	2	2	crossed fingers
1F91E+1F3FB	emoji-fully-qualified	2	2	4	crossed fingers: light skin tone
1F91E+1F3FC	emoji-fully-qualified	2	2	4	crossed fingers: medium-light skin tone
1F91E+1F3FD	emoji-fully-qualified	2	2	4	crossed fingers: medium skin tone
1F91E+1F3FE	emoji-fully-qualified	2	2	4	crossed fingers: medium-dark skin tone
1F91E+1F3FF	emoji-fully-qualified	2	2	4	crossed fingers: dark skin tone
1FAF0	emoji-fully-qualified	2	2	2	hand with index finger and thumb crossed
1FAF0+1F3FB	emoji-fully-qualified	2	2	4	hand with index finger and thumb crossed: light skin tone
1FAF0+1F3FC	emoji-fully-qualified	2	2	4	hand with index finger and thumb crossed: medium-light skin tone
1FAF0+1F3FD	emoji-fully-qualified	2	2	4	hand with index finger and thumb crossed: medium skin tone
1FAF0+1F3FE	emoji-fully-qualified	2	2	4	hand with index finger and thumb crossed: medium-dark skin tone
1FAF0+1F3FF	emoji-fully-qualified	2	2	4	hand with index finger and thumb crossed: dark skin tone
1F91F	emoji-fully-qualified	2	2	2	love-you gesture
1F91F+1F3FB	emoji-fully-qualified	2	2	4	love-you gesture: light skin tone
1F91F+1F3FC	emoji-fully-qualified	2	2	4	love-you gesture: medium-light skin tone
1F91F+1F3FD	emoji-fully-qualified	2	2	4	love-you gesture: medium skin tone
1F91F+1F3FE	emoji-fully-qualified	2	2	4	love-you gesture: medium-dark skin tone
1F91F+1F3FF	emoji-fully-qualified	2	2	4	love-you gesture: dark skin tone
1F918	emoji-fully-qualified	2	2	2	sign of the horns
1F918+1F3FB	emoji-fully-qualified	2	2	4	sign of the horns: light skin tone
1F918+1F3FC	emoji-fully-qualified	2	2	4	sign of the horns: medium-light skin tone
1F918+1F3FD	emoji-fully-qualified	2	2	4	sign of the horns: medium skin tone
1F918+1F3FE	emoji-fully-qualified	2	2	4	sign of the horns: medium-dark skin tone
1F918+1F3FF	emoji-fully-qualified	2	2	4	sign of the horns: dark skin tone
1F919	emoji-fully-qualified	2	2	2	call me hand
1F919+1F3FB	emoji-fully-qualified	2	2	4	call me hand: light skin tone
1F919+1F3FC	emoji-fully-qualified	2	2	4	call me hand: medium-light skin tone
1F919+1F3FD	emoji-fully-qualified	2	2	4	call me hand: medium skin tone
1F919+1F3FE	emoji-fully-qualified	2	2	4	call me hand: medium-dark skin tone
1F919+1F3FF	emoji-fully-qualified	2	2	4	call me hand: dark skin tone
1F448	emoji-fully-qualified	2	2	2	backhand index pointing left
1F448+1F3FB	emoji-fully-qualified	2	2	4	backhand index pointing left: light skin tone
1F448+1F3FC	emoji-fully-qualified	2	2	4	backhand index pointing left: medium-light skin tone
1F448+1F3FD	emoji-fully-qualified	2	2	4	backhand index pointing left: medium skin tone
1F448+1F3FE	emoji-fully-qualified	2	2	4	backhand index pointing left: medium-dark skin tone
1F448+1F3FF	emoji-fully-qualified	2	2	4	backhand index pointing left: dark skin tone
1F449	emoji-fully-qualified	2	2	2	backhand index pointing right
1F449+1F3FB	emoji-fully-qualified	2	2	4	backhand index pointing right: light skin tone
1F449+1F3FC	emoji-fully-qualified	2	2	4	backhand index pointing right: medium-light skin tone
1F449+1F3FD	emoji-fully-qualified	2	2	4	backhand index pointing right: medium skin tone
1F449+1F3FE	emoji-fully-qualified	2	2	4	backhand index pointing right: medium-dark skin tone
1F449+1F3FF	emoji-fully-qualified	2	2	4	backhand index pointing right: dark skin tone
1F446	emoji-fully-qualified	2	2	2	backhand index pointing up
1F446+1F3FB	emoji-fully-qualified	2	2	4	backhand index pointing up: light skin tone
1F446+1F3FC	emoji-fully-qualified	2	2	4	backhand index pointing up: medium-light skin tone
1F446+1F3FD	emoji-fully-qualified	2	2	4	backhand index pointing up: medium skin tone
1F446+1F3FE	emoji-fully-qualified	2	2	4	backhand index pointing up: medium-dark skin tone
1F446+1F3FF	emoji-fully-qualified	2	2	4	backhand index pointing up: dark skin tone
1F595	emoji-fully-qualified	2	2	2	middle finger
1F595+1F3FB	emoji-fully-qualified	2	2	4	middle finger: light skin tone
1F595+1F3FC	emoji-fully-qualified	2	2	4	middle finger: medium-light skin tone
1F595+1F3FD	emoji-fully-qualified	2	2	4	middle finger: medium skin tone
1F595+1F3FE	emoji-fully-qualified	2	2	4	middle finger: medium-dark skin tone
1F595+1F3FF	emoji-fully-qualified	2	2	4	middle finger: dark skin tone
1F447	emoji-fully-qualified	2	2	2	backhand index pointing down
1F447+1F3FB	emoji-fully-qualified	2	2	4	backhand index pointing down: light skin tone
1F447+1F3FC	emoji-fully-qualified	2	2	4	backhand index pointing down: medium-light skin tone
1F447+1F3FD	emoji-fully-qualified	2	2	4	backhand index pointing down: medium skin tone
1F447+1F3FE	emoji-fully-qualified	2	2	4	backhand index pointing down: medium-dark skin tone
1F447+1F3FF	emoji-fully-qualified	2	2	4	backhand index pointing down: dark skin tone
261D+FE0F	emoji-fully-qualified	2	2	1	index pointing up
261D	emoji-unqualified	2	1	1	index pointing up
261D+1F3FB	emoji-fully-qualified	2	1	3	index pointing up: light skin tone
261D+1F3FC	emoji-fully-qualified	2	1	3	index pointing up: medium-light skin tone
261D+1F3FD	emoji-fully-qualified	2	1	3	index pointing up: medium skin tone
261D+1F3FE	emoji-fully-qualified	2	1	3	index pointing up: medium-dark skin tone
261D+1F3FF	emoji-fully-qualified	2	1	3	index pointing up: dark skin tone
1FAF5	emoji-fully-qualified	2	2	2	index pointing at the viewer
1FAF5+1F3FB	emoji-fully-qualified	2	2	4	index pointing at the viewer: light skin tone
1FAF5+1F3FC	emoji-fully-qualified	2	2	4	index pointing at the viewer: medium-light skin tone
1FAF5+1F3FD	emoji-fully-qualified	2	2	4	index pointing at the viewer: medium skin tone
1FAF5+1F3FE	emoji-fully-qualified	2	2	4	index pointing at the viewer: medium-dark skin tone
1FAF5+1F3FF	emoji-fully-qualified	2	2	4	index pointing at the viewer: dark skin tone
1F44D+1F3FB	emoji-fully-qualified	2	2	4	thumbs up: light skin tone
1F44D+1F3FC	emoji-fully-qualified	2	2	4	thumbs up: medium-light skin tone
1F44D+1F3FE	emoji-fully-qualified	2	2	4	thumbs up: medium-dark skin tone
1F44D+1F3FF	emoji-fully-qualified	2	2	4	thumbs up: dark skin tone
1F44E	emoji-fully-qualified	2	2	2	thumbs down
1F44E+1F3FB	emoji-fully-qualified	2	2	4	thumbs down: light skin tone
1F44E+1F3FC	emoji-fully-qualified	2	2	4	thumbs down: medium-light skin tone
1F44E+1F3FD	emoji-fully-qualified	2	2	4	thumbs down: medium skin tone
1F44E+1F3FE	emoji-fully-qualified	2	2	4	thumbs down: medium-dark skin tone
1F44E+1F3FF	emoji-fully-qualified	2	2	4	thumbs down: dark skin tone
270A	emoji-fully-qualified	2	2	2	raised fist
270A+1F3FB	emoji-fully-qualified	2	2	4	raised fist: light skin tone
270A+1F3FC	emoji-fully-qualified	2	2	4	raised fist: medium-light skin tone
270A+1F3FD	emoji-fully-qualified	2	2	4	raised fist: medium skin tone
270A+1F3FE	emoji-fully-qualified	2	2	4	raised fist: medium-dark skin tone
270A+1F3FF	emoji-fully-qualified	2	2	4	raised fist: dark skin tone
1F44A	emoji-fully-qualified	2	2	2	oncoming fist
1F44A+1F3FB	emoji-fully-qualified	2	2	4	oncoming fist: light skin tone
1F44A+1F3FC	emoji-fully-qualified	2	2	4	oncoming fist: medium-light skin tone
1F44A+1F3FD	emoji-fully-qualified	2	2	4	oncoming fist: medium skin tone
1F44A+1F3FE	emoji-fully-qualified	2	2	4	oncoming fist: medium-dark skin tone
1F44A+1F3FF	emoji-fully-qualified	2	2	4	oncoming fist: dark skin tone
1F91B	emoji-fully-qualified	2	2	2	left-facing fist
1F91B+1F3FB	emoji-fully-qualified	2	2	4	left-facing fist: light skin tone
1F91B+1F3FC	emoji-fully-qualified	2	2	4	left-facing fist: medium-light skin tone
1F91B+1F3FD	emoji-fully-qualified	2	2	4	left-facing fist: medium skin tone
1F91B+1F3FE	emoji-fully-qualified	2	2	4	left-facing fist: medium-dark skin tone
1F91B+1F3FF	emoji-fully-qualified	2	2	4	left-facing fist: dark skin tone
1F91C	emoji-fully-qualified	2	2	2	right-facing fist
1F91C+1F3FB	emoji-fully-qualified	2	2	4	right-facing fist: light skin tone
1F91C+1F3FC	emoji-fully-qualified	2	2	4	right-facing fist: medium-light skin tone
1F91C+1F3FD	emoji-fully-qualified	2	2	4	right-facing fist: medium skin tone
1F91C+1F3FE	emoji-fully-qualified	2	2	4	right-facing fist: medium-dark skin tone
1F91C+1F3FF	emoji-fully-qualified	2	2	4	right-facing fist: dark skin tone
1F44F	emoji-fully-qualified	2	2	2	clapping hands
1F44F+1F3FB	emoji-fully-qualified	2	2	4	clapping hands: light skin tone
1F44F+1F3FC	emoji-fully-qualified	2	2	4	clapping hands: medium-light skin tone
1F44F+1F3FD	emoji-fully-qualified	2	2	4	clapping hands: medium skin tone
1F44F+1F3FE	emoji-fully-qualified	2	2	4	clapping hands: medium-dark skin tone
1F44F+1F3FF	emoji-fully-qualified	2	2	4	clapping hands: dark skin tone
1F64C	emoji-fully-qualified	2	2	2	raising hands
1F64C+1F3FB	emoji-fully-qualified	2	2	4	raising hands: light skin tone
1F64C+1F3FC	emoji-fully-qualified	2	2	4	raising hands: medium-light skin tone
1F64C+1F3FD	emoji-fully-qualified	2	2	4	raising hands: medium skin tone
1F64C+1F3FE	emoji-fully-qualified	2	2	4	raising hands: medium-dark skin tone
1F64C+1F3FF	emoji-fully-qualified	2	2	4	raising hands: dark skin tone
1FAF6	emoji-fully-qualified	2	2	2	heart hands
1FAF6+1F3FB	emoji-fully-qualified	2	2	4	heart hands: light skin tone
1FAF6+1F3FC	emoji-fully-qualified	2	2	4	heart hands: medium-light skin tone
1FAF6+1F3FD	emoji-fully-qualified	2	2	4	heart hands: medium skin tone
1FAF6+1F3FE	emoji-fully-qualified	2	2	4	heart hands: medium-dark skin tone
1FAF6+1F3FF	emoji-fully-qualified	2	2	4	heart hands: dark skin tone
1F450	emoji-fully-qualified	2	2	2	open hands
1F450+1F3FB	emoji-fully-qualified	2	2	4	open hands: light skin tone
1F450+1F3FC	emoji-fully-qualified	2	2	4	open hands: medium-light skin tone
1F450+1F3FD	emoji-fully-qualified	2	2	4	open hands: medium skin tone
1F450+1F3FE	emoji-fully-qualified	2	2	4	open hands: medium-dark skin tone
1F450+1F3FF	emoji-fully-qualified	2	2	4	open hands: dark skin tone
1F932	emoji-fully-qualified	2	2	2	palms up together
1F932+1F3FB	emoji-fully-qualified	2	2	4	palms up together: light skin tone
1F932+1F3FC	emoji-fully-qualified	2	2	4	palms up together: medium-light skin tone
1F932+1F3FD	emoji-fully-qualified	2	2	4	palms up together: medium skin tone
1F932+1F3FE	emoji-fully-qualified	2	2	4	palms up together: medium-dark skin tone
1F932+1F3FF	emoji-fully-qualified	2	2	4	palms up together: dark skin tone
1F91D	emoji-fully-qualified	2	2	2	handshake
1F91D+1F3FB	emoji-fully-qualified	2	2	4	handshake: light skin tone
1F91D+1F3FC	emoji-fully-qualified	2	2	4	handshake: medium-light skin tone
1F91D+1F3FD	emoji-fully-qualified	2	2	4	handshake: medium skin tone
1F91D+1F3FE	emoji-fully-qualified	2	2	4	handshake: medium-dark skin tone
1F91D+1F3FF	emoji-fully-qualified	2	2	4	handshake: dark skin tone
1FAF1+1F3FB+200D+1FAF2+1F3FC	emoji-fully-qualified	2	2	9	handshake: light skin tone, medium-light skin tone
1FAF1+1F3FB+200D+1FAF2+1F3FD	emoji-fully-qualified	2	2	9	handshake: light skin tone, medium skin tone
1FAF1+1F3FB+200D+1FAF2+1F3FE	emoji-fully-qualified	2	2	9	handshake: light skin tone, medium-dark skin tone
1FAF1+1F3FB+200D+1FAF2+1F3FF	emoji-fully-qualified	2	2	9	handshake: light skin tone, dark skin tone
1FAF1+1F3FC+200D+1FAF2+1F3FB	emoji-fully-qualified	2	2	9	handshake: medium-light skin tone, light skin tone
1FAF1+1F3FC+200D+1FAF2+1F3FD	emoji-fully-qualified	2	2	9	handshake: medium-light skin tone, medium skin tone
1FAF1+1F3FC+200D+1FAF2+1F3FE	emoji-fully-qualified	2	2	9	handshake: medium-light skin tone, medium-dark skin tone
1FAF1+1F3FC+200D+1FAF2+1F3FF	emoji-fully-qualified	2	2	9	handshake: medium-light skin tone, dark skin tone
1FAF1+1F3FD+200D+1FAF2+1F3FB	emoji-fully-qualified	2	2	9	handshake: medium skin tone, light skin tone
1FAF1+1F3FD+200D+1FAF2+1F3FC	emoji-fully-qualified	2	2	9	handshake: medium skin tone, medium-light skin tone
1FAF1+1F3FD+200D+1FAF2+1F3FE	emoji-fully-qualified	2	2	9	handshake: medium skin tone, medium-dark skin tone
1FAF1+1F3FD+200D+1FAF2+1F3FF	emoji-fully-qualified	2	2	9	handshake: medium skin tone, dark skin tone
1FAF1+1F3FE+200D+1FAF2+1F3FB	emoji-fully-qualified	2	2	9	handshake: medium-dark skin tone, light skin tone
1FAF1+1F3FE+200D+1FAF2+1F3FC	emoji-fully-qualified	2	2	9	handshake: medium-dark skin tone, medium-light skin tone
1FAF1+1F3FE+200D+1FAF2+1F3FD	emoji-fully-qualified	2	2	9	handshake: medium-dark skin tone, medium skin tone
1FAF1+1F3FE+200D+1FAF2+1F3FF	emoji-fully-qualified	2	2	9	handshake: medium-dark skin tone, dark skin tone
1FAF1+1F3FF+200D+1FAF2+1F3FB	emoji-fully-qualified	2	2	9	handshake: dark skin tone, light skin tone
1FAF1+1F3FF+200D+1FAF2+1F3FC	emoji-fully-qualified	2	2	9	handshake: dark skin tone, medium-light skin tone
1FAF1+1F3FF+200D+1FAF2+1F3FD	emoji-fully-qualified	2	2	9	handshake: dark skin tone, medium skin tone
1FAF1+1F3FF+200D+1FAF2+1F3FE	emoji-fully-qualified	2	2	9	handshake: dark skin tone, medium-dark skin tone
1F64F	emoji-fully-qualified	2	2	2	folded hands
1F64F+1F3FB	emoji-fully-qualified	2	2	4	folded hands: light skin tone
1F64F+1F3FC	emoji-fully-qualified	2	2	4	folded hands: medium-light skin tone
1F64F+1F3FD	emoji-fully-qualified	2	2	4	folded hands: medium skin tone
1F64F+1F3FE	emoji-fully-qualified	2	2	4	folded hands: medium-dark skin tone
1F64F+1F3FF	emoji-fully-qualified	2	2	4	folded hands: dark skin tone
270D+FE0F	emoji-fully-qualified	2	2	1	writing hand
270D	emoji-unqualified	2	1	1	writing hand
270D+1F3FB	emoji-fully-qualified	2	1	3	writing hand: light skin tone
270D+1F3FC	emoji-fully-qualified	2	1	3	writing hand: medium-light skin tone
270D+1F3FD	emoji-fully-qualified	2	1	3	writing hand: medium skin tone
270D+1F3FE	emoji-fully-qualified	2	1	3	writing hand: medium-dark skin tone
270D+1F3FF	emoji-fully-qualified	2	1	3	writing hand: dark skin tone
1F485	emoji-fully-qualified	2	2	2	nail polish
1F485+1F3FB	emoji-fully-qualified	2	2	4	nail polish: light skin tone
1F485+1F3FC	emoji-fully-qualified	2	2	4	nail polish: medium-light skin tone
1F485+1F3FD	emoji-fully-qualified	2	2	4	nail polish: medium skin tone
1F485+1F3FE	emoji-fully-qualified	2	2	4	nail polish: medium-dark skin tone
1F485+1F3FF	emoji-fully-qualified	2	2	4	nail polish: dark skin tone
1F933	emoji-fully-qualified	2	2	2	selfie
1F933+1F3FB	emoji-fully-qualified	2	2	4	selfie: light skin tone
1F933+1F3FC	emoji-fully-qualified	2	2	4	selfie: medium-light skin tone
1F933+1F3FD	emoji-fully-qualified	2	2	4	selfie: medium skin tone
1F933+1F3FE	emoji-fully-qualified	2	2	4	selfie: medium-dark skin tone
1F933+1F3FF	emoji-fully-qualified	2	2	4	selfie: dark skin tone
1F4AA	emoji-fully-qualified	2	2	2	flexed biceps
1F4AA+1F3FB	emoji-fully-qualified	2	2	4	flexed biceps: light skin tone
1F4AA+1F3FC	emoji-fully-qualified	2	2	4	flexed biceps: medium-light skin tone
1F4AA+1F3FD	emoji-fully-qualified	2	2	4	flexed biceps: medium skin tone
1F4AA+1F3FE	emoji-fully-qualified	2	2	4	flexed biceps: medium-dark skin tone
1F4AA+1F3FF	emoji-fully-qualified	2	2	4	flexed biceps: dark skin tone
1F9BE	emoji-fully-qualified	2	2	2	mechanical arm
1F9BF	emoji-fully-qualified	2	2	2	mechanical leg
1F9B5	emoji-fully-qualified	2	2	2	leg
1F9B5+1F3FB	emoji-fully-qualified	2	2	4	leg: light skin tone
1F9B5+1F3FC	emoji-fully-qualified	2	2	4	leg: medium-light skin tone
1F9B5+1F3FD	emoji-fully-qualified	2	2	4	leg: medium skin tone
1F9B5+1F3FE	emoji-fully-qualified	2	2	4	leg: medium-dark skin tone
1F9B5+1F3FF	emoji-fully-qualified	2	2	4	leg: dark skin tone
1F9B6	emoji-fully-qualified	2	2	2	foot
1F9B6+1F3FB	emoji-fully-qualified	2	2	4	foot: light skin tone
1F9B6+1F3FC	emoji-fully-qualified	2	2	4	foot: medium-light skin tone
1F9B6+1F3FD	emoji-fully-qualified	2	2	4	foot: medium skin tone
1F9B6+1F3FE	emoji-fully-qualified	2	2	4	foot: medium-dark skin tone
1F9B6+1F3FF	emoji-fully-qualified	2	2	4	foot: dark skin tone
1F442	emoji-fully-qualified	2	2	2	ear
1F442+1F3FB	emoji-fully-qualified	2	2	4	ear: light skin tone
1F442+1F3FC	emoji-fully-qualified	2	2	4	ear: medium-light skin tone
1F442+1F3FD	emoji-fully-qualified	2	2	4	ear: medium skin tone
1F442+1F3FE	emoji-fully-qualified	2	2	4	ear: medium-dark skin tone
1F442+1F3FF	emoji-fully-qualified	2	2	4	ear: dark skin tone
1F9BB	emoji-fully-qualified	2	2	2	ear with hearing aid
1F9BB+1F3FB	emoji-fully-qualified	2	2	4	ear with hearing aid: light skin tone
1F9BB+1F3FC	emoji-fully-qualified	2	2	4	ear with hearing aid: medium-light skin tone
1F9BB+1F3FD	emoji-fully-qualified	2	2	4	ear with hearing aid: medium skin tone
1F9BB+1F3FE	emoji-fully-qualified	2	2	4	ear with hearing aid: medium-dark skin tone
1F9BB+1F3FF	emoji-fully-qualified	2	2	4	ear with hearing aid: dark skin tone
1F443	emoji-fully-qualified	2	2	2	nose
1F443+1F3FB	emoji-fully-qualified	2	2	4	nose: light skin tone
1F443+1F3FC	emoji-fully-qualified	2	2	4	nose: medium-light skin tone
1F443+1F3FD	emoji-fully-qualified	2	2	4	nose: medium skin tone
1F443+1F3FE	emoji-fully-qualified	2	2	4	nose: medium-dark skin tone
1F443+1F3FF	emoji-fully-qualified	2	2	4	nose: dark skin tone
1F9E0	emoji-fully-qualified	2	2	2	brain
1FAC0	emoji-fully-qualified	2	2	2	anatomical heart
1FAC1	emoji-fully-qualified	2	2	2	lungs
1F9B7	emoji-fully-qualified	2	2	2	tooth
1F9B4	emoji-fully-qualified	2	2	2	bone
1F440	emoji-fully-qualified	2	2	2	eyes
1F441+FE0F	emoji-fully-qualified	2	2	1	eye
1F441	emoji-unqualified	1	1	1	eye
1F445	emoji-fully-qualified	2	2	2	tongue
1F444	emoji-fully-qualified	2	2	2	mouth
1FAE6	emoji-fully-qualified	2	2	2	biting lip
1F476	emoji-fully-qualified	2	2	2	baby
1F476+1F3FB	emoji-fully-qualified	2	2	4	baby: light skin tone
1F476+1F3FC	emoji-fully-qualified	2	2	4	baby: medium-light skin tone
1F476+1F3FD	emoji-fully-qualified	2	2	4	baby: medium skin tone
1F476+1F3FE	emoji-fully-qualified	2	2	4	baby: medium-dark skin tone
1F476+1F3FF	emoji-fully-qualified	2	2	4	baby: dark skin tone
1F9D2	emoji-fully-qualified	2	2	2	child
1F9D2+1F3FB	emoji-fully-qualified	2	2	4	child: light skin tone
1F9D2+1F3FC	emoji-fully-qualified	2	2	4	child: medium-light skin tone
1F9D2+1F3FD	emoji-fully-qualified	2	2	4	child: medium skin tone
1F9D2+1F3FE	emoji-fully-qualified	2	2	4	child: medium-dark skin tone
1F9D2+1F3FF	emoji-fully-qualified	2	2	4	child: dark skin tone
1F466	emoji-fully-qualified	2	2	2	boy
1F466+1F3FB	emoji-fully-qualified	2	2	4	boy: light skin tone
1F466+1F3FC	emoji-fully-qualified	2	2	4	boy: medium-light skin tone
1F466+1F3FD	emoji-fully-qualified	2	2	4	boy: medium skin tone
1F466+1F3FE	emoji-fully-qualified	2	2	4	boy: medium-dark skin tone
1F466+1F3FF	emoji-fully-qualified	2	2	4	boy: dark skin tone
1F467	emoji-fully-qualified	2	2	2	girl
1F467+1F3FB	emoji-fully-qualified	2	2	4	girl: light skin tone
1F467+1F3FC	emoji-fully-qualified	2	2	4	girl: medium-light skin tone
1F467+1F3FD	emoji-fully-qualified	2	2	4	girl: medium skin tone
1F467+1F3FE	emoji-fully-qualified	2	2	4	girl: medium-dark skin tone
1F467+1F3FF	emoji-fully-qualified	2	2	4	girl: dark skin tone
1F9D1	emoji-fully-qualified	2	2	2	person
1F9D1+1F3FB	emoji-fully-qualified	2	2	4	person: light skin tone
1F9D1+1F3FC	emoji-fully-qualified	2	2	4	person: medium-light skin tone
1F9D1+1F3FD	emoji-fully-qualified	2	2	4	person: medium skin tone
1F9D1+1F3FE	emoji-fully-qualified	2	2	4	person: medium-dark skin tone
1F9D1+1F3FF	emoji-fully-qualified	2	2	4	person: dark skin tone
1F471	emoji-fully-qualified	2	2	2	person: blond hair
1F471+1F3FB	emoji-fully-qualified	2	2	4	person: light skin tone, blond hair
1F471+1F3FC	emoji-fully-qualified	2	2	4	person: medium-light skin tone, blond hair
1F471+1F3FD	emoji-fully-qualified	2	2	4	person: medium skin tone, blond hair
1F471+1F3FE	emoji-fully-qualified	2	2	4	person: medium-dark skin tone, blond hair
1F471+1F3FF	emoji-fully-qualified	2	2	4	person: dark skin tone, blond hair
1F468	emoji-fully-qualified	2	2	2	man
1F468+1F3FB	emoji-fully-qualified	2	2	4	man: light skin tone
1F468+1F3FC	emoji-fully-qualified	2	2	4	man: medium-light skin tone
1F468+1F3FD	emoji-fully-qualified	2	2	4	man: medium skin tone
1F468+1F3FE	emoji-fully-qualified	2	2	4	man: medium-dark skin tone
1F468+1F3FF	emoji-fully-qualified	2	2	4	man: dark skin tone
1F9D4	emoji-fully-qualified	2	2	2	person: beard
1F9D4+1F3FB	emoji-fully-qualified	2	2	4	person: light skin tone, beard
1F9D4+1F3FC	emoji-fully-qualified	2	2	4	person: medium-light skin tone, beard
1F9D4+1F3FD	emoji-fully-qualified	2	2	4	person: medium skin tone, beard
1F9D4+1F3FE	emoji-fully-qualified	2	2	4	person: medium-dark skin tone, beard
1F9D4+1F3FF	emoji-fully-qualified	2	2	4	person: dark skin tone, beard
1F9D4+200D+2642+FE0F	emoji-fully-qualified	2	2	4	man: beard
1F9D4+200D+2642	emoji-minimally-qualified	2	2	4	man: beard
1F9D4+1F3FB+200D+2642+FE0F	emoji-fully-qualified	2	2	6	man: light skin tone, beard
1F9D4+1F3FB+200D+2642	emoji-minimally-qualified	2	2	6	man: light skin tone, beard
1F9D4+1F3FC+200D+2642+FE0F	emoji-fully-qualified	2	2	6	man: medium-light skin tone, beard
1F9D4+1F3FC+200D+2642	emoji-minimally-qualified	2	2	6	man: medium-light skin tone, beard
1F9D4+1F3FD+200D+2642+FE0F	emoji-fully-qualified	2	2	6	man: medium skin tone, beard
1F9D4+1F3FD+200D+2642	emoji-minimally-qualified	2	2	6	man: medium skin tone, beard
1F9D4+1F3FE+200D+2642+FE0F	emoji-fully-qualified	2	2	6	man: medium-dark skin tone, beard
1F9D4+1F3FE+200D+2642	emoji-minimally-qualified	2	2	6	man: medium-dark skin tone, beard
1F9D4+1F3FF+200D+2642+FE0F	emoji-fully-qualified	2	2	6	man: dark skin tone, beard
1F9D4+1F3FF+200D+2642	emoji-minimally-qualified	2	2	6	man: dark skin tone, beard
1F9D4+200D+2640+FE0F	emoji-fully-qualified	2	2	4	woman: beard
1F9D4+200D+2640	emoji-minimally-qualified	2	2	4	woman: beard
1F9D4+1F3FB+200D+2640+FE0F	emoji-fully-qualified	2	2	6	woman: light skin tone, beard
1F9D4+1F3FB+200D+2640	emoji-minimally-qualified	2	2	6	woman: light skin tone, beard
1F9D4+1F3FC+200D+2640+FE0F	emoji-fully-qualified	2	2	6	woman: medium-light skin tone, beard
1F9D4+1F3FC+200D+2640	emoji-minimally-qualified	2	2	6	woman: medium-light skin tone, beard
1F9D4+1F3FD+200D+2640+FE0F	emoji-fully-qualified	2	2	6	woman: medium skin tone, beard
1F9D4+1F3FD+200D+2640	emoji-minimally-qualified	2	2	6	woman: medium skin tone, beard
1F9D4+1F3FE+200D+2640+FE0F	emoji-fully-qualified	2	2	6	woman: medium-dark skin tone, beard
1F9D4+1F3FE+200D+2640	emoji-minimally-qualified	2	2	6	woman: medium-dark skin tone, beard
1F9D4+1F3FF+200D+2640+FE0F	emoji-fully-qualified	2	2	6	woman: dark skin tone, beard
1F9D4+1F3FF+200D+2640	emoji-minimally-qualified	2	2	6	woman: dark skin tone, beard
1F468+200D+1F9B0	emoji-fully-qualified	2	2	5	man: red hair
1F468+1F3FB+200D+1F9B0	emoji-fully-qualified	2	2	7	man: light skin tone, red hair
1F468+1F3FC+200D+1F9B0	emoji-fully-qualified	2	2	7	man: medium-light skin tone, red hair
1F468+1F3FD+200D+1F9B0	emoji-fully-qualified	2	2	7	man: medium skin tone, red hair
1F468+1F3FE+200D+1F9B0	emoji-fully-qualified	2	2	7	man: medium-dark skin tone, red hair
1F468+1F3FF+200D+1F9B0	emoji-fully-qualified	2	2	7	man: dark skin tone, red hair
1F468+200D+1F9B1	emoji-fully-qualified	2	2	5	man: curly hair
1F468+1F3FB+200D+1F9B1	emoji-fully-qualified	2	2	7	man: light skin tone, curly hair
1F468+1F3FC+200D+1F9B1	emoji-fully-qualified	2	2	7	man: medium-light skin tone, curly hair
1F468+1F3FD+200D+1F9B1	emoji-fully-qualified	2	2	7	man: medium skin tone, curly hair
1F468+1F3FE+200D+1F9B1	emoji-fully-qualified	2	2	7	man: medium-dark skin tone, curly hair
1F468+1F3FF+200D+1F9B1	emoji-fully-qualified	2	2	7	man: dark skin tone, curly hair
1F468+200D+1F9B3	emoji-fully-qualified	2	2	5	man: white hair
1F468+1F3FB+200D+1F9B3	emoji-fully-qualified	2	2	7	man: light skin tone, white hair
1F468+1F3FC+200D+1F9B3	emoji-fully-qualified	2	2	7	man: medium-light skin tone, white hair
1F468+1F3FD+200D+1F9B3	emoji-fully-qualified	2	2	7	man: medium skin tone, white hair
1F468+1F3FE+200D+1F9B3	emoji-fully-qualified	2	2	7	man: medium-dark skin tone, white hair
1F468+1F3FF+200D+1F9B3	emoji-fully-qualified	2	2	7	man: dark skin tone, white hair
1F468+200D+1F9B2	emoji-fully-qualified	2	2	5	man: bald
1F468+1F3FB+200D+1F9B2	emoji-fully-qualified	2	2	7	man: light skin tone, bald
1F468+1F3FC+200D+1F9B2	emoji-fully-qualified	2	2	7	man: medium-light skin tone, bald
1F468+1F3FD+200D+1F9B2	emoji-fully-qualified	2	2	7	man: medium skin tone, bald
1F468+1F3FE+200D+1F9B2	emoji-fully-qualified	2	2	7	man: medium-dark skin tone, bald
1F468+1F3FF+200D+1F9B2	emoji-fully-qualified	2	2	7	man: dark skin tone, bald
1F469	emoji-fully-qualified	2	2	2	woman
1F469+1F3FB	emoji-fully-qualified	2	2	4	woman: light skin tone
1F469+1F3FC	emoji-fully-qualified	2	2	4	woman: medium-light skin tone
1F469+1F3FD	emoji-fully-qualified	2	2	4	woman: medium skin tone
1F469+1F3FE	emoji-fully-qualified	2	2	4	woman: medium-dark skin tone
1F469+1F3FF	emoji-fully-qualified	2	2	4	woman: dark skin tone
1F469+200D+1F9B0	emoji-fully-qualified	2	2	5	woman: red hair
1F469+1F3FB+200D+1F9B0	emoji-fully-qualified	2	2	7	woman: light skin tone, red hair
1F469+1F3FC+200D+1F9B0	emoji-fully-qualified	2	2	7	woman: medium-light skin tone, red hair
1F469+1F3FD+200D+1F9B0	emoji-fully-qualified	2	2	7	woman: medium skin tone, red hair
1F469+1F3FE+200D+1F9B0	emoji-fully-qualified	2	2	7	woman: medium-dark skin tone, red hair
1F469+1F3FF+200D+1F9B0	emoji-fully-qualified	2	2	7	woman: dark skin tone, red hair
1F9D1+200D+1F9B0	emoji-fully-qualified	2	2	5	person: red hair
1F9D1+1F3FB+200D+1F9B0	emoji-fully-qualified	2	2	7	person: light skin tone, red hair
1F9D1+1F3FC+200D+1F9B0	emoji-fully-qualified	2	2	7	person: medium-light skin tone, red hair
1F9D1+1F3FD+200D+1F9B0	emoji-fully-qualified	2	2	7	person: medium skin tone, red hair
1F9D1+1F3FE+200D+1F9B0	emoji-fully-qualified	2	2	7	person: medium-dark skin tone, red hair
1F9D1+1F3FF+200D+1F9B0	emoji-fully-qualified	2	2	7	person: dark skin tone, red hair
1F469+200D+1F9B1	emoji-fully-qualified	2	2	5	woman: curly hair
1F469+1F3FB+200D+1F9B1	emoji-fully-qualified	2	2	7	woman: light skin tone, curly hair
1F469+1F3FC+200D+1F9B1	emoji-fully-qualified	2	2	7	woman: medium-light skin tone, curly hair
1F469+1F3FD+200D+1F9B1	emoji-fully-qualified	2	2	7	woman: medium skin tone, curly hair
1F469+1F3FE+200D+1F9B1	emoji-fully-qualified	2	2	7	woman: medium-dark skin tone, curly hair
1F469+1F3FF+200D+1F9B1	emoji-fully-qualified	2	2	7	woman: dark skin tone, curly hair
1F9D1+200D+1F9B1	emoji-fully-qualified	2	2	5	person: curly hair
1F9D1+1F3FB+200D+1F9B1	emoji-fully-qualified	2	2	7	person: light skin tone, curly hair
1F9D1+1F3FC+200D+1F9B1	emoji-fully-qualified	2	2	7	person: medium-light skin tone, curly hair
1F9D1+1F3FD+200D+1F9B1	emoji-fully-qualified	2	2	7	person: medium skin tone, curly hair
1F9D1+1F3FE+200D+1F9B1	emoji-fully-qualified	2	2	7	person: medium-dark skin tone, curly hair
1F9D1+1F3FF+200D+1F9B1	emoji-fully-qualified	2	2	7	person: dark skin tone, curly hair
1F469+200D+1F9B3	emoji-fully-qualified	2	2	5	woman: white hair
1F469+1F3FB+200D+1F9B3	emoji-fully-qualified	2	2	7	woman: light skin tone, white hair
1F469+1F3FC+200D+1F9B3	emoji-fully-qualified	2	2	7	woman: medium-light skin tone, white hair
1F469+1F3FD+200D+1F9B3	emoji-fully-qualified	2	2	7	woman: medium skin tone, white hair
1F469+1F3FE+200D+1F9B3	emoji-fully-qualified	2	2	7	woman: medium-dark skin tone, white hair
1F469+1F3FF+200D+1F9B3	emoji-fully-qualified	2	2	7	woman: dark skin tone, white hair
1F9D1+200D+1F9B3	emoji-fully-qualified	2	2	5	person: white hair
1F9D1+1F3FB+200D+1F9B3	emoji-fully-qualified	2	2	7	person: light skin tone, white hair
1F9D1+1F3FC+200D+1F9B3	emoji-fully-qualified	2	2	7	person: medium-light skin tone, white hair
1F9D1+1F3FD+200D+1F9B3	emoji-fully-qualified	2	2	7	person: medium skin tone, white hair
1F9D1+1F3FE+200D+1F9B3	emoji-fully-qualified	2	2	7	person: medium-dark skin tone, white hair
1F9D1+1F3FF+200D+1F9B3	emoji-fully-qualified	2	2	7	person: dark skin tone, white hair
1F469+200D+1F9B2	emoji-fully-qualified	2	2	5	woman: bald
1F469+1F3FB+200D+1F9B2	emoji-fully-qualified	2	2	7	woman: light skin tone, bald
1F469+1F3FC+200D+1F9B2	emoji-fully-qualified	2	2	7	woman: medium-light skin tone, bald
1F469+1F3FD+200D+1F9B2	emoji-fully-qualified	2	2	7	woman: medium skin tone, bald
1F469+1F3FE+200D+1F9B2	emoji-fully-qualified	2	2	7	woman: medium-dark skin tone, bald
1F469+1F3FF+200D+1F9B2	emoji-fully-qualified	2	2	7	woman: dark skin tone, bald
1F9D1+200D+1F9B2	emoji-fully-qualified	2	2	5	person: bald
1F9D1+1F3FB+200D+1F9B2	emoji-fully-qualified	2	2	7	person: light skin tone, bald
1F9D1+1F3FC+200D+1F9B2	emoji-fully-qualified	2	2	7	person: medium-light skin tone, bald
1F9D1+1F3FD+200D+1F9B2	emoji-fully-qualified	2	2	7	person: medium skin tone, bald
1F9D1+1F3FE+200D+1F9B2	emoji-fully-qualified	2	2	7	person: medium-dark skin tone, bald
1F9D1+1F3FF+200D+1F9B2	emoji-fully-qualified	2	2	7	person: dark skin tone, bald
1F471+200D+2640+FE0F	emoji-fully-qualified	2	2	4	woman: blond hair
1F471+200D+2640	emoji-minimally-qualified	2	2	4	woman: blond hair
1F471+1F3FB+200D+2640+FE0F	emoji-fully-qualified	2	2	6	woman: light skin tone, blond hair
1F471+1F3FB+200D+2640	emoji-minimally-qualified	2	2	6	woman: light skin tone, blond hair
1F471+1F3FC+200D+2640+FE0F	emoji-fully-qualified	2	2	6	woman: medium-light skin tone, blond hair
1F471+1F3FC+200D+2640	emoji-minimally-qualified	2	2	6	woman: medium-light skin tone, blond hair
1F471+1F3FD+200D+2640+FE0F	emoji-fully-qualified	2	2	6	woman: medium skin tone, blond hair
1F471+1F3FD+200D+2640	emoji-minimally-qualified	2	2	6	woman: medium skin tone, blond hair
1F471+1F3FE+200D+2640+FE0F	emoji-fully-qualified	2	2	6	woman: medium-dark skin tone, blond hair
1F471+1F3FE+200D+2640	emoji-minimally-qualified	2	2	6	woman: medium-dark skin tone, blond hair
1F471+1F3FF+200D+2640+FE0F	emoji-fully-qualified	2	2	6	woman: dark skin tone, blond hair
1F471+1F3FF+200D+2640	emoji-minimally-qualified	2	2	6	woman: dark skin tone, blond hair
1F471+200D+2642+FE0F	emoji-fully-qualified	2	2	4	man: blond hair
1F471+200D+2642	emoji-minimally-qualified	2	2	4	man: blond hair
1F471+1F3FB+200D+2642+FE0F	emoji-fully-qualified	2	2	6	man: light skin tone, blond hair
1F471+1F3FB+200D+2642	emoji-minimally-qualified	2	2	6	man: light skin tone, blond hair
1F471+1F3FC+200D+2642+FE0F	emoji-fully-qualified	2	2	6	man: medium-light skin tone, blond hair
1F471+1F3FC+200D+2642	emoji-minimally-qualified	2	2	6	man: medium-light skin tone, blond hair
1F471+1F3FD+200D+2642+FE0F	emoji-fully-qualified	2	2	6	man: medium skin tone, blond hair
1F471+1F3FD+200D+2642	emoji-minimally-qualified	2	2	6	man: medium skin tone, blond hair
1F471+1F3FE+200D+2642+FE0F	emoji-fully-qualified	2	2	6	man: medium-dark skin tone, blond hair
1F471+1F3FE+200D+2642	emoji-minimally-qualified	2	2	6	man: medium-dark skin tone, blond hair
1F471+1F3FF+200D+2642+FE0F	emoji-fully-qualified	2	2	6	man: dark skin tone, blond hair
1F471+1F3FF+200D+2642	emoji-minimally-qualified	2	2	6	man: dark skin tone, blond hair
1F9D3	emoji-fully-qualified	2	2	2	older person
1F9D3+1F3FB	emoji-fully-qualified	2	2	4	older person: light skin tone
1F9D3+1F3FC	emoji-fully-qualified	2	2	4	older person: medium-light skin tone
1F9D3+1F3FD	emoji-fully-qualified	2	2	4	older person: medium skin tone
1F9D3+1F3FE	emoji-fully-qualified	2	2	4	older person: medium-dark skin tone
1F9D3+1F3FF	emoji-fully-qualified	2	2	4	older person: dark skin tone
1F474	emoji-fully-qualified	2	2	2	old man
1F474+1F3FB	emoji-fully-qualified	2	2	4	old man: light skin tone
1F474+1F3FC	emoji-fully-qualified	2	2	4	old man: medium-light skin tone
1F474+1F3FD	emoji-fully-qualified	2	2	4	old man: medium skin tone
1F474+1F3FE	emoji-fully-qualified	2	2	4	old man: medium-dark skin tone
1F474+1F3FF	emoji-fully-qualified	2	2	4	old man: dark skin tone
1F475	emoji-fully-qualified	2	2	2	old woman
1F475+1F3FB	emoji-fully-qualified	2	2	4	old woman: light skin tone
1F475+1F3FC	emoji-fully-qualified	2	2	4	old woman: medium-light skin tone
1F475+1F3FD	emoji-fully-qualified	2	2	4	old woman: medium skin tone
1F475+1F3FE	emoji-fully-qualified	2	2	4	old woman: medium-dark skin tone
1F475+1F3FF	emoji-fully-qualified	2	2	4	old woman: dark skin tone
1F64D	emoji-fully-qualified	2	2	2	person frowning
1F64D+1F3FB	emoji-fully-qualified	2	2	4	person frowning: light skin tone
1F64D+1F3FC	emoji-fully-qualified	2	2	4	person frowning: medium-light skin tone
1F64D+1F3FD	emoji-fully-qualified	2	2	4	person frowning: medium skin tone
1F64D+1F3FE	emoji-fully-qualified	2	2	4	person frowning: medium-dark skin tone
1F64D+1F3FF	emoji-fully-qualified	2	2	4	person frowning: dark skin tone
1F64D+200D+2642+FE0F	emoji-fully-qualified	2	2	4	man frowning
1F64D+200D+2642	emoji-minimally-qualified	2	2	4	man frowning
1F64D+1F3FB+200D+2642+FE0F	emoji-fully-qualified	2	2	6	man frowning: light skin tone
1F64D+1F3FB+200D+2642	emoji-minimally-qualified	2	2	6	man frowning: light skin tone
1F64D+1F3FC+200D+2642+FE0F	emoji-fully-qualified	2	2	6	man frowning: medium-light skin tone
1F64D+1F3FC+200D+2642	emoji-minimally-qualified	2	2	6	man frowning: medium-light skin tone
1F64D+1F3FD+200D+2642+FE0F	emoji-fully-qualified	2	2	6	man frowning: medium skin tone
1F64D+1F3FD+200D+2642	emoji-minimally-qualified	2	2	6	man frowning: medium skin tone
1F64D+1F3FE+200D+2642+FE0F	emoji-fully-qualified	2	2	6	man frowning: medium-dark skin tone
1F64D+1F3FE+200D+2642	emoji-minimally-qualified	2	2	6	man frowning: medium-dark skin tone
1F64D+1F3FF+200D+2642+FE0F	emoji-fully-qualified	2	2	6	man frowning: dark skin tone
1F64D+1F3FF+200D+2642	emoji-minimally-qualified	2	2	6	man frowning: dark skin tone
1F64D+200D+2640+FE0F	emoji-fully-qualified	2	2	4	woman frowning
1F64D+200D+2640	emoji-minimally-qualified	2	2	4	woman frowning
1F64D+1F3FB+200D+2640+FE0F	emoji-fully-qualified	2	2	6	woman frowning: light skin tone
1F64D+1F3FB+200D+2640	emoji-minimally-qualified	2	2	6	woman frowning: light skin tone
1F64D+1F3FC+200D+2640+FE0F	emoji-fully-qualified	2	2	6	woman frowning: medium-light skin tone
1F64D+1F3FC+200D+2640	emoji-minimally-qualified	2	2	6	woman frowning: medium-light skin tone
1F64D+1F3FD+200D+2640+FE0F	emoji-fully-qualified	2	2	6	woman frowning: medium skin tone
1F64D+1F3FD+200D+2640	emoji-minimally-qualified	2	2	6	woman frowning: medium skin tone
1F64D+1F3FE+200D+2640+FE0F	emoji-fully-qualified	2	2	6	woman frowning: medium-dark skin tone
1F64D+1F3FE+200D+2640	emoji-minimally-qualified	2	2	6	woman frowning: medium-dark skin tone
1F64D+1F3FF+200D+2640+FE0F	emoji-fully-qualified	2	2	6	woman frowning: dark skin tone
1F64D+1F3FF+200D+2640	emoji-minimally-qualified	2	2	6	woman frowning: dark skin tone
1F64E	emoji-fully-qualified	2	2	2	person pouting
1F64E+1F3FB	emoji-fully-qualified	2	2	4	person pouting: light skin tone
1F64E+1F3FC	emoji-fully-qualified	2	2	4	person pouting: medium-light skin tone
1F64E+1F3FD	emoji-fully-qualified	2	2	4	person pouting: medium skin tone
1F64E+1F3FE	emoji-fully-qualified	2	2	4	person pouting: medium-dark skin tone
1F64E+1F3FF	emoji-fully-qualified	2	2	4	person pouting: dark skin tone
1F64E+200D+2642+FE0F	emoji-fully-qualified	2	2	4	man pouting
1F64E+200D+2642	emoji-minimally-qualified	2	2	4	man pouting
1F64E+1F3FB+200D+2642+FE0F	emoji-fully-qualified	2	2	6	man pouting: light skin tone
1F64E+1F3FB+200D+2642	emoji-minimally-qualified	2	2	6	man pouting: light skin tone
1F64E+1F3FC+200D+2642+FE0F	emoji-fully-qualified	2	2	6	man pouting: medium-light skin tone
1F64E+1F3FC+200D+2642	emoji-minimally-qualified	2	2	6	man pouting: medium-light skin tone
1F64E+1F3FD+200D+2642+FE0F	emoji-fully-qualified	2	2	6	man pouting: medium skin tone
1F64E+1F3FD+200D+2642	emoji-minimally-qualified	2	2	6	man pouting: medium skin tone
1F64E+1F3FE+200D+2642+FE0F	emoji-fully-qualified	2	2	6	man pouting: medium-dark skin tone
1F64E+1F3FE+200D+2642	emoji-minimally-qualified	2	2	6	man pouting: medium-dark skin tone
1F64E+1F3FF+200D+2642+FE0F	emoji-fully-qualified	2	2	6	man pouting: dark skin tone
1F64E+1F3FF+200D+2642	emoji-minimally-qualified	2	2	6	man pouting: dark skin tone
1F64E+200D+2640+FE0F	emoji-fully-qualified	2	2	4	woman pouting
1F64E+200D+2640	emoji-minimally-qualified	2	2	4	woman pouting
1F64E+1F3FB+200D+2640+FE0F	emoji-fully-qualified	2	2	6	woman pouting: light skin tone
1F64E+1F3FB+200D+2640	emoji-minimally-qualified	2	2	6	woman pouting: light skin tone
1F64E+1F3FC+200D+2640+FE0F	emoji-fully-qualified	2	2	6	woman pouting: medium-light skin tone
1F64E+1F3FC+200D+2640	emoji-minimally-qualified	2	2	6	woman pouting: medium-light skin tone
1F64E+1F3FD+200D+2640+FE0F	emoji-fully-qualified	2	2	6	woman pouting: medium skin tone
1F64E+1F3FD+200D+2640	emoji-minimally-qualified	2	2	6	woman pouting: medium skin tone
1F64E+1F3FE+200D+2640+FE0F	emoji-fully-qualified	2	2	6	woman pouting: medium-dark skin tone
1F64E+1F3FE+200D+2640	emoji-minimally-qualified	2	2	6	woman pouting: medium-dark skin tone
1F64E+1F3FF+200D+2640+FE0F	emoji-fully-qualified	2	2	6	woman pouting: dark skin tone
1F64E+1F3FF+200D+2640	emoji-minimally-qualified	2	2	6	woman pouting: dark skin tone
1F645	emoji-fully-qualified	2	2	2	person gesturing NO
1F645+1F3FB	emoji-fully-qualified	2	2	4	person gesturing NO: light skin tone
1F645+1F3FC	emoji-fully-qualified	2	2	4	person gesturing NO: medium-light skin tone
1F645+1F3FD	emoji-fully-qualified	2	2	4	person gesturing NO: medium skin tone
1F645+1F3FE	emoji-fully-qualified	2	2	4	person gesturing NO: medium-dark skin tone
1F645+1F3FF	emoji-fully-qualified	2	2	4	person gesturing NO: dark skin tone
1F645+200D+2642+FE0F	emoji-fully-qualified	2	2	4	man gesturing NO
1F645+200D+2642	emoji-minimally-qualified	2	2	4	man gesturing NO
1F645+1F3FB+200D+2642+FE0F	emoji-fully-qualified	2	2	6	man gesturing NO: light skin tone
1F645+1F3FB+200D+2642	emoji-minimally-qualified	2	2	6	man gesturing NO: light skin tone
1F645+1F3FC+200D+2642+FE0F	emoji-fully-qualified	2	2	6	man gesturing NO: medium-light skin tone
1F645+1F3FC+200D+2642	emoji-minimally-qualified	2	2	6	man gesturing NO: medium-light skin tone
1F645+1F3FD+200D+2642+FE0F	emoji-fully-qualified	2	2	6	man gesturing NO: medium skin tone
1F645+1F3FD+200D+2642	emoji-minimally-qualified	2	2	6	man gesturing NO: medium skin tone
1F645+1F3FE+200D+2642+FE0F	emoji-fully-qualified	2	2	6	man gesturing NO: medium-dark skin tone
1F645+1F3FE+200D+2642	emoji-minimally-qualified	2	2	6	man gesturing NO: medium-dark skin tone
1F645+1F3FF+200D+2642+FE0F	emoji-fully-qualified	2	2	6	man gesturing NO: dark skin tone
1F645+1F3FF+200D+2642	emoji-minimally-qualified	2	2	6	man gesturing NO: dark skin tone
1F645+200D+2640+FE0F	emoji-fully-qualified	2	2	4	woman gesturing NO
1F645+200D+2640	emoji-minimally-qualified	2	2	4	woman gesturing NO
1F645+1F3FB+200D+2640+FE0F	emoji-fully-qualified	2	2	6	woman gesturing NO: light skin tone
1F645+1F3FB+200D+2640	emoji-minimally-qualified	2	2	6	woman gesturing NO: light skin tone
1F645+1F3FC+200D+2640+FE0F	emoji-fully-qualified	2	2	6	woman gesturing NO: medium-light skin tone
1F645+1F3FC+200D+2640	emoji-minimally-qualified	2	2	6	woman gesturing NO: medium-light skin tone
1F645+1F3FD+200D+2640+FE0F	emoji-fully-qualified	2	2	6	woman gesturing NO: medium skin tone
1F645+1F3FD+200D+2640	emoji-minimally-qualified	2	2	6	woman gesturing NO: medium skin tone
1F645+1F3FE+200D+2640+FE0F	emoji-fully-qualified	2	2	6	woman gesturing NO: medium-dark skin tone
1F645+1F3FE+200D+2640	emoji-minimally-qualified	2	2	6	woman gesturing NO: medium-dark skin tone
1F645+1F3FF+200D+2640+FE0F	emoji-fully-qualified	2	2	6	woman gesturing NO: dark skin tone
1F645+1F3FF+200D+2640	emoji-minimally-qualified	2	2	6	woman gesturing NO: dark skin tone
1F646	emoji-fully-qualified	2	2	2	person gesturing OK
1F646+1F3FB	emoji-fully-qualified	2	2	4	person gesturing OK: light skin tone
1F646+1F3FC	emoji-fully-qualified	2	2	4	person gesturing OK: medium-light skin tone
1F646+1F3FD	emoji-fully-qualified	2	2	4	person gesturing OK: medium skin tone
1F646+1F3FE	emoji-fully-qualified	2	2	4	person gesturing OK: medium-dark skin tone
1F646+1F3FF	emoji-fully-qualified	2	2	4	person gesturing OK: dark skin tone
1F646+200D+2642+FE0F	emoji-fully-qualified	2	2	4	man gesturing OK
1F646+200D+2642	emoji-minimally-qualified	2	2	4	man gesturing OK
1F646+1F3FB+200D+2642+FE0F	emoji-fully-qualified	2	2	6	man gesturing OK: light skin tone
1F646+1F3FB+200D+2642	emoji-minimally-qualified	2	2	6	man gesturing OK: light skin tone
1F646+1F3FC+200D+2642+FE0F	emoji-fully-qualified	2	2	6	man gesturing OK: medium-light skin tone
1F646+1F3FC+200D+2642	emoji-minimally-qualified	2	2	6	man gesturing OK: medium-light skin tone
1F646+1F3FD+200D+2642+FE0F	emoji-fully-qualified	2	2	6	man gesturing OK: medium skin tone
1F646+1F3FD+200D+2642	emoji-minimally-qualified	2	2	6	man gesturing OK: medium skin tone
1F646+1F3FE+200D+2642+FE0F	emoji-fully-qualified	2	2	6	man gesturing OK: medium-dark skin tone
1F646+1F3FE+200D+2642	emoji-minimally-qualified	2	2	6	man gesturing OK: medium-dark skin tone
1F646+1F3FF+200D+2642+FE0F	emoji-fully-qualified	2	2	6	man gesturing OK: dark skin tone
1F646+1F3FF+200D+2642	emoji-minimally-qualified	2	2	6	man gesturing OK: dark skin tone
1F646+200D+2640+FE0F	emoji-fully-qualified	2	2	4	woman gesturing OK
1F646+200D+2640	emoji-minimally-qualified	2	2	4	woman gesturing OK
1F646+1F3FB+200D+2640+FE0F	emoji-fully-qualified	2	2	6	woman gesturing OK: light skin tone
1F646+1F3FB+200D+2640	emoji-minimally-qualified	2	2	6	woman gesturing OK: light skin tone
1F646+1F3FC+200D+2640+FE0F	emoji-fully-qualified	2	2	6	woman gesturing OK: medium-light skin tone
1F646+1F3FC+200D+2640	emoji-minimally-qualified	2	2	6	woman gesturing OK: medium-light skin tone
1F646+1F3FD+200D+2640+FE0F	emoji-fully-qualified	2	2	6	woman gesturing OK: medium skin tone
1F646+1F3FD+200D+2640	emoji-minimally-qualified	2	2	6	woman gesturing OK: medium skin tone
1F646+1F3FE+200D+2640+FE0F	emoji-fully-qualified	2	2	6	woman gesturing OK: medium-dark skin tone
1F646+1F3FE+200D+2640	emoji-minimally-qualified	2	2	6	woman gesturing OK: medium-dark skin tone
1F646+1F3FF+200D+2640+FE0F	emoji-fully-qualified	2	2	6	woman gesturing OK: dark skin tone
1F646+1F3FF+200D+2640	emoji-minimally-qualified	2	2	6	woman gesturing OK: dark skin tone
1F481	emoji-fully-qualified	2	2	2	person tipping hand
1F481+1F3FB	emoji-fully-qualified	2	2	4	person tipping hand: light skin tone
1F481+1F3FC	emoji-fully-qualified	2	2	4	person tipping hand: medium-light skin tone
1F481+1F3FD	emoji-fully-qualified	2	2	4	person tipping hand: medium skin tone
1F481+1F3FE	emoji-fully-qualified	2	2	4	person tipping hand: medium-dark skin tone
1F481+1F3FF	emoji-fully-qualified	2	2	4	person tipping hand: dark skin tone
1F481+200D+2642+FE0F	emoji-fully-qualified	2	2	4	man tipping hand
1F481+200D+2642	emoji-minimally-qualified	2	2	4	man tipping hand
1F481+1F3FB+200D+2642+FE0F	emoji-fully-qualified	2	2	6	man tipping hand: light skin tone
1F481+1F3FB+200D+2642	emoji-minimally-qualified	2	2	6	man tipping hand: light skin tone
1F481+1F3FC+200D+2642+FE0F	emoji-fully-qualified	2	2	6	man tipping hand: medium-light skin tone
1F481+1F3FC+200D+2642	emoji-minimally-qualified	2	2	6	man tipping hand: medium-light skin tone
1F481+1F3FD+200D+2642+FE0F	emoji-fully-qualified	2	2	6	man tipping hand: medium skin tone
1F481+1F3FD+200D+2642	emoji-minimally-qualified	2	2	6	man tipping hand: medium skin tone
1F481+1F3FE+200D+2642+FE0F	emoji-fully-qualified	2	2	6	man tipping hand: medium-dark skin tone
1F481+1F3FE+200D+2642	emoji-minimally-qualified	2	2	6	man tipping hand: medium-dark skin tone
1F481+1F3FF+200D+2642+FE0F	emoji-fully-qualified	2	2	6	man tipping hand: dark skin tone
1F481+1F3FF+200D+2642	emoji-minimally-qualified	2	2	6	man tipping hand: dark skin tone
1F481+200D+2640+FE0F	emoji-fully-qualified	2	2	4	woman tipping hand
1F481+200D+2640	emoji-minimally-qualified	2	2	4	woman tipping hand
1F481+1F3FB+200D+2640+FE0F	emoji-fully-qualified	2	2	6	woman tipping hand: light skin tone
1F481+1F3FB+200D+2640	emoji-minimally-qualified	2	2	6	woman tipping hand: light skin tone
1F481+1F3FC+200D+2640+FE0F	emoji-fully-qualified	2	2	6	woman tipping hand: medium-light skin tone
1F481+1F3FC+200D+2640	emoji-minimally-qualified	2	2	6	woman tipping hand: medium-light skin tone
1F481+1F3FD+200D+2640+FE0F	emoji-fully-qualified	2	2	6	woman tipping hand: medium skin tone
1F481+1F3FD+200D+2640	emoji-minimally-qualified	2	2	6	woman tipping hand: medium skin tone
1F481+1F3FE+200D+2640+FE0F	emoji-fully-qualified	2	2	6	woman tipping hand: medium-dark skin tone
1F481+1F3FE+200D+2640	emoji-minimally-qualified	2	2	6	woman tipping hand: medium-dark skin tone
1F481+1F3FF+200D+2640+FE0F	emoji-fully-qualified	2	2	6	woman tipping hand: dark skin tone
1F481+1F3FF+200D+2640	emoji-minimally-qualified	2	2	6	woman tipping hand: dark skin tone
1F64B	emoji-fully-qualified	2	2	2	person raising hand
1F64B+1F3FB	emoji-fully-qualified	2	2	4	person raising hand: light skin tone
1F64B+1F3FC	emoji-fully-qualified	2	2	4	person raising hand: medium-light skin tone
1F64B+1F3FD	emoji-fully-qualified	2	2	4	person raising hand: medium skin tone
1F64B+1F3FE	emoji-fully-qualified	2	2	4	person raising hand: medium-dark skin tone
1F64B+1F3FF	emoji-fully-qualified	2	2	4	person raising hand: dark skin tone
1F64B+200D+2642+FE0F	emoji-fully-qualified	2	2	4	man raising hand
1F64B+200D+2642	emoji-minimally-qualified	2	2	4	man raising hand
1F64B+1F3FB+200D+2642+FE0F	emoji-fully-qualified	2	2	6	man raising hand: light skin tone
1F64B+1F3FB+200D+2642	emoji-minimally-qualified	2	2	6	man raising hand: light skin tone
1F64B+1F3FC+200D+2642+FE0F	emoji-fully-qualified	2	2	6	man raising hand: medium-light skin tone
1F64B+1F3FC+200D+2642	emoji-minimally-qualified	2	2	6	man raising hand: medium-light skin tone
1F64B+1F3FD+200D+2642+FE0F	emoji-fully-qualified	2	2	6	man raising hand: medium skin tone
1F64B+1F3FD+200D+2642	emoji-minimally-qualified	2	2	6	man raising hand: medium skin tone
1F64B+1F3FE+200D+2642+FE0F	emoji-fully-qualified	2	2	6	man raising hand: medium-dark skin tone
1F64B+1F3FE+200D+2642	emoji-minimally-qualified	2	2	6	man raising hand: medium-dark skin tone
1F64B+1F3FF+200D+2642+FE0F	emoji-fully-qualified	2	2	6	man raising hand: dark skin tone
1F64B+1F3FF+200D+2642	emoji-minimally-qualified	2	2	6	man raising hand: dark skin tone
1F64B+200D+2640+FE0F	emoji-fully-qualified	2	2	4	woman raising hand
1F64B+200D+2640	emoji-minimally-qualified	2	2	4	woman raising hand
1F64B+1F3FB+200D+2640+FE0F	emoji-fully-qualified	2	2	6	woman raising hand: light skin tone
1F64B+1F3FB+200D+2640	emoji-minimally-qualified	2	2	6	woman raising hand: light skin tone
1F64B+1F3FC+200D+2640+FE0F	emoji-fully-qualified	2	2	6	woman raising hand: medium-light skin tone
1F64B+1F3FC+200D+2640	emoji-minimally-qualified	2	2	6	woman raising hand: medium-light skin tone
1F64B+1F3FD+200D+2640+FE0F	emoji-fully-qualified	2	2	6	woman raising hand: medium skin tone
1F64B+1F3FD+200D+2640	emoji-minimally-qualified	2	2	6	woman raising hand: medium skin tone
1F64B+1F3FE+200D+2640+FE0F	emoji-fully-qualified	2	2	6	woman raising hand: medium-dark skin tone
1F64B+1F3FE+200D+2640	emoji-minimally-qualified	2	2	6	woman raising hand: medium-dark skin tone
1F64B+1F3FF+200D+2640+FE0F	emoji-fully-qualified	2	2	6	woman raising hand: dark skin tone
1F64B+1F3FF+200D+2640	emoji-minimally-qualified	2	2	6	woman raising hand: dark skin tone
1F9CF	emoji-fully-qualified	2	2	2	deaf person
1F9CF+1F3FB	emoji-fully-qualified	2	2	4	deaf person: light skin tone
1F9CF+1F3FC	emoji-fully-qualified	2	2	4	deaf person: medium-light skin tone
1F9CF+1F3FD	emoji-fully-qualified	2	2	4	deaf person: medium skin tone
1F9CF+1F3FE	emoji-fully-qualified	2	2	4	deaf person: medium-dark skin tone
1F9CF+1F3FF	emoji-fully-qualified	2	2	4	deaf person: dark skin tone
1F9CF+200D+2642+FE0F	emoji-fully-qualified	2	2	4	deaf man
1F9CF+200D+2642	emoji-minimally-qualified	2	2	4	deaf man
1F9CF+1F3FB+200D+2642+FE0F	emoji-fully-qualified	2	2	6	deaf man: light skin tone
1F9CF+1F3FB+200D+2642	emoji-minimally-qualified	2	2	6	deaf man: light skin tone
1F9CF+1F3FC+200D+2642+FE0F	emoji-fully-qualified	2	2	6	deaf man: medium-light skin tone
1F9CF+1F3FC+200D+2642	emoji-minimally-qualified	2	2	6	deaf man: medium-light skin tone
1F9CF+1F3FD+200D+2642+FE0F	emoji-fully-qualified	2	2	6	deaf man: medium skin tone
1F9CF+1F3FD+200D+2642	emoji-minimally-qualified	2	2	6	deaf man: medium skin tone
1F9CF+1F3FE+200D+2642+FE0F	emoji-fully-qualified	2	2	6	deaf man: medium-dark skin tone
1F9CF+1F3FE+200D+2642	emoji-minimally-qualified	2	2	6	deaf man: medium-dark skin tone
1F9CF+1F3FF+200D+2642+FE0F	emoji-fully-qualified	2	2	6	deaf man: dark skin tone
1F9CF+1F3FF+200D+2642	emoji-minimally-qualified	2	2	6	deaf man: dark skin tone
1F9CF+200D+2640+FE0F	emoji-fully-qualified	2	2	4	deaf woman
1F9CF+200D+2640	emoji-minimally-qualified	2	2	4	deaf woman
1F9CF+1F3FB+200D+2640+FE0F	emoji-fully-qualified	2	2	6	deaf woman: light skin tone
1F9CF+1F3FB+200D+2640	emoji-minimally-qualified	2	2	6	deaf woman: light skin tone
1F9CF+1F3FC+200D+2640+FE0F	emoji-fully-qualified	2	2	6	deaf woman: medium-light skin tone
1F9CF+1F3FC+200D+2640	emoji-minimally-qualified	2	2	6	deaf woman: medium-light skin tone
1F9CF+1F3FD+200D+2640+FE0F	emoji-fully-qualified	2	2	6	deaf woman: medium skin tone
1F9CF+1F3FD+200D+2640	emoji-minimally-qualified	2	2	6	deaf woman: medium skin tone
1F9CF+1F3FE+200D+2640+FE0F	emoji-fully-qualified	2	2	6	deaf woman: medium-dark skin tone
1F9CF+1F3FE+200D+2640	emoji-minimally-qualified	2	2	6	deaf woman: medium-dark skin tone
1F9CF+1F3FF+200D+2640+FE0F	emoji-fully-qualified	2	2	6	deaf woman: dark skin tone
1F9CF+1F3FF+200D+2640	emoji-minimally-qualified	2	2	6	deaf woman: dark skin tone
1F647	emoji-fully-qualified	2	2	2	person bowing
1F647+1F3FB	emoji-fully-qualified	2	2	4	person bowing: light skin tone
1F647+1F3FC	emoji-fully-qualified	2	2	4	person bowing: medium-light skin tone
1F647+1F3FD	emoji-fully-qualified	2	2	4	person bowing: medium skin tone
1F647+1F3FE	emoji-fully-qualified	2	2	4	person bowing: medium-dark skin tone
1F647+1F3FF	emoji-fully-qualified	2	2	4	person bowing: dark skin tone
1F647+200D+2642+FE0F	emoji-fully-qualified	2	2	4	man bowing
1F647+200D+2642	emoji-minimally-qualified	2	2	4	man bowing
1F647+1F3FB+200D+2642+FE0F	emoji-fully-qualified	2	2	6	man bowing: light skin tone
1F647+1F3FB+200D+2642	emoji-minimally-qualified	2	2	6	man bowing: light skin tone
1F647+1F3FC+200D+2642+FE0F	emoji-fully-qualified	2	2	6	man bowing: medium-light skin tone
1F647+1F3FC+200D+2642	emoji-minimally-qualified	2	2	6	man bowing: medium-light skin tone
1F647+1F3FD+200D+2642+FE0F	emoji-fully-qualified	2	2	6	man bowing: medium skin tone
1F647+1F3FD+200D+2642	emoji-minimally-qualified	2	2	6	man bowing: medium skin tone
1F647+1F3FE+200D+2642+FE0F	emoji-fully-qualified	2	2	6	man bowing: medium-dark skin tone
1F647+1F3FE+200D+2642	emoji-minimally-qualified	2	2	6	man bowing: medium-dark skin tone
1F647+1F3FF+200D+2642+FE0F	emoji-fully-qualified	2	2	6	man bowing: dark skin tone
1F647+1F3FF+200D+2642	emoji-minimally-qualified	2	2	6	man bowing: dark skin tone
1F647+200D+2640+FE0F	emoji-fully-qualified	2	2	4	woman bowing
1F647+200D+2640	emoji-minimally-qualified	2	2	4	woman bowing
1F647+1F3FB+200D+2640+FE0F	emoji-fully-qualified	2	2	6	woman bowing: light skin tone
1F647+1F3FB+200D+2640	emoji-minimally-qualified	2	2	6	woman bowing: light skin tone
1F647+1F3FC+200D+2640+FE0F	emoji-fully-qualified	2	2	6	woman bowing: medium-light skin tone
1F647+1F3FC+200D+2640	emoji-minimally-qualified	2	2	6	woman bowing: medium-light skin tone
1F647+1F3FD+200D+2640+FE0F	emoji-fully-qualified	2	2	6	woman bowing: medium skin tone
1F647+1F3FD+200D+2640	emoji-minimally-qualified	2	2	6	woman bowing: medium skin tone
1F647+1F3FE+200D+2640+FE0F	emoji-fully-qualified	2	2	6	woman bowing: medium-dark skin tone
1F647+1F3FE+200D+2640	emoji-minimally-qualified	2	2	6	woman bowing: medium-dark skin tone
1F647+1F3FF+200D+2640+FE0F	emoji-fully-qualified	2	2	6	woman bowing: dark skin tone
1F647+1F3FF+200D+2640	emoji-minimally-qualified	2	2	6	woman bowing: dark skin tone
1F926	emoji-fully-qualified	2	2	2	person facepalming
1F926+1F3FB	emoji-fully-qualified	2	2	4	person facepalming: light skin tone
1F926+1F3FC	emoji-fully-qualified	2	2	4	person facepalming: medium-light skin tone
1F926+1F3FD	emoji-fully-qualified	2	2	4	person facepalming: medium skin tone
1F926+1F3FE	emoji-fully-qualified	2	2	4	person facepalming: medium-dark skin tone
1F926+1F3FF	emoji-fully-qualified	2	2	4	person facepalming: dark skin tone
1F926+200D+2642+FE0F	emoji-fully-qualified	2	2	4	man facepalming
1F926+200D+2642	emoji-minimally-qualified	2	2	4	man facepalming
1F926+1F3FB+200D+2642+FE0F	emoji-fully-qualified	2	2	6	man facepalming: light skin tone
1F926+1F3FB+200D+2642	emoji-minimally-qualified	2	2	6	man facepalming: light skin tone
1F926+1F3FC+200D+2642+FE0F	emoji-fully-qualified	2	2	6	man facepalming: medium-light skin tone
1F926+1F3FC+200D+2642	emoji-minimally-qualified	2	2	6	man facepalming: medium-light skin tone
1F926+1F3FD+200D+2642+FE0F	emoji-fully-qualified	2	2	6	man facepalming: medium skin tone
1F926+1F3FD+200D+2642	emoji-minimally-qualified	2	2	6	man facepalming: medium skin tone
1F926+1F3FE+200D+2642+FE0F	emoji-fully-qualified	2	2	6	man facepalming: medium-dark skin tone
1F926+1F3FE+200D+2642	emoji-minimally-qualified	2	2	6	man facepalming: medium-dark skin tone
1F926+1F3FF+200D+2642+FE0F	emoji-fully-qualified	2	2	6	man facepalming: dark skin tone
1F926+1F3FF+200D+2642	emoji-minimally-qualified	2	2	6	man facepalming: dark skin tone
1F926+200D+2640+FE0F	emoji-fully-qualified	2	2	4	woman facepalming
1F926+200D+2640	emoji-minimally-qualified	2	2	4	woman facepalming
1F926+1F3FB+200D+2640+FE0F	emoji-fully-qualified	2	2	6	woman facepalming: light skin tone
1F926+1F3FB+200D+2640	emoji-minimally-qualified	2	2	6	woman facepalming: light skin tone
1F926+1F3FC+200D+2640+FE0F	emoji-fully-qualified	2	2	6	woman facepalming: medium-light skin tone
1F926+1F3FC+200D+2640	emoji-minimally-qualified	2	2	6	woman facepalming: medium-light skin tone
1F926+1F3FD+200D+2640+FE0F	emoji-fully-qualified	2	2	6	woman facepalming: medium skin tone
1F926+1F3FD+200D+2640	emoji-minimally-qualified	2	2	6	woman facepalming: medium skin tone
1F926+1F3FE+200D+2640+FE0F	emoji-fully-qualified	2	2	6	woman facepalming: medium-dark skin tone
1F926+1F3FE+200D+2640	emoji-minimally-qualified	2	2	6	woman facepalming: medium-dark skin tone
1F926+1F3FF+200D+2640+FE0F	emoji-fully-qualified	2	2	6	woman facepalming: dark skin tone
1F926+1F3FF+200D+2640	emoji-minimally-qualified	2	2	6	woman facepalming: dark skin tone
1F937	emoji-fully-qualified	2	2	2	person shrugging
1F937+1F3FB	emoji-fully-qualified	2	2	4	person shrugging: light skin tone
1F937+1F3FC	emoji-fully-qualified	2	2	4	person shrugging: medium-light skin tone
1F937+1F3FD	emoji-fully-qualified	2	2	4	person shrugging: medium skin tone
1F937+1F3FE	emoji-fully-qualified	2	2	4	person shrugging: medium-dark skin tone
1F937+1F3FF	emoji-fully-qualified	2	2	4	person shrugging: dark skin tone
1F937+200D+2642+FE0F	emoji-fully-qualified	2	2	4	man shrugging
1F937+200D+2642	emoji-minimally-qualified	2	2	4	man shrugging
1F937+1F3FB+200D+2642+FE0F	emoji-fully-qualified	2	2	6	man shrugging: light skin tone
1F937+1F3FB+200D+2642	emoji-minimally-qualified	2	2	6	man shrugging: light skin tone
1F937+1F3FC+200D+2642+FE0F	emoji-fully-qualified	2	2	6	man shrugging: medium-light skin tone
1F937+1F3FC+200D+2642	emoji-minimally-qualified	2	2	6	man shrugging: medium-light skin tone
1F937+1F3FD+200D+2642+FE0F	emoji-fully-qualified	2	2	6	man shrugging: medium skin tone
1F937+1F3FD+200D+2642	emoji-minimally-qualified	2	2	6	man shrugging: medium skin tone
1F937+1F3FE+200D+2642+FE0F	emoji-fully-qualified	2	2	6	man shrugging: medium-dark skin tone
1F937+1F3FE+200D+2642	emoji-minimally-qualified	2	2	6	man shrugging: medium-dark skin tone
1F937+1F3FF+200D+2642+FE0F	emoji-fully-qualified	2	2	6	man shrugging: dark skin tone
1F937+1F3FF+200D+2642	emoji-minimally-qualified	2	2	6	man shrugging: dark skin tone
1F937+200D+2640+FE0F	emoji-fully-qualified	2	2	4	woman shrugging
1F937+200D+2640	emoji-minimally-qualified	2	2	4	woman shrugging
1F937+1F3FB+200D+2640+FE0F	emoji-fully-qualified	2	2	6	woman shrugging: light skin tone
1F937+1F3FB+200D+2640	emoji-minimally-qualified	2	2	6	woman shrugging: light skin tone
1F937+1F3FC+200D+2640+FE0F	emoji-fully-qualified	2	2	6	woman shrugging: medium-light skin tone
1F937+1F3FC+200D+2640	emoji-minimally-qualified	2	2	6	woman shrugging: medium-light skin tone
1F937+1F3FD+200D+2640+FE0F	emoji-fully-qualified	2	2	6	woman shrugging: medium skin tone
1F937+1F3FD+200D+2640	emoji-minimally-qualified	2	2	6	woman shrugging: medium skin tone
1F937+1F3FE+200D+2640+FE0F	emoji-fully-qualified	2	2	6	woman shrugging: medium-dark skin tone
1F937+1F3FE+200D+2640	emoji-minimally-qualified	2	2	6	woman shrugging: medium-dark skin tone
1F937+1F3FF+200D+2640+FE0F	emoji-fully-qualified	2	2	6	woman shrugging: dark skin tone
1F937+1F3FF+200D+2640	emoji-minimally-qualified	2	2	6	woman shrugging: dark skin tone
1F9D1+200D+2695+FE0F	emoji-fully-qualified	2	2	4	health worker
1F9D1+200D+2695	emoji-minimally-qualified	2	2	4	health worker
1F9D1+1F3FB+200D+2695+FE0F	emoji-fully-qualified	2	2	6	health worker: light skin tone
1F9D1+1F3FB+200D+2695	emoji-minimally-qualified	2	2	6	health worker: light skin tone
1F9D1+1F3FC+200D+2695+FE0F	emoji-fully-qualified	2	2	6	health worker: medium-light skin tone
1F9D1+1F3FC+200D+2695	emoji-minimally-qualified	2	2	6	health worker: medium-light skin tone
1F9D1+1F3FD+200D+2695+FE0F	emoji-fully-qualified	2	2	6	health worker: medium skin tone
1F9D1+1F3FD+200D+2695	emoji-minimally-qualified	2	2	6	health worker: medium skin tone
1F9D1+1F3FE+200D+2695+FE0F	emoji-fully-qualified	2	2	6	health worker: medium-dark skin tone
1F9D1+1F3FE+200D+2695	emoji-minimally-qualified	2	2	6	health worker: medium-dark skin tone
1F9D1+1F3FF+200D+2695+FE0F	emoji-fully-qualified	2	2	6	health worker: dark skin tone
1F9D1+1F3FF+200D+2695	emoji-minimally-qualified	2	2	6	health worker: dark skin tone
1F468+200D+2695+FE0F	emoji-fully-qualified	2	2	4	man health worker
1F468+200D+2695	emoji-minimally-qualified	2	2	4	man health worker
1F468+1F3FB+200D+2695+FE0F	emoji-fully-qualified	2	2	6	man health worker: light skin tone
1F468+1F3FB+200D+2695	emoji-minimally-qualified	2	2	6	man health worker: light skin tone
1F468+1F3FC+200D+2695+FE0F	emoji-fully-qualified	2	2	6	man health worker: medium-light skin tone
1F468+1F3FC+200D+2695	emoji-minimally-qualified	2	2	6	man health worker: medium-light skin tone
1F468+1F3FD+200D+2695+FE0F	emoji-fully-qualified	2	2	6	man health worker: medium skin tone
1F468+1F3FD+200D+2695	emoji-minimally-qualified	2	2	6	man health worker: medium skin tone
1F468+1F3FE+200D+2695+FE0F	emoji-fully-qualified	2	2	6	man health worker: medium-dark skin tone
1F468+1F3FE+200D+2695	emoji-minimally-qualified	2	2	6	man health worker: medium-dark skin tone
1F468+1F3FF+200D+2695+FE0F	emoji-fully-qualified	2	2	6	man health worker: dark skin tone
1F468+1F3FF+200D+2695	emoji-minimally-qualified	2	2	6	man health worker: dark skin tone
1F469+200D+2695+FE0F	emoji-fully-qualified	2	2	4	woman health worker
1F469+200D+2695	emoji-minimally-qualified	2	2	4	woman health worker
1F469+1F3FB+200D+2695+FE0F	emoji-fully-qualified	2	2	6	woman health worker: light skin tone
1F469+1F3FB+200D+2695	emoji-minimally-qualified	2	2	6	woman health worker: light skin tone
1F469+1F3FC+200D+2695+FE0F	emoji-fully-qualified	2	2	6	woman health worker: medium-light skin tone
1F469+1F3FC+200D+2695	emoji-minimally-qualified	2	2	6	woman health worker: medium-light skin tone
1F469+1F3FD+200D+2695+FE0F	emoji-fully-qualified	2	2	6	woman health worker: medium skin tone
1F469+1F3FD+200D+2695	emoji-minimally-qualified	2	2	6	woman health worker: medium skin tone
1F469+1F3FE+200D+2695+FE0F	emoji-fully-qualified	2	2	6	woman health worker: medium-dark skin tone
1F469+1F3FE+200D+2695	emoji-minimally-qualified	2	2	6	woman health worker: medium-dark skin tone
1F469+1F3FF+200D+2695+FE0F	emoji-fully-qualified	2	2	6	woman health worker: dark skin tone
1F469+1F3FF+200D+2695	emoji-minimally-qualified	2	2	6	woman health worker: dark skin tone
1F9D1+200D+1F393	emoji-fully-qualified	2	2	5	student
1F9D1+1F3FB+200D+1F393	emoji-fully-qualified	2	2	7	student: light skin tone
1F9D1+1F3FC+200D+1F393	emoji-fully-qualified	2	2	7	student: medium-light skin tone
1F9D1+1F3FD+200D+1F393	emoji-fully-qualified	2	2	7	student: medium skin tone
1F9D1+1F3FE+200D+1F393	emoji-fully-qualified	2	2	7	student: medium-dark skin tone
1F9D1+1F3FF+200D+1F393	emoji-fully-qualified	2	2	7	student: dark skin tone
1F468+200D+1F393	emoji-fully-qualified	2	2	5	man student
1F468+1F3FB+200D+1F393	emoji-fully-qualified	2	2	7	man student: light skin tone
1F468+1F3FC+200D+1F393	emoji-fully-qualified	2	2	7	man student: medium-light skin tone
1F468+1F3FD+200D+1F393	emoji-fully-qualified	2	2	7	man student: medium skin tone
1F468+1F3FE+200D+1F393	emoji-fully-qualified	2	2	7	man student: medium-dark skin tone
1F468+1F3FF+200D+1F393	emoji-fully-qualified	2	2	7	man student: dark skin tone
1F469+200D+1F393	emoji-fully-qualified	2	2	5	woman student
1F469+1F3FB+200D+1F393	emoji-fully-qualified	2	2	7	woman student: light skin tone
1F469+1F3FC+200D+1F393	emoji-fully-qualified	2	2	7	woman student: medium-light skin tone
1F469+1F3FD+200D+1F393	emoji-fully-qualified	2	2	7	woman student: medium skin tone
1F469+1F3FE+200D+1F393	emoji-fully-qualified	2	2	7	woman student: medium-dark skin tone
1F469+1F3FF+200D+1F393	emoji-fully-qualified	2	2	7	woman student: dark skin tone
1F9D1+200D+1F3EB	emoji-fully-qualified	2	2	5	teacher
1F9D1+1F3FB+200D+1F3EB	emoji-fully-qualified	2	2	7	teacher: light skin tone
1F9D1+1F3FC+200D+1F3EB	emoji-fully-qualified	2	2	7	teacher: medium-light skin tone
1F9D1+1F3FD+200D+1F3EB	emoji-fully-qualified	2	2	7	teacher: medium skin tone
1F9D1+1F3FE+200D+1F3EB	emoji-fully-qualified	2	2	7	teacher: medium-dark skin tone
1F9D1+1F3FF+200D+1F3EB	emoji-fully-qualified	2	2	7	teacher: dark skin tone
1F468+200D+1F3EB	emoji-fully-qualified	2	2	5	man teacher
1F468+1F3FB+200D+1F3EB	emoji-fully-qualified	2	2	7	man teacher: light skin tone
1F468+1F3FC+200D+1F3EB	emoji-fully-qualified	2	2	7	man teacher: medium-light skin tone
1F468+1F3FD+200D+1F3EB	emoji-fully-qualified	2	2	7	man teacher: medium skin tone
1F468+1F3FE+200D+1F3EB	emoji-fully-qualified	2	2	7	man teacher: medium-dark skin tone
1F468+1F3FF+200D+1F3EB	emoji-fully-qualified	2	2	7	man teacher: dark skin tone
1F469+200D+1F3EB	emoji-fully-qualified	2	2	5	woman teacher
1F469+1F3FB+200D+1F3EB	emoji-fully-qualified	2	2	7	woman teacher: light skin tone
1F469+1F3FC+200D+1F3EB	emoji-fully-qualified	2	2	7	woman teacher: medium-light skin tone
1F469+1F3FD+200D+1F3EB	emoji-fully-qualified	2	2	7	woman teacher: medium skin tone
1F469+1F3FE+200D+1F3EB	emoji-fully-qualified	2	2	7	woman teacher: medium-dark skin tone
1F469+1F3FF+200D+1F3EB	emoji-fully-qualified	2	2	7	woman teacher: dark skin tone
1F9D1+200D+2696+FE0F	emoji-fully-qualified	2	2	4	judge
1F9D1+200D+2696	emoji-minimally-qualified	2	2	4	judge
1F9D1+1F3FB+200D+2696+FE0F	emoji-fully-qualified	2	2	6	judge: light skin tone
1F9D1+1F3FB+200D+2696	emoji-minimally-qualified	2	2	6	judge: light skin tone
1F9D1+1F3FC+200D+2696+FE0F	emoji-fully-qualified	2	2	6	judge: medium-light skin tone
1F9D1+1F3FC+200D+2696	emoji-minimally-qualified	2	2	6	judge: medium-light skin tone
1F9D1+1F3FD+200D+2696+FE0F	emoji-fully-qualified	2	2	6	judge: medium skin tone
1F9D1+1F3FD+200D+2696	emoji-minimally-qualified	2	2	6	judge: medium skin tone
1F9D1+1F3FE+200D+2696+FE0F	emoji-fully-qualified	2	2	6	judge: medium-dark skin tone
1F9D1+1F3FE+200D+2696	emoji-minimally-qualified	2	2	6	judge: medium-dark skin tone
1F9D1+1F3FF+200D+2696+FE0F	emoji-fully-qualified	2	2	6	judge: dark skin tone
1F9D1+1F3FF+200D+2696	emoji-minimally-qualified	2	2	6	judge: dark skin tone
1F468+200D+2696+FE0F	emoji-fully-qualified	2	2	4	man judge
1F468+200D+2696	emoji-minimally-qualified	2	2	4	man judge
1F468+1F3FB+200D+2696+FE0F	emoji-fully-qualified	2	2	6	man judge: light skin tone
1F468+1F3FB+200D+2696	emoji-minimally-qualified	2	2	6	man judge: light skin tone
1F468+1F3FC+200D+2696+FE0F	emoji-fully-qualified	2	2	6	man judge: medium-light skin tone
1F468+1F3FC+200D+2696	emoji-minimally-qualified	2	2	6	man judge: medium-light skin tone
1F468+1F3FD+200D+2696+FE0F	emoji-fully-qualified	2	2	6	man judge: medium skin tone
1F468+1F3FD+200D+2696	emoji-minimally-qualified	2	2	6	man judge: medium skin tone
1F468+1F3FE+200D+2696+FE0F	emoji-fully-qualified	2	2	6	man judge: medium-dark skin tone
1F468+1F3FE+200D+2696	emoji-minimally-qualified	2	2	6	man judge: medium-dark skin tone
1F468+1F3FF+200D+2696+FE0F	emoji-fully-qualified	2	2	6	man judge: dark skin tone
1F468+1F3FF+200D+2696	emoji-minimally-qualified	2	2	6	man judge: dark skin tone
1F469+200D+2696+FE0F	emoji-fully-qualified	2	2	4	woman judge
1F469+200D+2696	emoji-minimally-qualified	2	2	4	woman judge
1F469+1F3FB+200D+2696+FE0F	emoji-fully-qualified	2	2	6	woman judge: light skin tone
1F469+1F3FB+200D+2696	emoji-minimally-qualified	2	2	6	woman judge: light skin tone
1F469+1F3FC+200D+2696+FE0F	emoji-fully-qualified	2	2	6	woman judge: medium-light skin tone
1F469+1F3FC+200D+2696	emoji-minimally-qualified	2	2	6	woman judge: medium-light skin tone
1F469+1F3FD+200D+2696+FE0F	emoji-fully-qualified	2	2	6	woman judge: medium skin tone
1F469+1F3FD+200D+2696	emoji-minimally-qualified	2	2	6	woman judge: medium skin tone
1F469+1F3FE+200D+2696+FE0F	emoji-fully-qualified	2	2	6	woman judge: medium-dark skin tone
1F469+1F3FE+200D+2696	emoji-minimally-qualified	2	2	6	woman judge: medium-dark skin tone
1F469+1F3FF+200D+2696+FE0F	emoji-fully-qualified	2	2	6	woman judge: dark skin tone
1F469+1F3FF+200D+2696	emoji-minimally-qualified	2	2	6	woman judge: dark skin tone
1F9D1+200D+1F33E	emoji-fully-qualified	2	2	5	farmer
1F9D1+1F3FB+200D+1F33E	emoji-fully-qualified	2	2	7	farmer: light skin tone
1F9D1+1F3FC+200D+1F33E	emoji-fully-qualified	2	2	7	farmer: medium-light skin tone
1F9D1+1F3FD+200D+1F33E	emoji-fully-qualified	2	2	7	farmer: medium skin tone
1F9D1+1F3FE+200D+1F33E	emoji-fully-qualified	2	2	7	farmer: medium-dark skin tone
1F9D1+1F3FF+200D+1F33E	emoji-fully-qualified	2	2	7	farmer: dark skin tone
1F468+200D+1F33E	emoji-fully-qualified	2	2	5	man farmer
1F468+1F3FB+200D+1F33E	emoji-fully-qualified	2	2	7	man farmer: light skin tone
1F468+1F3FC+200D+1F33E	emoji-fully-qualified	2	2	7	man farmer: medium-light skin tone
1F468+1F3FD+200D+1F33E	emoji-fully-qualified	2	2	7	man farmer: medium skin tone
1F468+1F3FE+200D+1F33E	emoji-fully-qualified	2	2	7	man farmer: medium-dark skin tone
1F468+1F3FF+200D+1F33E	emoji-fully-qualified	2	2	7	man farmer: dark skin tone
1F469+200D+1F33E	emoji-fully-qualified	2	2	5	woman farmer
1F469+1F3FB+200D+1F33E	emoji-fully-qualified	2	2	7	woman farmer: light skin tone
1F469+1F3FC+200D+1F33E	emoji-fully-qualified	2	2	7	woman farmer: medium-light skin tone
1F469+1F3FD+200D+1F33E	emoji-fully-qualified	2	2	7	woman farmer: medium skin tone
1F469+1F3FE+200D+1F33E	emoji-fully-qualified	2	2	7	woman farmer: medium-dark skin tone
1F469+1F3FF+200D+1F33E	emoji-fully-qualified	2	2	7	woman farmer: dark skin tone
1F9D1+200D+1F373	emoji-fully-qualified	2	2	5	cook
1F9D1+1F3FB+200D+1F373	emoji-fully-qualified	2	2	7	cook: light skin tone
1F9D1+1F3FC+200D+1F373	emoji-fully-qualified	2	2	7	cook: medium-light skin tone
1F9D1+1F3FD+200D+1F373	emoji-fully-qualified	2	2	7	cook: medium skin tone
1F9D1+1F3FE+200D+1F373	emoji-fully-qualified	2	2	7	cook: medium-dark skin tone
1F9D1+1F3FF+200D+1F373	emoji-fully-qualified	2	2	7	cook: dark skin tone
1F468+200D+1F373	emoji-fully-qualified	2	2	5	man cook
1F468+1F3FB+200D+1F373	emoji-fully-qualified	2	2	7	man cook: light skin tone
1F468+1F3FC+200D+1F373	emoji-fully-qualified	2	2	7	man cook: medium-light skin tone
1F468+1F3FD+200D+1F373	emoji-fully-qualified	2	2	7	man cook: medium skin tone
1F468+1F3FE+200D+1F373	emoji-fully-qualified	2	2	7	man cook: medium-dark skin tone
1F468+1F3FF+200D+1F373	emoji-fully-qualified	2	2	7	man cook: dark skin tone
1F469+200D+1F373	emoji-fully-qualified	2	2	5	woman cook
1F469+1F3FB+200D+1F373	emoji-fully-qualified	2	2	7	woman cook: light skin tone
1F469+1F3FC+200D+1F373	emoji-fully-qualified	2	2	7	woman cook: medium-light skin tone
1F469+1F3FD+200D+1F373	emoji-fully-qualified	2	2	7	woman cook: medium skin tone
1F469+1F3FE+200D+1F373	emoji-fully-qualified	2	2	7	woman cook: medium-dark skin tone
1F469+1F3FF+200D+1F373	emoji-fully-qualified	2	2	7	woman cook: dark skin tone
1F9D1+200D+1F527	emoji-fully-qualified	2	2	5	mechanic
1F9D1+1F3FB+200D+1F527	emoji-fully-qualified	2	2	7	mechanic: light skin tone
1F9D1+1F3FC+200D+1F527	emoji-fully-qualified	2	2	7	mechanic: medium-light skin tone
1F9D1+1F3FD+200D+1F527	emoji-fully-qualified	2	2	7	mechanic: medium skin tone
1F9D1+1F3FE+200D+1F527	emoji-fully-qualified	2	2	7	mechanic: medium-dark skin tone
1F9D1+1F3FF+200D+1F527	emoji-fully-qualified	2	2	7	mechanic: dark skin tone
1F468+200D+1F527	emoji-fully-qualified	2	2	5	man mechanic
1F468+1F3FB+200D+1F527	emoji-fully-qualified	2	2	7	man mechanic: light skin tone
1F468+1F3FC+200D+1F527	emoji-fully-qualified	2	2	7	man mechanic: medium-light skin tone
1F468+1F3FD+200D+1F527	emoji-fully-qualified	2	2	7	man mechanic: medium skin tone
1F468+1F3FE+200D+1F527	emoji-fully-qualified	2	2	7	man mechanic: medium-dark skin tone
1F468+1F3FF+200D+1F527	emoji-fully-qualified	2	2	7	man mechanic: dark skin tone
1F469+200D+1F527	emoji-fully-qualified	2	2	5	woman mechanic
1F469+1F3FB+200D+1F527	emoji-fully-qualified	2	2	7	woman mechanic: light skin tone
1F469+1F3FC+200D+1F527	emoji-fully-qualified	2	2	7	woman mechanic: medium-light skin tone
1F469+1F3FD+200D+1F527	emoji-fully-qualified	2	2	7	woman mechanic: medium skin tone
1F469+1F3FE+200D+1F527	emoji-fully-qualified	2	2	7	woman mechanic: medium-dark skin tone
1F469+1F3FF+200D+1F527	emoji-fully-qualified	2	2	7	woman mechanic: dark skin tone
1F9D1+200D+1F3ED	emoji-fully-qualified	2	2	5	factory worker
1F9D1+1F3FB+200D+1F3ED	emoji-fully-qualified	2	2	7	factory worker: light skin tone
1F9D1+1F3FC+200D+1F3ED	emoji-fully-qualified	2	2	7	factory worker: medium-light skin tone
1F9D1+1F3FD+200D+1F3ED	emoji-fully-qualified	2	2	7	factory worker: medium skin tone
1F9D1+1F3FE+200D+1F3ED	emoji-fully-qualified	2	2	7	factory worker: medium-dark skin tone
1F9D1+1F3FF+200D+1F3ED	emoji-fully-qualified	2	2	7	factory worker: dark skin tone
1F468+200D+1F3ED	emoji-fully-qualified	2	2	5	man factory worker
1F468+1F3FB+200D+1F3ED	emoji-fully-qualified	2	2	7	man factory worker: light skin tone
1F468+1F3FC+200D+1F3ED	emoji-fully-qualified	2	2	7	man factory worker: medium-light skin tone
1F468+1F3FD+200D+1F3ED	emoji-fully-qualified	2	2	7	man factory worker: medium skin tone
1F468+1F3FE+200D+1F3ED	emoji-fully-qualified	2	2	7	man factory worker: medium-dark skin tone
1F468+1F3FF+200D+1F3ED	emoji-fully-qualified	2	2	7	man factory worker: dark skin tone
1F469+200D+1F3ED	emoji-fully-qualified	2	2	5	woman factory worker
1F469+1F3FB+200D+1F3ED	emoji-fully-qualified	2	2	7	woman factory worker: light skin tone
1F469+1F3FC+200D+1F3ED	emoji-fully-qualified	2	2	7	woman factory worker: medium-light skin tone
1F469+1F3FD+200D+1F3ED	emoji-fully-qualified	2	2	7	woman factory worker: medium skin tone
1F469+1F3FE+200D+1F3ED	emoji-fully-qualified	2	2	7	woman factory worker: medium-dark skin tone
1F469+1F3FF+200D+1F3ED	emoji-fully-qualified	2	2	7	woman factory worker: dark skin tone
1F9D1+200D+1F4BC	emoji-fully-qualified	2	2	5	office worker
1F9D1+1F3FB+200D+1F4BC	emoji-fully-qualified	2	2	7	office worker: light skin tone
1F9D1+1F3FC+200D+1F4BC	emoji-fully-qualified	2	2	7	office worker: medium-light skin tone
1F9D1+1F3FD+200D+1F4BC	emoji-fully-qualified	2	2	7	office worker: medium skin tone
1F9D1+1F3FE+200D+1F4BC	emoji-fully-qualified	2	2	7	office worker: medium-dark skin tone
1F9D1+1F3FF+200D+1F4BC	emoji-fully-qualified	2	2	7	office worker: dark skin tone
1F468+200D+1F4BC	emoji-fully-qualified	2	2	5	man office worker
1F468+1F3FB+200D+1F4BC	emoji-fully-qualified	2	2	7	man office worker: light skin tone
1F468+1F3FC+200D+1F4BC	emoji-fully-qualified	2	2	7	man office worker: medium-light skin tone
1F468+1F3FD+200D+1F4BC	emoji-fully-qualified	2	2	7	man office worker: medium skin tone
1F468+1F3FE+200D+1F4BC	emoji-fully-qualified	2	2	7	man office worker: medium-dark skin tone
1F468+1F3FF+200D+1F4BC	emoji-fully-qualified	2	2	7	man office worker: dark skin tone
1F469+200D+1F4BC	emoji-fully-qualified	2	2	5	woman office worker
1F469+1F3FB+200D+1F4BC	emoji-fully-qualified	2	2	7	woman office worker: light skin tone
1F469+1F3FC+200D+1F4BC	emoji-fully-qualified	2	2	7	woman office worker: medium-light skin tone
1F469+1F3FD+200D+1F4BC	emoji-fully-qualified	2	2	7	woman office worker: medium skin tone
1F469+1F3FE+200D+1F4BC	emoji-fully-qualified	2	2	7	woman office worker: medium-dark skin tone
1F469+1F3FF+200D+1F4BC	emoji-fully-qualified	2	2	7	woman office worker: dark skin tone
1F9D1+200D+1F52C	emoji-fully-qualified	2	2	5	scientist
1F9D1+1F3FB+200D+1F52C	emoji-fully-qualified	2	2	7	scientist: light skin tone
1F9D1+1F3FC+200D+1F52C	emoji-fully-qualified	2	2	7	scientist: medium-light skin tone
1F9D1+1F3FD+200D+1F52C	emoji-fully-qualified	2	2	7	scientist: medium skin tone
1F9D1+1F3FE+200D+1F52C	emoji-fully-qualified	2	2	7	scientist: medium-dark skin tone
1F9D1+1F3FF+200D+1F52C	emoji-fully-qualified	2	2	7	scientist: dark skin tone
1F468+200D+1F52C	emoji-fully-qualified	2	2	5	man scientist
1F468+1F3FB+200D+1F52C	emoji-fully-qualified	2	2	7	man scientist: light skin tone
1F468+1F3FC+200D+1F52C	emoji-fully-qualified	2	2	7	man scientist: medium-light skin tone
1F468+1F3FD+200D+1F52C	emoji-fully-qualified	2	2	7	man scientist: medium skin tone
1F468+1F3FE+200D+1F52C	emoji-fully-qualified	2	2	7	man scientist: medium-dark skin tone
1F468+1F3FF+200D+1F52C	emoji-fully-qualified	2	2	7	man scientist: dark skin tone
1F469+200D+1F52C	emoji-fully-qualified	2	2	5	woman scientist
1F469+1F3FB+200D+1F52C	emoji-fully-qualified	2	2	7	woman scientist: light skin tone
1F469+1F3FC+200D+1F52C	emoji-fully-qualified	2	2	7	woman scientist: medium-light skin tone
1F469+1F3FD+200D+1F52C	emoji-fully-qualified	2	2	7	woman scientist: medium skin tone
1F469+1F3FE+200D+1F52C	emoji-fully-qualified	2	2	7	woman scientist: medium-dark skin tone
1F469+1F3FF+200D+1F52C	emoji-fully-qualified	2	2	7	woman scientist: dark skin tone
1F9D1+200D+1F4BB	emoji-fully-qualified	2	2	5	technologist
1F9D1+1F3FB+200D+1F4BB	emoji-fully-qualified	2	2	7	technologist: light skin tone
1F9D1+1F3FC+200D+1F4BB	emoji-fully-qualified	2	2	7	technologist: medium-light skin tone
1F9D1+1F3FD+200D+1F4BB	emoji-fully-qualified	2	2	7	technologist: medium skin tone
1F9D1+1F3FE+200D+1F4BB	emoji-fully-qualified	2	2	7	technologist: medium-dark skin tone
1F9D1+1F3FF+200D+1F4BB	emoji-fully-qualified	2	2	7	technologist: dark skin tone
1F468+200D+1F4BB	emoji-fully-qualified	2	2	5	man technologist
1F468+1F3FB+200D+1F4BB	emoji-fully-qualified	2	2	7	man technologist: light skin tone
1F468+1F3FC+200D+1F4BB	emoji-fully-qualified	2	2	7	man technologist: medium-light skin tone
1F468+1F3FD+200D+1F4BB	emoji-fully-qualified	2	2	7	man technologist: medium skin tone
1F468+1F3FE+200D+1F4BB	emoji-fully-qualified	2	2	7	man technologist: medium-dark skin tone
1F468+1F3FF+200D+1F4BB	emoji-fully-qualified	2	2	7	man technologist: dark skin tone
1F469+1F3FB+200D+1F4BB	emoji-fully-qualified	2	2	7	woman technologist: light skin tone
1F469+1F3FC+200D+1F4BB	emoji-fully-qualified	2	2	7	woman technologist: medium-light skin tone
1F469+1F3FD+200D+1F4BB	emoji-fully-qualified	2	2	7	woman technologist: medium skin tone
1F469+1F3FE+200D+1F4BB	emoji-fully-qualified	2	2	7	woman technologist: medium-dark skin tone
1F9D1+200D+1F3A4	emoji-fully-qualified	2	2	5	singer
1F9D1+1F3FB+200D+1F3A4	emoji-fully-qualified	2	2	7	singer: light skin tone
1F9D1+1F3FC+200D+1F3A4	emoji-fully-qualified	2	2	7	singer: medium-light skin tone
1F9D1+1F3FD+200D+1F3A4	emoji-fully-qualified	2	2	7	singer: medium skin tone
1F9D1+1F3FE+200D+1F3A4	emoji-fully-qualified	2	2	7	singer: medium-dark skin tone
1F9D1+1F3FF+200D+1F3A4	emoji-fully-qualified	2	2	7	singer: dark skin tone
1F468+200D+1F3A4	emoji-fully-qualified	2	2	5	man singer
1F468+1F3FB+200D+1F3A4	emoji-fully-qualified	2	2	7	man singer: light skin tone
1F468+1F3FC+200D+1F3A4	emoji-fully-qualified	2	2	7	man singer: medium-light skin tone
1F468+1F3FD+200D+1F3A4	emoji-fully-qualified	2	2	7	man singer: medium skin tone
1F468+1F3FE+200D+1F3A4	emoji-fully-qualified	2	2	7	man singer: medium-dark skin tone
1F468+1F3FF+200D+1F3A4	emoji-fully-qualified	2	2	7	man singer: dark skin tone
1F469+200D+1F3A4	emoji-fully-qualified	2	2	5	woman singer
1F469+1F3FB+200D+1F3A4	emoji-fully-qualified	2	2	7	woman singer: light skin tone
1F469+1F3FC+200D+1F3A4	emoji-fully-qualified	2	2	7	woman singer: medium-light skin tone
1F469+1F3FD+200D+1F3A4	emoji-fully-qualified	2	2	7	woman singer: medium skin tone
1F469+1F3FE+200D+1F3A4	emoji-fully-qualified	2	2	7	woman singer: medium-dark skin tone
1F469+1F3FF+200D+1F3A4	emoji-fully-qualified	2	2	7	woman singer: dark skin tone
1F9D1+200D+1F3A8	emoji-fully-qualified	2	2	5	artist
1F9D1+1F3FB+200D+1F3A8	emoji-fully-qualified	2	2	7	artist: light skin tone
1F9D1+1F3FC+200D+1F3A8	emoji-fully-qualified	2	2	7	artist: medium-light skin tone
1F9D1+1F3FD+200D+1F3A8	emoji-fully-qualified	2	2	7	artist: medium skin tone
1F9D1+1F3FE+200D+1F3A8	emoji-fully-qualified	2	2	7	artist: medium-dark skin tone
1F9D1+1F3FF+200D+1F3A8	emoji-fully-qualified	2	2	7	artist: dark skin tone
1F468+200D+1F3A8	emoji-fully-qualified	2	2	5	man artist
1F468+1F3FB+200D+1F3A8	emoji-fully-qualified	2	2	7	man artist: light skin tone
1F468+1F3FC+200D+1F3A8	emoji-fully-qualified	2	2	7	man artist: medium-light skin tone
1F468+1F3FD+200D+1F3A8	emoji-fully-qualified	2	2	7	man artist: medium skin tone
1F468+1F3FE+200D+1F3A8	emoji-fully-qualified	2	2	7	man artist: medium-dark skin tone
1F468+1F3FF+200D+1F3A8	emoji-fully-qualified	2	2	7	man artist: dark skin tone
1F469+200D+1F3A8	emoji-fully-qualified	2	2	5	woman artist
1F469+1F3FB+200D+1F3A8	emoji-fully-qualified	2	2	7	woman artist: light skin tone
1F469+1F3FC+200D+1F3A8	emoji-fully-qualified	2	2	7	woman artist: medium-light skin tone
1F469+1F3FD+200D+1F3A8	emoji-fully-qualified	2	2	7	woman artist: medium skin tone
1F469+1F3FE+200D+1F3A8	emoji-fully-qualified	2	2	7	woman artist: medium-dark skin tone
1F469+1F3FF+200D+1F3A8	emoji-fully-qualified	2	2	7	woman artist: dark skin tone
1F9D1+200D+2708+FE0F	emoji-fully-qualified	2	2	4	pilot
1F9D1+200D+2708	emoji-minimally-qualified	2	2	4	pilot
1F9D1+1F3FB+200D+2708+FE0F	emoji-fully-qualified	2	2	6	pilot: light skin tone
1F9D1+1F3FB+200D+2708	emoji-minimally-qualified	2	2	6	pilot: light skin tone
1F9D1+1F3FC+200D+2708+FE0F	emoji-fully-qualified	2	2	6	pilot: medium-light skin tone
1F9D1+1F3FC+200D+2708	emoji-minimally-qualified	2	2	6	pilot: medium-light skin tone
1F9D1+1F3FD+200D+2708+FE0F	emoji-fully-qualified	2	2	6	pilot: medium skin tone
1F9D1+1F3FD+200D+2708	emoji-minimally-qualified	2	2	6	pilot: medium skin tone
1F9D1+1F3FE+200D+2708+FE0F	emoji-fully-qualified	2	2	6	pilot: medium-dark skin tone
1F9D1+1F3FE+200D+2708	emoji-minimally-qualified	2	2	6	pilot: medium-dark skin tone
1F9D1+1F3FF+200D+2708+FE0F	emoji-fully-qualified	2	2	6	pilot: dark skin tone
1F9D1+1F3FF+200D+2708	emoji-minimally-qualified	2	2	6	pilot: dark skin tone
1F468+200D+2708+FE0F	emoji-fully-qualified	2	2	4	man pilot
1F468+200D+2708	emoji-minimally-qualified	2	2	4	man pilot
1F468+1F3FB+200D+2708+FE0F	emoji-fully-qualified	2	2	6	man pilot: light skin tone
1F468+1F3FB+200D+2708	emoji-minimally-qualified	2	2	6	man pilot: light skin tone
1F468+1F3FC+200D+2708+FE0F	emoji-fully-qualified	2	2	6	man pilot: medium-light skin tone
1F468+1F3FC+200D+2708	emoji-minimally-qualified	2	2	6	man pilot: medium-light skin tone
1F468+1F3FD+200D+2708+FE0F	emoji-fully-qualified	2	2	6	man pilot: medium skin tone
1F468+1F3FD+200D+2708	emoji-minimally-qualified	2	2	6	man pilot: medium skin tone
1F468+1F3FE+200D+2708+FE0F	emoji-fully-qualified	2	2	6	man pilot: medium-dark skin tone
1F468+1F3FE+200D+2708	emoji-minimally-qualified	2	2	6	man pilot: medium-dark skin tone
1F468+1F3FF+200D+2708+FE0F	emoji-fully-qualified	2	2	6	man pilot: dark skin tone
1F468+1F3FF+200D+2708	emoji-minimally-qualified	2	2	6	man pilot: dark skin tone
1F469+200D+2708+FE0F	emoji-fully-qualified	2	2	4	woman pilot
1F469+200D+2708	emoji-minimally-qualified	2	2	4	woman pilot
1F469+1F3FB+200D+2708+FE0F	emoji-fully-qualified	2	2	6	woman pilot: light skin tone
1F469+1F3FB+200D+2708	emoji-minimally-qualified	2	2	6	woman pilot: light skin tone
1F469+1F3FC+200D+2708+FE0F	emoji-fully-qualified	2	2	6	woman pilot: medium-light skin tone
1F469+1F3FC+200D+2708	emoji-minimally-qualified	2	2	6	woman pilot: medium-light skin tone
1F469+1F3FD+200D+2708+FE0F	emoji-fully-qualified	2	2	6	woman pilot: medium skin tone
1F469+1F3FD+200D+2708	emoji-minimally-qualified	2	2	6	woman pilot: medium skin tone
1F469+1F3FE+200D+2708+FE0F	emoji-fully-qualified	2	2	6	woman pilot: medium-dark skin tone
1F469+1F3FE+200D+2708	emoji-minimally-qualified	2	2	6	woman pilot: medium-dark skin tone
1F469+1F3FF+200D+2708+FE0F	emoji-fully-qualified	2	2	6	woman pilot: dark skin tone
1F469+1F3FF+200D+2708	emoji-minimally-qualified	2	2	6	woman pilot: dark skin tone
1F9D1+200D+1F680	emoji-fully-qualified	2	2	5	astronaut
1F9D1+1F3FB+200D+1F680	emoji-fully-qualified	2	2	7	astronaut: light skin tone
1F9D1+1F3FC+200D+1F680	emoji-fully-qualified	2	2	7	astronaut: medium-light skin tone
1F9D1+1F3FD+200D+1F680	emoji-fully-qualified	2	2	7	astronaut: medium skin tone
1F9D1+1F3FE+200D+1F680	emoji-fully-qualified	2	2	7	astronaut: medium-dark skin tone
1F9D1+1F3FF+200D+1F680	emoji-fully-qualified	2	2	7	astronaut: dark skin tone
1F468+200D+1F680	emoji-fully-qualified	2	2	5	man astronaut
1F468+1F3FB+200D+1F680	emoji-fully-qualified	2	2	7	man astronaut: light skin tone
1F468+1F3FC+200D+1F680	emoji-fully-qualified	2	2	7	man astronaut: medium-light skin tone
1F468+1F3FD+200D+1F680	emoji-fully-qualified	2	2	7	man astronaut: medium skin tone
1F468+1F3FE+200D+1F680	emoji-fully-qualified	2	2	7	man astronaut: medium-dark skin tone
1F468+1F3FF+200D+1F680	emoji-fully-qualified	2	2	7	man astronaut: dark skin tone
1F469+1F3FB+200D+1F680	emoji-fully-qualified	2	2	7	woman astronaut: light skin tone
1F469+1F3FC+200D+1F680	emoji-fully-qualified	2	2	7	woman astronaut: medium-light skin tone
1F469+1F3FD+200D+1F680	emoji-fully-qualified	2	2	7	woman astronaut: medium skin tone
1F469+1F3FE+200D+1F680	emoji-fully-qualified	2	2	7	woman astronaut: medium-dark skin tone
1F469+1F3FF+200D+1F680	emoji-fully-qualified	2	2	7	woman astronaut: dark skin tone
1F9D1+200D+1F692	emoji-fully-qualified	2	2	5	firefighter
1F9D1+1F3FB+200D+1F692	emoji-fully-qualified	2	2	7	firefighter: light skin tone
1F9D1+1F3FC+200D+1F692	emoji-fully-qualified	2	2	7	firefighter: medium-light skin tone
1F9D1+1F3FD+200D+1F692	emoji-fully-qualified	2	2	7	firefighter: medium skin tone
1F9D1+1F3FE+200D+1F692	emoji-fully-qualified	2	2	7	firefighter: medium-dark skin tone
1F9D1+1F3FF+200D+1F692	emoji-fully-qualified	2	2	7	firefighter: dark skin tone
1F468+200D+1F692	emoji-fully-qualified	2	2	5	man firefighter
1F468+1F3FB+200D+1F692	emoji-fully-qualified	2	2	7	man firefighter: light skin tone
1F468+1F3FC+200D+1F692	emoji-fully-qualified	2	2	7	man firefighter: medium-light skin tone
1F468+1F3FD+200D+1F692	emoji-fully-qualified	2	2	7	man firefighter: medium skin tone
1F468+1F3FE+200D+1F692	emoji-fully-qualified	2	2	7	man firefighter: medium-dark skin tone
1F468+1F3FF+200D+1F692	emoji-fully-qualified	2	2	7	man firefighter: dark skin tone
1F469+200D+1F692	emoji-fully-qualified	2	2	5	woman firefighter
1F469+1F3FB+200D+1F692	emoji-fully-qualified	2	2	7	woman firefighter: light skin tone
1F469+1F3FC+200D+1F692	emoji-fully-qualified	2	2	7	woman firefighter: medium-light skin tone
1F469+1F3FD+200D+1F692	emoji-fully-qualified	2	2	7	woman firefighter: medium skin tone
1F469+1F3FE+200D+1F692	emoji-fully-qualified	2	2	7	woman firefighter: medium-dark skin tone
1F469+1F3FF+200D+1F692	emoji-fully-qualified	2	2	7	woman firefighter: dark skin tone
1F46E	emoji-fully-qualified	2	2	2	police officer
1F46E+1F3FB	emoji-fully-qualified	2	2	4	police officer: light skin tone
1F46E+1F3FC	emoji-fully-qualified	2	2	4	police officer: medium-light skin tone
1F46E+1F3FD	emoji-fully-qualified	2	2	4	police officer: medium skin tone
1F46E+1F3FE	emoji-fully-qualified	2	2	4	police officer: medium-dark skin tone
1F46E+1F3FF	emoji-fully-qualified	2	2	4	police officer: dark skin tone
1F46E+200D+2642+FE0F	emoji-fully-qualified	2	2	4	man police officer
1F46E+200D+2642	emoji-minimally-qualified	2	2	4	man police officer
1F46E+1F3FB+200D+2642+FE0F	emoji-fully-qualified	2	2	6	man police officer: light skin tone
1F46E+1F3FB+200D+2642	emoji-minimally-qualified	2	2	6	man police officer: light skin tone
1F46E+1F3FC+200D+2642+FE0F	emoji-fully-qualified	2	2	6	man police officer: medium-light skin tone
1F46E+1F3FC+200D+2642	emoji-minimally-qualified	2	2	6	man police officer: medium-light skin tone
1F46E+1F3FD+200D+2642+FE0F	emoji-fully-qualified	2	2	6	man police officer: medium skin tone
1F46E+1F3FD+200D+2642	emoji-minimally-qualified	2	2	6	man police officer: medium skin tone
1F46E+1F3FE+200D+2642+FE0F	emoji-fully-qualified	2	2	6	man police officer: medium-dark skin tone
1F46E+1F3FE+200D+2642	emoji-minimally-qualified	2	2	6	man police officer: medium-dark skin tone
1F46E+1F3FF+200D+2642+FE0F	emoji-fully-qualified	2	2	6	man police officer: dark skin tone
1F46E+1F3FF+200D+2642	emoji-minimally-qualified	2	2	6	man police officer: dark skin tone
1F46E+200D+2640+FE0F	emoji-fully-qualified	2	2	4	woman police officer
1F46E+200D+2640	emoji-minimally-qualified	2	2	4	woman police officer
1F46E+1F3FB+200D+2640+FE0F	emoji-fully-qualified	2	2	6	woman police officer: light skin tone
1F46E+1F3FB+200D+2640	emoji-minimally-qualified	2	2	6	woman police officer: light skin tone
1F46E+1F3FC+200D+2640+FE0F	emoji-fully-qualified	2	2	6	woman police officer: medium-light skin tone
1F46E+1F3FC+200D+2640	emoji-minimally-qualified	2	2	6	woman police officer: medium-light skin tone
1F46E+1F3FD+200D+2640+FE0F	emoji-fully-qualified	2	2	6	woman police officer: medium skin tone
1F46E+1F3FD+200D+2640	emoji-minimally-qualified	2	2	6	woman police officer: medium skin tone
1F46E+1F3FE+200D+2640+FE0F	emoji-fully-qualified	2	2	6	woman police officer: medium-dark skin tone
1F46E+1F3FE+200D+2640	emoji-minimally-qualified	2	2	6	woman police officer: medium-dark skin tone
1F46E+1F3FF+200D+2640+FE0F	emoji-fully-qualified	2	2	6	woman police officer: dark skin tone
1F46E+1F3FF+200D+2640	emoji-minimally-qualified	2	2	6	woman police officer: dark skin tone
1F575+FE0F	emoji-fully-qualified	2	2	1	detective
1F575	emoji-unqualified	2	1	1	detective
1F575+1F3FB	emoji-fully-qualified	2	1	3	detective: light skin tone
1F575+1F3FC	emoji-fully-qualified	2	1	3	detective: medium-light skin tone
1F575+1F3FD	emoji-fully-qualified	2	1	3	detective: medium skin tone
1F575+1F3FE	emoji-fully-qualified	2	1	3	detective: medium-dark skin tone
1F575+1F3FF	emoji-fully-qualified	2	1	3	detective: dark skin tone
1F575+FE0F+200D+2642+FE0F	emoji-fully-qualified	2	2	3	man detective
1F575+200D+2642+FE0F	emoji-unqualified	2	2	3	man detective
1F575+FE0F+200D+2642	emoji-minimally-qualified	2	2	3	man detective
1F575+200D+2642	emoji-unqualified	2	1	3	man detective
1F575+1F3FB+200D+2642+FE0F	emoji-fully-qualified	2	2	5	man detective: light skin tone
1F575+1F3FB+200D+2642	emoji-minimally-qualified	2	1	5	man detective: light skin tone
1F575+1F3FC+200D+2642+FE0F	emoji-fully-qualified	2	2	5	man detective: medium-light skin tone
1F575+1F3FC+200D+2642	emoji-minimally-qualified	2	1	5	man detective: medium-light skin tone
1F575+1F3FD+200D+2642+FE0F	emoji-fully-qualified	2	2	5	man detective: medium skin tone
1F575+1F3FD+200D+2642	emoji-minimally-qualified	2	1	5	man detective: medium skin tone
1F575+1F3FE+200D+2642+FE0F	emoji-fully-qualified	2	2	5	man detective: medium-dark skin tone
1F575+1F3FE+200D+2642	emoji-minimally-qualified	2	1	5	man detective: medium-dark skin tone
1F575+1F3FF+200D+2642+FE0F	emoji-fully-qualified	2	2	5	man detective: dark skin tone
1F575+1F3FF+200D+2642	emoji-minimally-qualified	2	1	5	man detective: dark skin tone
1F575+FE0F+200D+2640+FE0F	emoji-fully-qualified	2	2	3	woman detective
1F575+200D+2640+FE0F	emoji-unqualified	2	2	3	woman detective
1F575+FE0F+200D+2640	emoji-minimally-qualified	2	2	3	woman detective
1F575+200D+2640	emoji-unqualified	2	1	3	woman detective
1F575+1F3FB+200D+2640+FE0F	emoji-fully-qualified	2	2	5	woman detective: light skin tone
1F575+1F3FB+200D+2640	emoji-minimally-qualified	2	1	5	woman detective: light skin tone
1F575+1F3FC+200D+2640+FE0F	emoji-fully-qualified	2	2	5	woman detective: medium-light skin tone
1F575+1F3FC+200D+2640	emoji-minimally-qualified	2	1	5	woman detective: medium-light skin tone
1F575+1F3FD+200D+2640+FE0F	emoji-fully-qualified	2	2	5	woman detective: medium skin tone
1F575+1F3FD+200D+2640	emoji-minimally-qualified	2	1	5	woman detective: medium skin tone
1F575+1F3FE+200D+2640+FE0F	emoji-fully-qualified	2	2	5	woman detective: medium-dark skin tone
1F575+1F3FE+200D+2640	emoji-minimally-qualified	2	1	5	woman detective: medium-dark skin tone
1F575+1F3FF+200D+2640+FE0F	emoji-fully-qualified	2	2	5	woman detective: dark skin tone
1F575+1F3FF+200D+2640	emoji-minimally-qualified	2	1	5	woman detective: dark skin tone
1F482	emoji-fully-qualified	2	2	2	guard
1F482+1F3FB	emoji-fully-qualified	2	2	4	guard: light skin tone
1F482+1F3FC	emoji-fully-qualified	2	2	4	guard: medium-light skin tone
1F482+1F3FD	emoji-fully-qualified	2	2	4	guard: medium skin tone
1F482+1F3FE	emoji-fully-qualified	2	2	4	guard: medium-dark skin tone
1F482+1F3FF	emoji-fully-qualified	2	2	4	guard: dark skin tone
1F482+200D+2642+FE0F	emoji-fully-qualified	2	2	4	man guard
1F482+200D+2642	emoji-minimally-qualified	2	2	4	man guard
1F482+1F3FB+200D+2642+FE0F	emoji-fully-qualified	2	2	6	man guard: light skin tone
1F482+1F3FB+200D+2642	emoji-minimally-qualified	2	2	6	man guard: light skin tone
1F482+1F3FC+200D+2642+FE0F	emoji-fully-qualified	2	2	6	man guard: medium-light skin tone
1F482+1F3FC+200D+2642	emoji-minimally-qualified	2	2	6	man guard: medium-light skin tone
1F482+1F3FD+200D+2642+FE0F	emoji-fully-qualified	2	2	6	man guard: medium skin tone
1F482+1F3FD+200D+2642	emoji-minimally-qualified	2	2	6	man guard: medium skin tone
1F482+1F3FE+200D+2642+FE0F	emoji-fully-qualified	2	2	6	man guard: medium-dark skin tone
1F482+1F3FE+200D+2642	emoji-minimally-qualified	2	2	6	man guard: medium-dark skin tone
1F482+1F3FF+200D+2642+FE0F	emoji-fully-qualified	2	2	6	man guard: dark skin tone
1F482+1F3FF+200D+2642	emoji-minimally-qualified	2	2	6	man guard: dark skin tone
1F482+200D+2640+FE0F	emoji-fully-qualified	2	2	4	woman guard
1F482+200D+2640	emoji-minimally-qualified	2	2	4	woman guard
1F482+1F3FB+200D+2640+FE0F	emoji-fully-qualified	2	2	6	woman guard: light skin tone
1F482+1F3FB+200D+2640	emoji-minimally-qualified	2	2	6	woman guard: light skin tone
1F482+1F3FC+200D+2640+FE0F	emoji-fully-qualified	2	2	6	woman guard: medium-light skin tone
1F482+1F3FC+200D+2640	emoji-minimally-qualified	2	2	6	woman guard: medium-light skin tone
1F482+1F3FD+200D+2640+FE0F	emoji-fully-qualified	2	2	6	woman guard: medium skin tone
1F482+1F3FD+200D+2640	emoji-minimally-qualified	2	2	6	woman guard: medium skin tone
1F482+1F3FE+200D+2640+FE0F	emoji-fully-qualified	2	2	6	woman guard: medium-dark skin tone
1F482+1F3FE+200D+2640	emoji-minimally-qualified	2	2	6	woman guard: medium-dark skin tone
1F482+1F3FF+200D+2640+FE0F	emoji-fully-qualified	2	2	6	woman guard: dark skin tone
1F482+1F3FF+200D+2640	emoji-minimally-qualified	2	2	6	woman guard: dark skin tone
1F977	emoji-fully-qualified	2	2	2	ninja
1F977+1F3FB	emoji-fully-qualified	2	2	4	ninja: light skin tone
1F977+1F3FC	emoji-fully-qualified	2	2	4	ninja: medium-light skin tone
1F977+1F3FD	emoji-fully-qualified	2	2	4	ninja: medium skin tone
1F977+1F3FE	emoji-fully-qualified	2	2	4	ninja: medium-dark skin tone
1F977+1F3FF	emoji-fully-qualified	2	2	4	ninja: dark skin tone
1F477	emoji-fully-qualified	2	2	2	construction worker
1F477+1F3FB	emoji-fully-qualified	2	2	4	construction worker: light skin tone
1F477+1F3FC	emoji-fully-qualified	2	2	4	construction worker: medium-light skin tone
1F477+1F3FD	emoji-fully-qualified	2	2	4	construction worker: medium skin tone
1F477+1F3FE	emoji-fully-qualified	2	2	4	construction worker: medium-dark skin tone
1F477+1F3FF	emoji-fully-qualified	2	2	4	construction worker: dark skin tone
1F477+200D+2642+FE0F	emoji-fully-qualified	2	2	4	man construction worker
1F477+200D+2642	emoji-minimally-qualified	2	2	4	man construction worker
1F477+1F3FB+200D+2642+FE0F	emoji-fully-qualified	2	2	6	man construction worker: light skin tone
1F477+1F3FB+200D+2642	emoji-minimally-qualified	2	2	6	man construction worker: light skin tone
1F477+1F3FC+200D+2642+FE0F	emoji-fully-qualified	2	2	6	man construction worker: medium-light skin tone
1F477+1F3FC+200D+2642	emoji-minimally-qualified	2	2	6	man construction worker: medium-light skin tone
1F477+1F3FD+200D+2642+FE0F	emoji-fully-qualified	2	2	6	man construction worker: medium skin tone
1F477+1F3FD+200D+2642	emoji-minimally-qualified	2	2	6	man construction worker: medium skin tone
1F477+1F3FE+200D+2642+FE0F	emoji-fully-qualified	2	2	6	man construction worker: medium-dark skin tone
1F477+1F3FE+200D+2642	emoji-minimally-qualified	2	2	6	man construction worker: medium-dark skin tone
1F477+1F3FF+200D+2642+FE0F	emoji-fully-qualified	2	2	6	man construction worker: dark skin tone
1F477+1F3FF+200D+2642	emoji-minimally-qualified	2	2	6	man construction worker: dark skin tone
1F477+200D+2640+FE0F	emoji-fully-qualified	2	2	4	woman construction worker
1F477+200D+2640	emoji-minimally-qualified	2	2	4	woman construction worker
1F477+1F3FB+200D+2640+FE0F	emoji-fully-qualified	2	2	6	woman construction worker: light skin tone
1F477+1F3FB+200D+2640	emoji-minimally-qualified	2	2	6	woman construction worker: light skin tone
1F477+1F3FC+200D+2640+FE0F	emoji-fully-qualified	2	2	6	woman construction worker: medium-light skin tone
1F477+1F3FC+200D+2640	emoji-minimally-qualified	2	2	6	woman construction worker: medium-light skin tone
1F477+1F3FD+200D+2640+FE0F	emoji-fully-qualified	2	2	6	woman construction worker: medium skin tone
1F477+1F3FD+200D+2640	emoji-minimally-qualified	2	2	6	woman construction worker: medium skin tone
1F477+1F3FE+200D+2640+FE0F	emoji-fully-qualified	2	2	6	woman construction worker: medium-dark skin tone
1F477+1F3FE+200D+2640	emoji-minimally-qualified	2	2	6	woman construction worker: medium-dark skin tone
1F477+1F3FF+200D+2640+FE0F	emoji-fully-qualified	2	2	6	woman construction worker: dark skin tone
1F477+1F3FF+200D+2640	emoji-minimally-qualified	2	2	6	woman construction worker: dark skin tone
1FAC5	emoji-fully-qualified	2	2	2	person with crown
1FAC5+1F3FB	emoji-fully-qualified	2	2	4	person with crown: light skin tone
1FAC5+1F3FC	emoji-fully-qualified	2	2	4	person with crown: medium-light skin tone
1FAC5+1F3FD	emoji-fully-qualified	2	2	4	person with crown: medium skin tone
1FAC5+1F3FE	emoji-fully-qualified	2	2	4	person with crown: medium-dark skin tone
1FAC5+1F3FF	emoji-fully-qualified	2	2	4	person with crown: dark skin tone
1F934	emoji-fully-qualified	2	2	2	prince
1F934+1F3FB	emoji-fully-qualified	2	2	4	prince: light skin tone
1F934+1F3FC	emoji-fully-qualified	2	2	4	prince: medium-light skin tone
1F934+1F3FD	emoji-fully-qualified	2	2	4	prince: medium skin tone
1F934+1F3FE	emoji-fully-qualified	2	2	4	prince: medium-dark skin tone
1F934+1F3FF	emoji-fully-qualified	2	2	4	prince: dark skin tone
1F478	emoji-fully-qualified	2	2	2	princess
1F478+1F3FB	emoji-fully-qualified	2	2	4	princess: light skin tone
1F478+1F3FC	emoji-fully-qualified	2	2	4	princess: medium-light skin tone
1F478+1F3FD	emoji-fully-qualified	2	2	4	princess: medium skin tone
1F478+1F3FE	emoji-fully-qualified	2	2	4	princess: medium-dark skin tone
1F478+1F3FF	emoji-fully-qualified	2	2	4	princess: dark skin tone
1F473	emoji-fully-qualified	2	2	2	person wearing turban
1F473+1F3FB	emoji-fully-qualified	2	2	4	person wearing turban: light skin tone
1F473+1F3FC	emoji-fully-qualified	2	2	4	person wearing turban: medium-light skin tone
1F473+1F3FD	emoji-fully-qualified	2	2	4	person wearing turban: medium skin tone
1F473+1F3FE	emoji-fully-qualified	2	2	4	person wearing turban: medium-dark skin tone
1F473+1F3FF	emoji-fully-qualified	2	2	4	person wearing turban: dark skin tone
1F473+200D+2642+FE0F	emoji-fully-qualified	2	2	4	man wearing turban
1F473+200D+2642	emoji-minimally-qualified	2	2	4	man wearing turban
1F473+1F3FB+200D+2642+FE0F	emoji-fully-qualified	2	2	6	man wearing turban: light skin tone
1F473+1F3FB+200D+2642	emoji-minimally-qualified	2	2	6	man wearing turban: light skin tone
1F473+1F3FC+200D+2642+FE0F	emoji-fully-qualified	2	2	6	man wearing turban: medium-light skin tone
1F473+1F3FC+200D+2642	emoji-minimally-qualified	2	2	6	man wearing turban: medium-light skin tone
1F473+1F3FD+200D+2642+FE0F	emoji-fully-qualified	2	2	6	man wearing turban: medium skin tone
1F473+1F3FD+200D+2642	emoji-minimally-qualified	2	2	6	man wearing turban: medium skin tone
1F473+1F3FE+200D+2642+FE0F	emoji-fully-qualified	2	2	6	man wearing turban: medium-dark skin tone
1F473+1F3FE+200D+2642	emoji-minimally-qualified	2	2	6	man wearing turban: medium-dark skin tone
1F473+1F3FF+200D+2642+FE0F	emoji-fully-qualified	2	2	6	man wearing turban: dark skin tone
1F473+1F3FF+200D+2642	emoji-minimally-qualified	2	2	6	man wearing turban: dark skin tone
1F473+200D+2640+FE0F	emoji-fully-qualified	2	2	4	woman wearing turban
1F473+200D+2640	emoji-minimally-qualified	2	2	4	woman wearing turban
1F473+1F3FB+200D+2640+FE0F	emoji-fully-qualified	2	2	6	woman wearing turban: light skin tone
1F473+1F3FB+200D+2640	emoji-minimally-qualified	2	2	6	woman wearing turban: light skin tone
1F473+1F3FC+200D+2640+FE0F	emoji-fully-qualified	2	2	6	woman wearing turban: medium-light skin tone
1F473+1F3FC+200D+2640	emoji-minimally-qualified	2	2	6	woman wearing turban: medium-light skin tone
1F473+1F3FD+200D+2640+FE0F	emoji-fully-qualified	2	2	6	woman wearing turban: medium skin tone
1F473+1F3FD+200D+2640	emoji-minimally-qualified	2	2	6	woman wearing turban: medium skin tone
1F473+1F3FE+200D+2640+FE0F	emoji-fully-qualified	2	2	6	woman wearing turban: medium-dark skin tone
1F473+1F3FE+200D+2640	emoji-minimally-qualified	2	2	6	woman wearing turban: medium-dark skin tone
1F473+1F3FF+200D+2640+FE0F	emoji-fully-qualified	2	2	6	woman wearing turban: dark skin tone
1F473+1F3FF+200D+2640	emoji-minimally-qualified	2	2	6	woman wearing turban: dark skin tone
1F472	emoji-fully-qualified	2	2	2	person with skullcap
1F472+1F3FB	emoji-fully-qualified	2	2	4	person with skullcap: light skin tone
1F472+1F3FC	emoji-fully-qualified	2	2	4	person with skullcap: medium-light skin tone
1F472+1F3FD	emoji-fully-qualified	2	2	4	person with skullcap: medium skin tone
1F472+1F3FE	emoji-fully-qualified	2	2	4	person with skullcap: medium-dark skin tone
1F472+1F3FF	emoji-fully-qualified	2	2	4	person with skullcap: dark skin tone
1F9D5	emoji-fully-qualified	2	2	2	woman with headscarf
1F9D5+1F3FB	emoji-fully-qualified	2	2	4	woman with headscarf: light skin tone
1F9D5+1F3FC	emoji-fully-qualified	2	2	4	woman with headscarf: medium-light skin tone
1F9D5+1F3FD	emoji-fully-qualified	2	2	4	woman with headscarf: medium skin tone
1F9D5+1F3FE	emoji-fully-qualified	2	2	4	woman with headscarf: medium-dark skin tone
1F9D5+1F3FF	emoji-fully-qualified	2	2	4	woman with headscarf: dark skin tone
1F935	emoji-fully-qualified	2	2	2	person in tuxedo
1F935+1F3FB	emoji-fully-qualified	2	2	4	person in tuxedo: light skin tone
1F935+1F3FC	emoji-fully-qualified	2	2	4	person in tuxedo: medium-light skin tone
1F935+1F3FD	emoji-fully-qualified	2	2	4	person in tuxedo: medium skin tone
1F935+1F3FE	emoji-fully-qualified	2	2	4	person in tuxedo: medium-dark skin tone
1F935+1F3FF	emoji-fully-qualified	2	2	4	person in tuxedo: dark skin tone
1F935+200D+2642+FE0F	emoji-fully-qualified	2	2	4	man in tuxedo
1F935+200D+2642	emoji-minimally-qualified	2	2	4	man in tuxedo
1F935+1F3FB+200D+2642+FE0F	emoji-fully-qualified	2	2	6	man in tuxedo: light skin tone
1F935+1F3FB+200D+2642	emoji-minimally-qualified	2	2	6	man in tuxedo: light skin tone
1F935+1F3FC+200D+2642+FE0F	emoji-fully-qualified	2	2	6	man in tuxedo: medium-light skin tone
1F935+1F3FC+200D+2642	emoji-minimally-qualified	2	2	6	man in tuxedo: medium-light skin tone
1F935+1F3FD+200D+2642+FE0F	emoji-fully-qualified	2	2	6	man in tuxedo: medium skin tone
1F935+1F3FD+200D+2642	emoji-minimally-qualified	2	2	6	man in tuxedo: medium skin tone
1F935+1F3FE+200D+2642+FE0F	emoji-fully-qualified	2	2	6	man in tuxedo: medium-dark skin tone
1F935+1F3FE+200D+2642	emoji-minimally-qualified	2	2	6	man in tuxedo: medium-dark skin tone
1F935+1F3FF+200D+2642+FE0F	emoji-fully-qualified	2	2	6	man in tuxedo: dark skin tone
1F935+1F3FF+200D+2642	emoji-minimally-qualified	2	2	6	man in tuxedo: dark skin tone
1F935+200D+2640+FE0F	emoji-fully-qualified	2	2	4	woman in tuxedo
1F935+200D+2640	emoji-minimally-qualified	2	2	4	woman in tuxedo
1F935+1F3FB+200D+2640+FE0F	emoji-fully-qualified	2	2	6	woman in tuxedo: light skin tone
1F935+1F3FB+200D+2640	emoji-minimally-qualified	2	2	6	woman in tuxedo: light skin tone
1F935+1F3FC+200D+2640+FE0F	emoji-fully-qualified	2	2	6	woman in tuxedo: medium-light skin tone
1F935+1F3FC+200D+2640	emoji-minimally-qualified	2	2	6	woman in tuxedo: medium-light skin tone
1F935+1F3FD+200D+2640+FE0F	emoji-fully-qualified	2	2	6	woman in tuxedo: medium skin tone
1F935+1F3FD+200D+2640	emoji-minimally-qualified	2	2	6	woman in tuxedo: medium skin tone
1F935+1F3FE+200D+2640+FE0F	emoji-fully-qualified	2	2	6	woman in tuxedo: medium-dark skin tone
1F935+1F3FE+200D+2640	emoji-minimally-qualified	2	2	6	woman in tuxedo: medium-dark skin tone
1F935+1F3FF+200D+2640+FE0F	emoji-fully-qualified	2	2	6	woman in tuxedo: dark skin tone
1F935+1F3FF+200D+2640	emoji-minimally-qualified	2	2	6	woman in tuxedo: dark skin tone
1F470	emoji-fully-qualified	2	2	2	person with veil
1F470+1F3FB	emoji-fully-qualified	2	2	4	person with veil: light skin tone
1F470+1F3FC	emoji-fully-qualified	2	2	4	person with veil: medium-light skin tone
1F470+1F3FD	emoji-fully-qualified	2	2	4	person with veil: medium skin tone
1F470+1F3FE	emoji-fully-qualified	2	2	4	person with veil: medium-dark skin tone
1F470+1F3FF	emoji-fully-qualified	2	2	4	person with veil: dark skin tone
1F470+200D+2642+FE0F	emoji-fully-qualified	2	2	4	man with veil
1F470+200D+2642	emoji-minimally-qualified	2	2	4	man with veil
1F470+1F3FB+200D+2642+FE0F	emoji-fully-qualified	2	2	6	man with veil: light skin tone
1F470+1F3FB+200D+2642	emoji-minimally-qualified	2	2	6	man with veil: light skin tone
1F470+1F3FC+200D+2642+FE0F	emoji-fully-qualified	2	2	6	man with veil: medium-light skin tone
1F470+1F3FC+200D+2642	emoji-minimally-qualified	2	2	6	man with veil: medium-light skin tone
1F470+1F3FD+200D+2642+FE0F	emoji-fully-qualified	2	2	6	man with veil: medium skin tone
1F470+1F3FD+200D+2642	emoji-minimally-qualified	2	2	6	man with veil: medium skin tone
1F470+1F3FE+200D+2642+FE0F	emoji-fully-qualified	2	2	6	man with veil: medium-dark skin tone
1F470+1F3FE+200D+2642	emoji-minimally-qualified	2	2	6	man with veil: medium-dark skin tone
1F470+1F3FF+200D+2642+FE0F	emoji-fully-qualified	2	2	6	man with veil: dark skin tone
1F470+1F3FF+200D+2642	emoji-minimally-qualified	2	2	6	man with veil: dark skin tone
1F470+200D+2640+FE0F	emoji-fully-qualified	2	2	4	woman with veil
1F470+200D+2640	emoji-minimally-qualified	2	2	4	woman with veil
1F470+1F3FB+200D+2640+FE0F	emoji-fully-qualified	2	2	6	woman with veil: light skin tone
1F470+1F3FB+200D+2640	emoji-minimally-qualified	2	2	6	woman with veil: light skin tone
1F470+1F3FC+200D+2640+FE0F	emoji-fully-qualified	2	2	6	woman with veil: medium-light skin tone
1F470+1F3FC+200D+2640	emoji-minimally-qualified	2	2	6	woman with veil: medium-light skin tone
1F470+1F3FD+200D+2640+FE0F	emoji-fully-qualified	2	2	6	woman with veil: medium skin tone
1F470+1F3FD+200D+2640	emoji-minimally-qualified	2	2	6	woman with veil: medium skin tone
1F470+1F3FE+200D+2640+FE0F	emoji-fully-qualified	2	2	6	woman with veil: medium-dark skin tone
1F470+1F3FE+200D+2640	emoji-minimally-qualified	2	2	6	woman with veil: medium-dark skin tone
1F470+1F3FF+200D+2640+FE0F	emoji-fully-qualified	2	2	6	woman with veil: dark skin tone
1F470+1F3FF+200D+2640	emoji-minimally-qualified	2	2	6	woman with veil: dark skin tone
1F930	emoji-fully-qualified	2	2	2	pregnant woman
1F930+1F3FB	emoji-fully-qualified	2	2	4	pregnant woman: light skin tone
1F930+1F3FC	emoji-fully-qualified	2	2	4	pregnant woman: medium-light skin tone
1F930+1F3FD	emoji-fully-qualified	2	2	4	pregnant woman: medium skin tone
1F930+1F3FE	emoji-fully-qualified	2	2	4	pregnant woman: medium-dark skin tone
1F930+1F3FF	emoji-fully-qualified	2	2	4	pregnant woman: dark skin tone
1FAC3	emoji-fully-qualified	2	2	2	pregnant man
1FAC3+1F3FB	emoji-fully-qualified	2	2	4	pregnant man: light skin tone
1FAC3+1F3FC	emoji-fully-qualified	2	2	4	pregnant man: medium-light skin tone
1FAC3+1F3FD	emoji-fully-qualified	2	2	4	pregnant man: medium skin tone
1FAC3+1F3FE	emoji-fully-qualified	2	2	4	pregnant man: medium-dark skin tone
1FAC3+1F3FF	emoji-fully-qualified	2	2	4	pregnant man: dark skin tone
1FAC4	emoji-fully-qualified	2	2	2	pregnant person
1FAC4+1F3FB	emoji-fully-qualified	2	2	4	pregnant person: light skin tone
1FAC4+1F3FC	emoji-fully-qualified	2	2	4	pregnant person: medium-light skin tone
1FAC4+1F3FD	emoji-fully-qualified	2	2	4	pregnant person: medium skin tone
1FAC4+1F3FE	emoji-fully-qualified	2	2	4	pregnant person: medium-dark skin tone
1FAC4+1F3FF	emoji-fully-qualified	2	2	4	pregnant person: dark skin tone
1F931	emoji-fully-qualified	2	2	2	breast-feeding
1F931+1F3FB	emoji-fully-qualified	2	2	4	breast-feeding: light skin tone
1F931+1F3FC	emoji-fully-qualified	2	2	4	breast-feeding: medium-light skin tone
1F931+1F3FD	emoji-fully-qualified	2	2	4	breast-feeding: medium skin tone
1F931+1F3FE	emoji-fully-qualified	2	2	4	breast-feeding: medium-dark skin tone
1F931+1F3FF	emoji-fully-qualified	2	2	4	breast-feeding: dark skin tone
1F469+200D+1F37C	emoji-fully-qualified	2	2	5	woman feeding baby
1F469+1F3FB+200D+1F37C	emoji-fully-qualified	2	2	7	woman feeding baby: light skin tone
1F469+1F3FC+200D+1F37C	emoji-fully-qualified	2	2	7	woman feeding baby: medium-light skin tone
1F469+1F3FD+200D+1F37C	emoji-fully-qualified	2	2	7	woman feeding baby: medium skin tone
1F469+1F3FE+200D+1F37C	emoji-fully-qualified	2	2	7	woman feeding baby: medium-dark skin tone
1F469+1F3FF+200D+1F37C	emoji-fully-qualified	2	2	7	woman feeding baby: dark skin tone
1F468+200D+1F37C	emoji-fully-qualified	2	2	5	man feeding baby
1F468+1F3FB+200D+1F37C	emoji-fully-qualified	2	2	7	man feeding baby: light skin tone
1F468+1F3FC+200D+1F37C	emoji-fully-qualified	2	2	7	man feeding baby: medium-light skin tone
1F468+1F3FD+200D+1F37C	emoji-fully-qualified	2	2	7	man feeding baby: medium skin tone
1F468+1F3FE+200D+1F37C	emoji-fully-qualified	2	2	7	man feeding baby: medium-dark skin tone
1F468+1F3FF+200D+1F37C	emoji-fully-qualified	2	2	7	man feeding baby: dark skin tone
1F9D1+200D+1F37C	emoji-fully-qualified	2	2	5	person feeding baby
1F9D1+1F3FB+200D+1F37C	emoji-fully-qualified	2	2	7	person feeding baby: light skin tone
1F9D1+1F3FC+200D+1F37C	emoji-fully-qualified	2	2	7	person feeding baby: medium-light skin tone
1F9D1+1F3FD+200D+1F37C	emoji-fully-qualified	2	2	7	person feeding baby: medium skin tone
1F9D1+1F3FE+200D+1F37C	emoji-fully-qualified	2	2	7	person feeding baby: medium-dark skin tone
1F9D1+1F3FF+200D+1F37C	emoji-fully-qualified	2	2	7	person feeding baby: dark skin tone
1F47C	emoji-fully-qualified	2	2	2	baby angel
1F47C+1F3FB	emoji-fully-qualified	2	2	4	baby angel: light skin tone
1F47C+1F3FC	emoji-fully-qualified	2	2	4	baby angel: medium-light skin tone
1F47C+1F3FD	emoji-fully-qualified	2	2	4	baby angel: medium skin tone
1F47C+1F3FE	emoji-fully-qualified	2	2	4	baby angel: medium-dark skin tone
1F47C+1F3FF	emoji-fully-qualified	2	2	4	baby angel: dark skin tone
1F385	emoji-fully-qualified	2	2	2	Santa Claus
1F385+1F3FB	emoji-fully-qualified	2	2	4	Santa Claus: light skin tone
1F385+1F3FC	emoji-fully-qualified	2	2	4	Santa Claus: medium-light skin tone
1F385+1F3FD	emoji-fully-qualified	2	2	4	Santa Claus: medium skin tone
1F385+1F3FE	emoji-fully-qualified	2	2	4	Santa Claus: medium-dark skin tone
1F385+1F3FF	emoji-fully-qualified	2	2	4	Santa Claus: dark skin tone
1F936	emoji-fully-qualified	2	2	2	Mrs. Claus
1F936+1F3FB	emoji-fully-qualified	2	2	4	Mrs. Claus: light skin tone
1F936+1F3FC	emoji-fully-qualified	2	2	4	Mrs. Claus: medium-light skin tone
1F936+1F3FD	emoji-fully-qualified	2	2	4	Mrs. Claus: medium skin tone
1F936+1F3FE	emoji-fully-qualified	2	2	4	Mrs. Claus: medium-dark skin tone
1F936+1F3FF	emoji-fully-qualified	2	2	4	Mrs. Claus: dark skin tone
1F9D1+200D+1F384	emoji-fully-qualified	2	2	5	Mx Claus
1F9D1+1F3FB+200D+1F384	emoji-fully-qualified	2	2	7	Mx Claus: light skin tone
1F9D1+1F3FC+200D+1F384	emoji-fully-qualified	2	2	7	Mx Claus: medium-light skin tone
1F9D1+1F3FD+200D+1F384	emoji-fully-qualified	2	2	7	Mx Claus: medium skin tone
1F9D1+1F3FE+200D+1F384	emoji-fully-qualified	2	2	7	Mx Claus: medium-dark skin tone
1F9D1+1F3FF+200D+1F384	emoji-fully-qualified	2	2	7	Mx Claus: dark skin tone
1F9B8	emoji-fully-qualified	2	2	2	superhero
1F9B8+1F3FB	emoji-fully-qualified	2	2	4	superhero: light skin tone
1F9B8+1F3FC	emoji-fully-qualified	2	2	4	superhero: medium-light skin tone
1F9B8+1F3FD	emoji-fully-qualified	2	2	4	superhero: medium skin tone
1F9B8+1F3FE	emoji-fully-qualified	2	2	4	superhero: medium-dark skin tone
1F9B8+1F3FF	emoji-fully-qualified	2	2	4	superhero: dark skin tone
1F9B8+200D+2642+FE0F	emoji-fully-qualified	2	2	4	man superhero
1F9B8+200D+2642	emoji-minimally-qualified	2	2	4	man superhero
1F9B8+1F3FB+200D+2642+FE0F	emoji-fully-qualified	2	2	6	man superhero: light skin tone
1F9B8+1F3FB+200D+2642	emoji-minimally-qualified	2	2	6	man superhero: light skin tone
1F9B8+1F3FC+200D+2642+FE0F	emoji-fully-qualified	2	2	6	man superhero: medium-light skin tone
1F9B8+1F3FC+200D+2642	emoji-minimally-qualified	2	2	6	man superhero: medium-light skin tone
1F9B8+1F3FD+200D+2642+FE0F	emoji-fully-qualified	2	2	6	man superhero: medium skin tone
1F9B8+1F3FD+200D+2642	emoji-minimally-qualified	2	2	6	man superhero: medium skin tone
1F9B8+1F3FE+200D+2642+FE0F	emoji-fully-qualified	2	2	6	man superhero: medium-dark skin tone
1F9B8+1F3FE+200D+2642	emoji-minimally-qualified	2	2	6	man superhero: medium-dark skin tone
1F9B8+1F3FF+200D+2642+FE0F	emoji-fully-qualified	2	2	6	man superhero: dark skin tone
1F9B8+1F3FF+200D+2642	emoji-minimally-qualified	2	2	6	man superhero: dark skin tone
1F9B8+200D+2640+FE0F	emoji-fully-qualified	2	2	4	woman superhero
1F9B8+200D+2640	emoji-minimally-qualified	2	2	4	woman superhero
1F9B8+1F3FB+200D+2640+FE0F	emoji-fully-qualified	2	2	6	woman superhero: light skin tone
1F9B8+1F3FB+200D+2640	emoji-minimally-qualified	2	2	6	woman superhero: light skin tone
1F9B8+1F3FC+200D+2640+FE0F	emoji-fully-qualified	2	2	6	woman superhero: medium-light skin tone
1F9B8+1F3FC+200D+2640	emoji-minimally-qualified	2	2	6	woman superhero: medium-light skin tone
1F9B8+1F3FD+200D+2640+FE0F	emoji-fully-qualified	2	2	6	woman superhero: medium skin tone
1F9B8+1F3FD+200D+2640	emoji-minimally-qualified	2	2	6	woman superhero: medium skin tone
1F9B8+1F3FE+200D+2640+FE0F	emoji-fully-qualified	2	2	6	woman superhero: medium-dark skin tone
1F9B8+1F3FE+200D+2640	emoji-minimally-qualified	2	2	6	woman superhero: medium-dark skin tone
1F9B8+1F3FF+200D+2640+FE0F	emoji-fully-qualified	2	2	6	woman superhero: dark skin tone
1F9B8+1F3FF+200D+2640	emoji-minimally-qualified	2	2	6	woman superhero: dark skin tone
1F9B9	emoji-fully-qualified	2	2	2	supervillain
1F9B9+1F3FB	emoji-fully-qualified	2	2	4	supervillain: light skin tone
1F9B9+1F3FC	emoji-fully-qualified	2	2	4	supervillain: medium-light skin tone
1F9B9+1F3FD	emoji-fully-qualified	2	2	4	supervillain: medium skin tone
1F9B9+1F3FE	emoji-fully-qualified	2	2	4	supervillain: medium-dark skin tone
1F9B9+1F3FF	emoji-fully-qualified	2	2	4	supervillain: dark skin tone
1F9B9+200D+2642+FE0F	emoji-fully-qualified	2	2	4	man supervillain
1F9B9+200D+2642	emoji-minimally-qualified	2	2	4	man supervillain
1F9B9+1F3FB+200D+2642+FE0F	emoji-fully-qualified	2	2	6	man supervillain: light skin tone
1F9B9+1F3FB+200D+2642	emoji-minimally-qualified	2	2	6	man supervillain: light skin tone
1F9B9+1F3FC+200D+2642+FE0F	emoji-fully-qualified	2	2	6	man supervillain: medium-light skin tone
1F9B9+1F3FC+200D+2642	emoji-minimally-qualified	2	2	6	man supervillain: medium-light skin tone
1F9B9+1F3FD+200D+2642+FE0F	emoji-fully-qualified	2	2	6	man supervillain: medium skin tone
1F9B9+1F3FD+200D+2642	emoji-minimally-qualified	2	2	6	man supervillain: medium skin tone
1F9B9+1F3FE+200D+2642+FE0F	emoji-fully-qualified	2	2	6	man supervillain: medium-dark skin tone
1F9B9+1F3FE+200D+2642	emoji-minimally-qualified	2	2	6	man supervillain: medium-dark skin tone
1F9B9+1F3FF+200D+2642+FE0F	emoji-fully-qualified	2	2	6	man supervillain: dark skin tone
1F9B9+1F3FF+200D+2642	emoji-minimally-qualified	2	2	6	man supervillain: dark skin tone
1F9B9+200D+2640+FE0F	emoji-fully-qualified	2	2	4	woman supervillain
1F9B9+200D+2640	emoji-minimally-qualified	2	2	4	woman supervillain
1F9B9+1F3FB+200D+2640+FE0F	emoji-fully-qualified	2	2	6	woman supervillain: light skin tone
1F9B9+1F3FB+200D+2640	emoji-minimally-qualified	2	2	6	woman supervillain: light skin tone
1F9B9+1F3FC+200D+2640+FE0F	emoji-fully-qualified	2	2	6	woman supervillain: medium-light skin tone
1F9B9+1F3FC+200D+2640	emoji-minimally-qualified	2	2	6	woman supervillain: medium-light skin tone
1F9B9+1F3FD+200D+2640+FE0F	emoji-fully-qualified	2	2	6	woman supervillain: medium skin tone
1F9B9+1F3FD+200D+2640	emoji-minimally-qualified	2	2	6	woman supervillain: medium skin tone
1F9B9+1F3FE+200D+2640+FE0F	emoji-fully-qualified	2	2	6	woman supervillain: medium-dark skin tone
1F9B9+1F3FE+200D+2640	emoji-minimally-qualified	2	2	6	woman supervillain: medium-dark skin tone
1F9B9+1F3FF+200D+2640+FE0F	emoji-fully-qualified	2	2	6	woman supervillain: dark skin tone
1F9B9+1F3FF+200D+2640	emoji-minimally-qualified	2	2	6	woman supervillain: dark skin tone
1F9D9	emoji-fully-qualified	2	2	2	mage
1F9D9+1F3FB	emoji-fully-qualified	2	2	4	mage: light skin tone
1F9D9+1F3FC	emoji-fully-qualified	2	2	4	mage: medium-light skin tone
1F9D9+1F3FD	emoji-fully-qualified	2	2	4	mage: medium skin tone
1F9D9+1F3FE	emoji-fully-qualified	2	2	4	mage: medium-dark skin tone
1F9D9+1F3FF	emoji-fully-qualified	2	2	4	mage: dark skin tone
1F9D9+200D+2642+FE0F	emoji-fully-qualified	2	2	4	man mage
1F9D9+200D+2642	emoji-minimally-qualified	2	2	4	man mage
1F9D9+1F3FB+200D+2642+FE0F	emoji-fully-qualified	2	2	6	man mage: light skin tone
1F9D9+1F3FB+200D+2642	emoji-minimally-qualified	2	2	6	man mage: light skin tone
1F9D9+1F3FC+200D+2642+FE0F	emoji-fully-qualified	2	2	6	man mage: medium-light skin tone
1F9D9+1F3FC+200D+2642	emoji-minimally-qualified	2	2	6	man mage: medium-light skin tone
1F9D9+1F3FD+200D+2642+FE0F	emoji-fully-qualified	2	2	6	man mage: medium skin tone
1F9D9+1F3FD+200D+2642	emoji-minimally-qualified	2	2	6	man mage: medium skin tone
1F9D9+1F3FE+200D+2642+FE0F	emoji-fully-qualified	2	2	6	man mage: medium-dark skin tone
1F9D9+1F3FE+200D+2642	emoji-minimally-qualified	2	2	6	man mage: medium-dark skin tone
1F9D9+1F3FF+200D+2642+FE0F	emoji-fully-qualified	2	2	6	man mage: dark skin tone
1F9D9+1F3FF+200D+2642	emoji-minimally-qualified	2	2	6	man mage: dark skin tone
1F9D9+200D+2640+FE0F	emoji-fully-qualified	2	2	4	woman mage
1F9D9+200D+2640	emoji-minimally-qualified	2	2	4	woman mage
1F9D9+1F3FB+200D+2640+FE0F	emoji-fully-qualified	2	2	6	woman mage: light skin tone
1F9D9+1F3FB+200D+2640	emoji-minimally-qualified	2	2	6	woman mage: light skin tone
1F9D9+1F3FC+200D+2640+FE0F	emoji-fully-qualified	2	2	6	woman mage: medium-light skin tone
1F9D9+1F3FC+200D+2640	emoji-minimally-qualified	2	2	6	woman mage: medium-light skin tone
1F9D9+1F3FD+200D+2640+FE0F	emoji-fully-qualified	2	2	6	woman mage: medium skin tone
1F9D9+1F3FD+200D+2640	emoji-minimally-qualified	2	2	6	woman mage: medium skin tone
1F9D9+1F3FE+200D+2640+FE0F	emoji-fully-qualified	2	2	6	woman mage: medium-dark skin tone
1F9D9+1F3FE+200D+2640	emoji-minimally-qualified	2	2	6	woman mage: medium-dark skin tone
1F9D9+1F3FF+200D+2640+FE0F	emoji-fully-qualified	2	2	6	woman mage: dark skin tone
1F9D9+1F3FF+200D+2640	emoji-minimally-qualified	2	2	6	woman mage: dark skin tone
1F9DA	emoji-fully-qualified	2	2	2	fairy
1F9DA+1F3FB	emoji-fully-qualified	2	2	4	fairy: light skin tone
1F9DA+1F3FC	emoji-fully-qualified	2	2	4	fairy: medium-light skin tone
1F9DA+1F3FD	emoji-fully-qualified	2	2	4	fairy: medium skin tone
1F9DA+1F3FE	emoji-fully-qualified	2	2	4	fairy: medium-dark skin tone
1F9DA+1F3FF	emoji-fully-qualified	2	2	4	fairy: dark skin tone
1F9DA+200D+2642+FE0F	emoji-fully-qualified	2	2	4	man fairy
1F9DA+200D+2642	emoji-minimally-qualified	2	2	4	man fairy
1F9DA+1F3FB+200D+2642+FE0F	emoji-fully-qualified	2	2	6	man fairy: light skin tone
1F9DA+1F3FB+200D+2642	emoji-minimally-qualified	2	2	6	man fairy: light skin tone
1F9DA+1F3FC+200D+2642+FE0F	emoji-fully-qualified	2	2	6	man fairy: medium-light skin tone
1F9DA+1F3FC+200D+2642	emoji-minimally-qualified	2	2	6	man fairy: medium-light skin tone
1F9DA+1F3FD+200D+2642+FE0F	emoji-fully-qualified	2	2	6	man fairy: medium skin tone
1F9DA+1F3FD+200D+2642	emoji-minimally-qualified	2	2	6	man fairy: medium skin tone
1F9DA+1F3FE+200D+2642+FE0F	emoji-fully-qualified	2	2	6	man fairy: medium-dark skin tone
1F9DA+1F3FE+200D+2642	emoji-minimally-qualified	2	2	6	man fairy: medium-dark skin tone
1F9DA+1F3FF+200D+2642+FE0F	emoji-fully-qualified	2	2	6	man fairy: dark skin tone
1F9DA+1F3FF+200D+2642	emoji-minimally-qualified	2	2	6	man fairy: dark skin tone
1F9DA+200D+2640+FE0F	emoji-fully-qualified	2	2	4	woman fairy
1F9DA+200D+2640	emoji-minimally-qualified	2	2	4	woman fairy
1F9DA+1F3FB+200D+2640+FE0F	emoji-fully-qualified	2	2	6	woman fairy: light skin tone
1F9DA+1F3FB+200D+2640	emoji-minimally-qualified	2	2	6	woman fairy: light skin tone
1F9DA+1F3FC+200D+2640+FE0F	emoji-fully-qualified	2	2	6	woman fairy: medium-light skin tone
1F9DA+1F3FC+200D+2640	emoji-minimally-qualified	2	2	6	woman fairy: medium-light skin tone
1F9DA+1F3FD+200D+2640+FE0F	emoji-fully-qualified	2	2	6	woman fairy: medium skin tone
1F9DA+1F3FD+200D+2640	emoji-minimally-qualified	2	2	6	woman fairy: medium skin tone
1F9DA+1F3FE+200D+2640+FE0F	emoji-fully-qualified	2	2	6	woman fairy: medium-dark skin tone
1F9DA+1F3FE+200D+2640	emoji-minimally-qualified	2	2	6	woman fairy: medium-dark skin tone
1F9DA+1F3FF+200D+2640+FE0F	emoji-fully-qualified	2	2	6	woman fairy: dark skin tone
1F9DA+1F3FF+200D+2640	emoji-minimally-qualified	2	2	6	woman fairy: dark skin tone
1F9DB	emoji-fully-qualified	2	2	2	vampire
1F9DB+1F3FB	emoji-fully-qualified	2	2	4	vampire: light skin tone
1F9DB+1F3FC	emoji-fully-qualified	2	2	4	vampire: medium-light skin tone
1F9DB+1F3FD	emoji-fully-qualified	2	2	4	vampire: medium skin tone
1F9DB+1F3FE	emoji-fully-qualified	2	2	4	vampire: medium-dark skin tone
1F9DB+1F3FF	emoji-fully-qualified	2	2	4	vampire: dark skin tone
1F9DB+200D+2642+FE0F	emoji-fully-qualified	2	2	4	man vampire
1F9DB+200D+2642	emoji-minimally-qualified	2	2	4	man vampire
1F9DB+1F3FB+200D+2642+FE0F	emoji-fully-qualified	2	2	6	man vampire: light skin tone
1F9DB+1F3FB+200D+2642	emoji-minimally-qualified	2	2	6	man vampire: light skin tone
1F9DB+1F3FC+200D+2642+FE0F	emoji-fully-qualified	2	2	6	man vampire: medium-light skin tone
1F9DB+1F3FC+200D+2642	emoji-minimally-qualified	2	2	6	man vampire: medium-light skin tone
1F9DB+1F3FD+200D+2642+FE0F	emoji-fully-qualified	2	2	6	man vampire: medium skin tone
1F9DB+1F3FD+200D+2642	emoji-minimally-qualified	2	2	6	man vampire: medium skin tone
1F9DB+1F3FE+200D+2642+FE0F	emoji-fully-qualified	2	2	6	man vampire: medium-dark skin tone
1F9DB+1F3FE+200D+2642	emoji-minimally-qualified	2	2	6	man vampire: medium-dark skin tone
1F9DB+1F3FF+200D+2642+FE0F	emoji-fully-qualified	2	2	6	man vampire: dark skin tone
1F9DB+1F3FF+200D+2642	emoji-minimally-qualified	2	2	6	man vampire: dark skin tone
1F9DB+200D+2640+FE0F	emoji-fully-qualified	2	2	4	woman vampire
1F9DB+200D+2640	emoji-minimally-qualified	2	2	4	woman vampire
1F9DB+1F3FB+200D+2640+FE0F	emoji-fully-qualified	2	2	6	woman vampire: light skin tone
1F9DB+1F3FB+200D+2640	emoji-minimally-qualified	2	2	6	woman vampire: light skin tone
1F9DB+1F3FC+200D+2640+FE0F	emoji-fully-qualified	2	2	6	woman vampire: medium-light skin tone
1F9DB+1F3FC+200D+2640	emoji-minimally-qualified	2	2	6	woman vampire: medium-light skin tone
1F9DB+1F3FD+200D+2640+FE0F	emoji-fully-qualified	2	2	6	woman vampire: medium skin tone
1F9DB+1F3FD+200D+2640	emoji-minimally-qualified	2	2	6	woman vampire: medium skin tone
1F9DB+1F3FE+200D+2640+FE0F	emoji-fully-qualified	2	2	6	woman vampire: medium-dark skin tone
1F9DB+1F3FE+200D+2640	emoji-minimally-qualified	2	2	6	woman vampire: medium-dark skin tone
1F9DB+1F3FF+200D+2640+FE0F	emoji-fully-qualified	2	2	6	woman vampire: dark skin tone
1F9DB+1F3FF+200D+2640	emoji-minimally-qualified	2	2	6	woman vampire: dark skin tone
1F9DC	emoji-fully-qualified	2	2	2	merperson
1F9DC+1F3FB	emoji-fully-qualified	2	2	4	merperson: light skin tone
1F9DC+1F3FC	emoji-fully-qualified	2	2	4	merperson: medium-light skin tone
1F9DC+1F3FD	emoji-fully-qualified	2	2	4	merperson: medium skin tone
1F9DC+1F3FE	emoji-fully-qualified	2	2	4	merperson: medium-dark skin tone
1F9DC+1F3FF	emoji-fully-qualified	2	2	4	merperson: dark skin tone
1F9DC+200D+2642+FE0F	emoji-fully-qualified	2	2	4	merman
1F9DC+200D+2642	emoji-minimally-qualified	2	2	4	merman
1F9DC+1F3FB+200D+2642+FE0F	emoji-fully-qualified	2	2	6	merman: light skin tone
1F9DC+1F3FB+200D+2642	emoji-minimally-qualified	2	2	6	merman: light skin tone
1F9DC+1F3FC+200D+2642+FE0F	emoji-fully-qualified	2	2	6	merman: medium-light skin tone
1F9DC+1F3FC+200D+2642	emoji-minimally-qualified	2	2	6	merman: medium-light skin tone
1F9DC+1F3FD+200D+2642+FE0F	emoji-fully-qualified	2	2	6	merman: medium skin tone
1F9DC+1F3FD+200D+2642	emoji-minimally-qualified	2	2	6	merman: medium skin tone
1F9DC+1F3FE+200D+2642+FE0F	emoji-fully-qualified	2	2	6	merman: medium-dark skin tone
1F9DC+1F3FE+200D+2642	emoji-minimally-qualified	2	2	6	merman: medium-dark skin tone
1F9DC+1F3FF+200D+2642+FE0F	emoji-fully-qualified	2	2	6	merman: dark skin tone
1F9DC+1F3FF+200D+2642	emoji-minimally-qualified	2	2	6	merman: dark skin tone
1F9DC+200D+2640+FE0F	emoji-fully-qualified	2	2	4	mermaid
1F9DC+200D+2640	emoji-minimally-qualified	2	2	4	mermaid
1F9DC+1F3FB+200D+2640+FE0F	emoji-fully-qualified	2	2	6	mermaid: light skin tone
1F9DC+1F3FB+200D+2640	emoji-minimally-qualified	2	2	6	mermaid: light skin tone
1F9DC+1F3FC+200D+2640+FE0F	emoji-fully-qualified	2	2	6	mermaid: medium-light skin tone
1F9DC+1F3FC+200D+2640	emoji-minimally-qualified	2	2	6	mermaid: medium-light skin tone
1F9DC+1F3FD+200D+2640+FE0F	emoji-fully-qualified	2	2	6	mermaid: medium skin tone
1F9DC+1F3FD+200D+2640	emoji-minimally-qualified	2	2	6	mermaid: medium skin tone
1F9DC+1F3FE+200D+2640+FE0F	emoji-fully-qualified	2	2	6	mermaid: medium-dark skin tone
1F9DC+1F3FE+200D+2640	emoji-minimally-qualified	2	2	6	mermaid: medium-dark skin tone
1F9DC+1F3FF+200D+2640+FE0F	emoji-fully-qualified	2	2	6	mermaid: dark skin tone
1F9DC+1F3FF+200D+2640	emoji-minimally-qualified	2	2	6	mermaid: dark skin tone
1F9DD	emoji-fully-qualified	2	2	2	elf
1F9DD+1F3FB	emoji-fully-qualified	2	2	4	elf: light skin tone
1F9DD+1F3FC	emoji-fully-qualified	2	2	4	elf: medium-light skin tone
1F9DD+1F3FD	emoji-fully-qualified	2	2	4	elf: medium skin tone
1F9DD+1F3FE	emoji-fully-qualified	2	2	4	elf: medium-dark skin tone
1F9DD+1F3FF	emoji-fully-qualified	2	2	4	elf: dark skin tone
1F9DD+200D+2642+FE0F	emoji-fully-qualified	2	2	4	man elf
1F9DD+200D+2642	emoji-minimally-qualified	2	2	4	man elf
1F9DD+1F3FB+200D+2642+FE0F	emoji-fully-qualified	2	2	6	man elf: light skin tone
1F9DD+1F3FB+200D+2642	emoji-minimally-qualified	2	2	6	man elf: light skin tone
1F9DD+1F3FC+200D+2642+FE0F	emoji-fully-qualified	2	2	6	man elf: medium-light skin tone
1F9DD+1F3FC+200D+2642	emoji-minimally-qualified	2	2	6	man elf: medium-light skin tone
1F9DD+1F3FD+200D+2642+FE0F	emoji-fully-qualified	2	2	6	man elf: medium skin tone
1F9DD+1F3FD+200D+2642	emoji-minimally-qualified	2	2	6	man elf: medium skin tone
1F9DD+1F3FE+200D+2642+FE0F	emoji-fully-qualified	2	2	6	man elf: medium-dark skin tone
1F9DD+1F3FE+200D+2642	emoji-minimally-qualified	2	2	6	man elf: medium-dark skin tone
1F9DD+1F3FF+200D+2642+FE0F	emoji-fully-qualified	2	2	6	man elf: dark skin tone
1F9DD+1F3FF+200D+2642	emoji-minimally-qualified	2	2	6	man elf: dark skin tone
1F9DD+200D+2640+FE0F	emoji-fully-qualified	2	2	4	woman elf
1F9DD+200D+2640	emoji-minimally-qualified	2	2	4	woman elf
1F9DD+1F3FB+200D+2640+FE0F	emoji-fully-qualified	2	2	6	woman elf: light skin tone
1F9DD+1F3FB+200D+2640	emoji-minimally-qualified	2	2	6	woman elf: light skin tone
1F9DD+1F3FC+200D+2640+FE0F	emoji-fully-qualified	2	2	6	woman elf: medium-light skin tone
1F9DD+1F3FC+200D+2640	emoji-minimally-qualified	2	2	6	woman elf: medium-light skin tone
1F9DD+1F3FD+200D+2640+FE0F	emoji-fully-qualified	2	2	6	woman elf: medium skin tone
1F9DD+1F3FD+200D+2640	emoji-minimally-qualified	2	2	6	woman elf: medium skin tone
1F9DD+1F3FE+200D+2640+FE0F	emoji-fully-qualified	2	2	6	woman elf: medium-dark skin tone
1F9DD+1F3FE+200D+2640	emoji-minimally-qualified	2	2	6	woman elf: medium-dark skin tone
1F9DD+1F3FF+200D+2640+FE0F	emoji-fully-qualified	2	2	6	woman elf: dark skin tone
1F9DD+1F3FF+200D+2640	emoji-minimally-qualified	2	2	6	woman elf: dark skin tone
1F9DE	emoji-fully-qualified	2	2	2	genie
1F9DE+200D+2642+FE0F	emoji-fully-qualified	2	2	4	man genie
1F9DE+200D+2642	emoji-minimally-qualified	2	2	4	man genie
1F9DE+200D+2640+FE0F	emoji-fully-qualified	2	2	4	woman genie
1F9DE+200D+2640	emoji-minimally-qualified	2	2	4	woman genie
1F9DF	emoji-fully-qualified	2	2	2	zombie
1F9DF+200D+2642+FE0F	emoji-fully-qualified	2	2	4	man zombie
1F9DF+200D+2642	emoji-minimally-qualified	2	2	4	man zombie
1F9DF+200D+2640+FE0F	emoji-fully-qualified	2	2	4	woman zombie
1F9DF+200D+2640	emoji-minimally-qualified	2	2	4	woman zombie
1F9CC	emoji-fully-qualified	2	2	2	troll
1F486	emoji-fully-qualified	2	2	2	person getting massage
1F486+1F3FB	emoji-fully-qualified	2	2	4	person getting massage: light skin tone
1F486+1F3FC	emoji-fully-qualified	2	2	4	person getting massage: medium-light skin tone
1F486+1F3FD	emoji-fully-qualified	2	2	4	person getting massage: medium skin tone
1F486+1F3FE	emoji-fully-qualified	2	2	4	person getting massage: medium-dark skin tone
1F486+1F3FF	emoji-fully-qualified	2	2	4	person getting massage: dark skin tone
1F486+200D+2642+FE0F	emoji-fully-qualified	2	2	4	man getting massage
1F486+200D+2642	emoji-minimally-qualified	2	2	4	man getting massage
1F486+1F3FB+200D+2642+FE0F	emoji-fully-qualified	2	2	6	man getting massage: light skin tone
1F486+1F3FB+200D+2642	emoji-minimally-qualified	2	2	6	man getting massage: light skin tone
1F486+1F3FC+200D+2642+FE0F	emoji-fully-qualified	2	2	6	man getting massage: medium-light skin tone
1F486+1F3FC+200D+2642	emoji-minimally-qualified	2	2	6	man getting massage: medium-light skin tone
1F486+1F3FD+200D+2642+FE0F	emoji-fully-qualified	2	2	6	man getting massage: medium skin tone
1F486+1F3FD+200D+2642	emoji-minimally-qualified	2	2	6	man getting massage: medium skin tone
1F486+1F3FE+200D+2642+FE0F	emoji-fully-qualified	2	2	6	man getting massage: medium-dark skin tone
1F486+1F3FE+200D+2642	emoji-minimally-qualified	2	2	6	man getting massage: medium-dark skin tone
1F486+1F3FF+200D+2642+FE0F	emoji-fully-qualified	2	2	6	man getting massage: dark skin tone
1F486+1F3FF+200D+2642	emoji-minimally-qualified	2	2	6	man getting massage: dark skin tone
1F486+200D+2640+FE0F	emoji-fully-qualified	2	2	4	woman getting massage
1F486+200D+2640	emoji-minimally-qualified	2	2	4	woman getting massage
1F486+1F3FB+200D+2640+FE0F	emoji-fully-qualified	2	2	6	woman getting massage: light skin tone
1F486+1F3FB+200D+2640	emoji-minimally-qualified	2	2	6	woman getting massage: light skin tone
1F486+1F3FC+200D+2640+FE0F	emoji-fully-qualified	2	2	6	woman getting massage: medium-light skin tone
1F486+1F3FC+200D+2640	emoji-minimally-qualified	2	2	6	woman getting massage: medium-light skin tone
1F486+1F3FD+200D+2640+FE0F	emoji-fully-qualified	2	2	6	woman getting massage: medium skin tone
1F486+1F3FD+200D+2640	emoji-minimally-qualified	2	2	6	woman getting massage: medium skin tone
1F486+1F3FE+200D+2640+FE0F	emoji-fully-qualified	2	2	6	woman getting massage: medium-dark skin tone
1F486+1F3FE+200D+2640	emoji-minimally-qualified	2	2	6	woman getting massage: medium-dark skin tone
1F486+1F3FF+200D+2640+FE0F	emoji-fully-qualified	2	2	6	woman getting massage: dark skin tone
1F486+1F3FF+200D+2640	emoji-minimally-qualified	2	2	6	woman getting massage: dark skin tone
1F487	emoji-fully-qualified	2	2	2	person getting haircut
1F487+1F3FB	emoji-fully-qualified	2	2	4	person getting haircut: light skin tone
1F487+1F3FC	emoji-fully-qualified	2	2	4	person getting haircut: medium-light skin tone
1F487+1F3FD	emoji-fully-qualified	2	2	4	person getting haircut: medium skin tone
1F487+1F3FE	emoji-fully-qualified	2	2	4	person getting haircut: medium-dark skin tone
1F487+1F3FF	emoji-fully-qualified	2	2	4	person getting haircut: dark skin tone
1F487+200D+2642+FE0F	emoji-fully-qualified	2	2	4	man getting haircut
1F487+200D+2642	emoji-minimally-qualified	2	2	4	man getting haircut
1F487+1F3FB+200D+2642+FE0F	emoji-fully-qualified	2	2	6	man getting haircut: light skin tone
1F487+1F3FB+200D+2642	emoji-minimally-qualified	2	2	6	man getting haircut: light skin tone
1F487+1F3FC+200D+2642+FE0F	emoji-fully-qualified	2	2	6	man getting haircut: medium-light skin tone
1F487+1F3FC+200D+2642	emoji-minimally-qualified	2	2	6	man getting haircut: medium-light skin tone
1F487+1F3FD+200D+2642+FE0F	emoji-fully-qualified	2	2	6	man getting haircut: medium skin tone
1F487+1F3FD+200D+2642	emoji-minimally-qualified	2	2	6	man getting haircut: medium skin tone
1F487+1F3FE+200D+2642+FE0F	emoji-fully-qualified	2	2	6	man getting haircut: medium-dark skin tone
1F487+1F3FE+200D+2642	emoji-minimally-qualified	2	2	6	man getting haircut: medium-dark skin tone
1F487+1F3FF+200D+2642+FE0F	emoji-fully-qualified	2	2	6	man getting haircut: dark skin tone
1F487+1F3FF+200D+2642	emoji-minimally-qualified	2	2	6	man getting haircut: dark skin tone
1F487+200D+2640+FE0F	emoji-fully-qualified	2	2	4	woman getting haircut
1F487+200D+2640	emoji-minimally-qualified	2	2	4	woman getting haircut
1F487+1F3FB+200D+2640+FE0F	emoji-fully-qualified	2	2	6	woman getting haircut: light skin tone
1F487+1F3FB+200D+2640	emoji-minimally-qualified	2	2	6	woman getting haircut: light skin tone
1F487+1F3FC+200D+2640+FE0F	emoji-fully-qualified	2	2	6	woman getting haircut: medium-light skin tone
1F487+1F3FC+200D+2640	emoji-minimally-qualified	2	2	6	woman getting haircut: medium-light skin tone
1F487+1F3FD+200D+2640+FE0F	emoji-fully-qualified	2	2	6	woman getting haircut: medium skin tone
1F487+1F3FD+200D+2640	emoji-minimally-qualified	2	2	6	woman getting haircut: medium skin tone
1F487+1F3FE+200D+2640+FE0F	emoji-fully-qualified	2	2	6	woman getting haircut: medium-dark skin tone
1F487+1F3FE+200D+2640	emoji-minimally-qualified	2	2	6	woman getting haircut: medium-dark skin tone
1F487+1F3FF+200D+2640+FE0F	emoji-fully-qualified	2	2	6	woman getting haircut: dark skin tone
1F487+1F3FF+200D+2640	emoji-minimally-qualified	2	2	6	woman getting haircut: dark skin tone
1F6B6	emoji-fully-qualified	2	2	2	person walking
1F6B6+1F3FB	emoji-fully-qualified	2	2	4	person walking: light skin tone
1F6B6+1F3FC	emoji-fully-qualified	2	2	4	person walking: medium-light skin tone
1F6B6+1F3FD	emoji-fully-qualified	2	2	4	person walking: medium skin tone
1F6B6+1F3FE	emoji-fully-qualified	2	2	4	person walking: medium-dark skin tone
1F6B6+1F3FF	emoji-fully-qualified	2	2	4	person walking: dark skin tone
1F6B6+200D+2642+FE0F	emoji-fully-qualified	2	2	4	man walking
1F6B6+200D+2642	emoji-minimally-qualified	2	2	4	man walking
1F6B6+1F3FB+200D+2642+FE0F	emoji-fully-qualified	2	2	6	man walking: light skin tone
1F6B6+1F3FB+200D+2642	emoji-minimally-qualified	2	2	6	man walking: light skin tone
1F6B6+1F3FC+200D+2642+FE0F	emoji-fully-qualified	2	2	6	man walking: medium-light skin tone
1F6B6+1F3FC+200D+2642	emoji-minimally-qualified	2	2	6	man walking: medium-light skin tone
1F6B6+1F3FD+200D+2642+FE0F	emoji-fully-qualified	2	2	6	man walking: medium skin tone
1F6B6+1F3FD+200D+2642	emoji-minimally-qualified	2	2	6	man walking: medium skin tone
1F6B6+1F3FE+200D+2642+FE0F	emoji-fully-qualified	2	2	6	man walking: medium-dark skin tone
1F6B6+1F3FE+200D+2642	emoji-minimally-qualified	2	2	6	man walking: medium-dark skin tone
1F6B6+1F3FF+200D+2642+FE0F	emoji-fully-qualified	2	2	6	man walking: dark skin tone
1F6B6+1F3FF+200D+2642	emoji-minimally-qualified	2	2	6	man walking: dark skin tone
1F6B6+200D+2640+FE0F	emoji-fully-qualified	2	2	4	woman walking
1F6B6+200D+2640	emoji-minimally-qualified	2	2	4	woman walking
1F6B6+1F3FB+200D+2640+FE0F	emoji-fully-qualified	2	2	6	woman walking: light skin tone
1F6B6+1F3FB+200D+2640	emoji-minimally-qualified	2	2	6	woman walking: light skin tone
1F6B6+1F3FC+200D+2640+FE0F	emoji-fully-qualified	2	2	6	woman walking: medium-light skin tone
1F6B6+1F3FC+200D+2640	emoji-minimally-qualified	2	2	6	woman walking: medium-light skin tone
1F6B6+1F3FD+200D+2640+FE0F	emoji-fully-qualified	2	2	6	woman walking: medium skin tone
1F6B6+1F3FD+200D+2640	emoji-minimally-qualified	2	2	6	woman walking: medium skin tone
1F6B6+1F3FE+200D+2640+FE0F	emoji-fully-qualified	2	2	6	woman walking: medium-dark skin tone
1F6B6+1F3FE+200D+2640	emoji-minimally-qualified	2	2	6	woman walking: medium-dark skin tone
1F6B6+1F3FF+200D+2640+FE0F	emoji-fully-qualified	2	2	6	woman walking: dark skin tone
1F6B6+1F3FF+200D+2640	emoji-minimally-qualified	2	2	6	woman walking: dark skin tone
1F6B6+200D+27A1+FE0F	emoji-fully-qualified	2	2	4	person walking facing right
1F6B6+200D+27A1	emoji-minimally-qualified	2	2	4	person walking facing right
1F6B6+1F3FB+200D+27A1+FE0F	emoji-fully-qualified	2	2	6	person walking facing right: light skin tone
1F6B6+1F3FB+200D+27A1	emoji-minimally-qualified	2	2	6	person walking facing right: light skin tone
1F6B6+1F3FC+200D+27A1+FE0F	emoji-fully-qualified	2	2	6	person walking facing right: medium-light skin tone
1F6B6+1F3FC+200D+27A1	emoji-minimally-qualified	2	2	6	person walking facing right: medium-light skin tone
1F6B6+1F3FD+200D+27A1+FE0F	emoji-fully-qualified	2	2	6	person walking facing right: medium skin tone
1F6B6+1F3FD+200D+27A1	emoji-minimally-qualified	2	2	6	person walking facing right: medium skin tone
1F6B6+1F3FE+200D+27A1+FE0F	emoji-fully-qualified	2	2	6	person walking facing right: medium-dark skin tone
1F6B6+1F3FE+200D+27A1	emoji-minimally-qualified	2	2	6	person walking facing right: medium-dark skin tone
1F6B6+1F3FF+200D+27A1+FE0F	emoji-fully-qualified	2	2	6	person walking facing right: dark skin tone
1F6B6+1F3FF+200D+27A1	emoji-minimally-qualified	2	2	6	person walking facing right: dark skin tone
1F6B6+200D+2640+FE0F+200D+27A1+FE0F	emoji-fully-qualified	2	2	6	woman walking facing right
1F6B6+200D+2640+200D+27A1+FE0F	emoji-minimally-qualified	2	2	6	woman walking facing right
1F6B6+200D+2640+FE0F+200D+27A1	emoji-minimally-qualified	2	2	6	woman walking facing right
1F6B6+200D+2640+200D+27A1	emoji-minimally-qualified	2	2	6	woman walking facing right
1F6B6+1F3FB+200D+2640+FE0F+200D+27A1+FE0F	emoji-fully-qualified	2	2	8	woman walking facing right: light skin tone
1F6B6+1F3FB+200D+2640+200D+27A1+FE0F	emoji-minimally-qualified	2	2	8	woman walking facing right: light skin tone
1F6B6+1F3FB+200D+2640+FE0F+200D+27A1	emoji-minimally-qualified	2	2	8	woman walking facing right: light skin tone
1F6B6+1F3FB+200D+2640+200D+27A1	emoji-minimally-qualified	2	2	8	woman walking facing right: light skin tone
1F6B6+1F3FC+200D+2640+FE0F+200D+27A1+FE0F	emoji-fully-qualified	2	2	8	woman walking facing right: medium-light skin tone
1F6B6+1F3FC+200D+2640+200D+27A1+FE0F	emoji-minimally-qualified	2	2	8	woman walking facing right: medium-light skin tone
1F6B6+1F3FC+200D+2640+FE0F+200D+27A1	emoji-minimally-qualified	2	2	8	woman walking facing right: medium-light skin tone
1F6B6+1F3FC+200D+2640+200D+27A1	emoji-minimally-qualified	2	2	8	woman walking facing right: medium-light skin tone
1F6B6+1F3FD+200D+2640+FE0F+200D+27A1+FE0F	emoji-fully-qualified	2	2	8	woman walking facing right: medium skin tone
1F6B6+1F3FD+200D+2640+200D+27A1+FE0F	emoji-minimally-qualified	2	2	8	woman walking facing right: medium skin tone
1F6B6+1F3FD+200D+2640+FE0F+200D+27A1	emoji-minimally-qualified	2	2	8	woman walking facing right: medium skin tone
1F6B6+1F3FD+200D+2640+200D+27A1	emoji-minimally-qualified	2	2	8	woman walking facing right: medium skin tone
1F6B6+1F3FE+200D+2640+FE0F+200D+27A1+FE0F	emoji-fully-qualified	2	2	8	woman walking facing right: medium-dark skin tone
1F6B6+1F3FE+200D+2640+200D+27A1+FE0F	emoji-minimally-qualified	2	2	8	woman walking facing right: medium-dark skin tone
1F6B6+1F3FE+200D+2640+FE0F+200D+27A1	emoji-minimally-qualified	2	2	8	woman walking facing right: medium-dark skin tone
1F6B6+1F3FE+200D+2640+200D+27A1	emoji-minimally-qualified	2	2	8	woman walking facing right: medium-dark skin tone
1F6B6+1F3FF+200D+2640+FE0F+200D+27A1+FE0F	emoji-fully-qualified	2	2	8	woman walking facing right: dark skin tone
1F6B6+1F3FF+200D+2640+200D+27A1+FE0F	emoji-minimally-qualified	2	2	8	woman walking facing right: dark skin tone
1F6B6+1F3FF+200D+2640+FE0F+200D+27A1	emoji-minimally-qualified	2	2	8	woman walking facing right: dark skin tone
1F6B6+1F3FF+200D+2640+200D+27A1	emoji-minimally-qualified	2	2	8	woman walking facing right: dark skin tone
1F6B6+200D+2642+FE0F+200D+27A1+FE0F	emoji-fully-qualified	2	2	6	man walking facing right
1F6B6+200D+2642+200D+27A1+FE0F	emoji-minimally-qualified	2	2	6	man walking facing right
1F6B6+200D+2642+FE0F+200D+27A1	emoji-minimally-qualified	2	2	6	man walking facing right
1F6B6+200D+2642+200D+27A1	emoji-minimally-qualified	2	2	6	man walking facing right
1F6B6+1F3FB+200D+2642+FE0F+200D+27A1+FE0F	emoji-fully-qualified	2	2	8	man walking facing right: light skin tone
1F6B6+1F3FB+200D+2642+200D+27A1+FE0F	emoji-minimally-qualified	2	2	8	man walking facing right: light skin tone
1F6B6+1F3FB+200D+2642+FE0F+200D+27A1	emoji-minimally-qualified	2	2	8	man walking facing right: light skin tone
1F6B6+1F3FB+200D+2642+200D+27A1	emoji-minimally-qualified	2	2	8	man walking facing right: light skin tone
1F6B6+1F3FC+200D+2642+FE0F+200D+27A1+FE0F	emoji-fully-qualified	2	2	8	man walking facing right: medium-light skin tone
1F6B6+1F3FC+200D+2642+200D+27A1+FE0F	emoji-minimally-qualified	2	2	8	man walking facing right: medium-light skin tone
1F6B6+1F3FC+200D+2642+FE0F+200D+27A1	emoji-minimally-qualified	2	2	8	man walking facing right: medium-light skin tone
1F6B6+1F3FC+200D+2642+200D+27A1	emoji-minimally-qualified	2	2	8	man walking facing right: medium-light skin tone
1F6B6+1F3FD+200D+2642+FE0F+200D+27A1+FE0F	emoji-fully-qualified	2	2	8	man walking facing right: medium skin tone
1F6B6+1F3FD+200D+2642+200D+27A1+FE0F	emoji-minimally-qualified	2	2	8	man walking facing right: medium skin tone
1F6B6+1F3FD+200D+2642+FE0F+200D+27A1	emoji-minimally-qualified	2	2	8	man walking facing right: medium skin tone
1F6B6+1F3FD+200D+2642+200D+27A1	emoji-minimally-qualified	2	2	8	man walking facing right: medium skin tone
1F6B6+1F3FE+200D+2642+FE0F+200D+27A1+FE0F	emoji-fully-qualified	2	2	8	man walking facing right: medium-dark skin tone
1F6B6+1F3FE+200D+2642+200D+27A1+FE0F	emoji-minimally-qualified	2	2	8	man walking facing right: medium-dark skin tone
1F6B6+1F3FE+200D+2642+FE0F+200D+27A1	emoji-minimally-qualified	2	2	8	man walking facing right: medium-dark skin tone
1F6B6+1F3FE+200D+2642+200D+27A1	emoji-minimally-qualified	2	2	8	man walking facing right: medium-dark skin tone
1F6B6+1F3FF+200D+2642+FE0F+200D+27A1+FE0F	emoji-fully-qualified	2	2	8	man walking facing right: dark skin tone
1F6B6+1F3FF+200D+2642+200D+27A1+FE0F	emoji-minimally-qualified	2	2	8	man walking facing right: dark skin tone
1F6B6+1F3FF+200D+2642+FE0F+200D+27A1	emoji-minimally-qualified	2	2	8	man walking facing right: dark skin tone
1F6B6+1F3FF+200D+2642+200D+27A1	emoji-minimally-qualified	2	2	8	man walking facing right: dark skin tone
1F9CD	emoji-fully-qualified	2	2	2	person standing
1F9CD+1F3FB	emoji-fully-qualified	2	2	4	person standing: light skin tone
1F9CD+1F3FC	emoji-fully-qualified	2	2	4	person standing: medium-light skin tone
1F9CD+1F3FD	emoji-fully-qualified	2	2	4	person standing: medium skin tone
1F9CD+1F3FE	emoji-fully-qualified	2	2	4	person standing: medium-dark skin tone
1F9CD+1F3FF	emoji-fully-qualified	2	2	4	person standing: dark skin tone
1F9CD+200D+2642+FE0F	emoji-fully-qualified	2	2	4	man standing
1F9CD+200D+2642	emoji-minimally-qualified	2	2	4	man standing
1F9CD+1F3FB+200D+2642+FE0F	emoji-fully-qualified	2	2	6	man standing: light skin tone
1F9CD+1F3FB+200D+2642	emoji-minimally-qualified	2	2	6	man standing: light skin tone
1F9CD+1F3FC+200D+2642+FE0F	emoji-fully-qualified	2	2	6	man standing: medium-light skin tone
1F9CD+1F3FC+200D+2642	emoji-minimally-qualified	2	2	6	man standing: medium-light skin tone
1F9CD+1F3FD+200D+2642+FE0F	emoji-fully-qualified	2	2	6	man standing: medium skin tone
1F9CD+1F3FD+200D+2642	emoji-minimally-qualified	2	2	6	man standing: medium skin tone
1F9CD+1F3FE+200D+2642+FE0F	emoji-fully-qualified	2	2	6	man standing: medium-dark skin tone
1F9CD+1F3FE+200D+2642	emoji-minimally-qualified	2	2	6	man standing: medium-dark skin tone
1F9CD+1F3FF+200D+2642+FE0F	emoji-fully-qualified	2	2	6	man standing: dark skin tone
1F9CD+1F3FF+200D+2642	emoji-minimally-qualified	2	2	6	man standing: dark skin tone
1F9CD+200D+2640+FE0F	emoji-fully-qualified	2	2	4	woman standing
1F9CD+200D+2640	emoji-minimally-qualified	2	2	4	woman standing
1F9CD+1F3FB+200D+2640+FE0F	emoji-fully-qualified	2	2	6	woman standing: light skin tone
1F9CD+1F3FB+200D+2640	emoji-minimally-qualified	2	2	6	woman standing: light skin tone
1F9CD+1F3FC+200D+2640+FE0F	emoji-fully-qualified	2	2	6	woman standing: medium-light skin tone
1F9CD+1F3FC+200D+2640	emoji-minimally-qualified	2	2	6	woman standing: medium-light skin tone
1F9CD+1F3FD+200D+2640+FE0F	emoji-fully-qualified	2	2	6	woman standing: medium skin tone
1F9CD+1F3FD+200D+2640	emoji-minimally-qualified	2	2	6	woman standing: medium skin tone
1F9CD+1F3FE+200D+2640+FE0F	emoji-fully-qualified	2	2	6	woman standing: medium-dark skin tone
1F9CD+1F3FE+200D+2640	emoji-minimally-qualified	2	2	6	woman standing: medium-dark skin tone
1F9CD+1F3FF+200D+2640+FE0F	emoji-fully-qualified	2	2	6	woman standing: dark skin tone
1F9CD+1F3FF+200D+2640	emoji-minimally-qualified	2	2	6	woman standing: dark skin tone
1F9CE	emoji-fully-qualified	2	2	2	person kneeling
1F9CE+1F3FB	emoji-fully-qualified	2	2	4	person kneeling: light skin tone
1F9CE+1F3FC	emoji-fully-qualified	2	2	4	person kneeling: medium-light skin tone
1F9CE+1F3FD	emoji-fully-qualified	2	2	4	person kneeling: medium skin tone
1F9CE+1F3FE	emoji-fully-qualified	2	2	4	person kneeling: medium-dark skin tone
1F9CE+1F3FF	emoji-fully-qualified	2	2	4	person kneeling: dark skin tone
1F9CE+200D+2642+FE0F	emoji-fully-qualified	2	2	4	man kneeling
1F9CE+200D+2642	emoji-minimally-qualified	2	2	4	man kneeling
1F9CE+1F3FB+200D+2642+FE0F	emoji-fully-qualified	2	2	6	man kneeling: light skin tone
1F9CE+1F3FB+200D+2642	emoji-minimally-qualified	2	2	6	man kneeling: light skin tone
1F9CE+1F3FC+200D+2642+FE0F	emoji-fully-qualified	2	2	6	man kneeling: medium-light skin tone
1F9CE+1F3FC+200D+2642	emoji-minimally-qualified	2	2	6	man kneeling: medium-light skin tone
1F9CE+1F3FD+200D+2642+FE0F	emoji-fully-qualified	2	2	6	man kneeling: medium skin tone
1F9CE+1F3FD+200D+2642	emoji-minimally-qualified	2	2	6	man kneeling: medium skin tone
1F9CE+1F3FE+200D+2642+FE0F	emoji-fully-qualified	2	2	6	man kneeling: medium-dark skin tone
1F9CE+1F3FE+200D+2642	emoji-minimally-qualified	2	2	6	man kneeling: medium-dark skin tone
1F9CE+1F3FF+200D+2642+FE0F	emoji-fully-qualified	2	2	6	man kneeling: dark skin tone
1F9CE+1F3FF+200D+2642	emoji-minimally-qualified	2	2	6	man kneeling: dark skin tone
1F9CE+200D+2640+FE0F	emoji-fully-qualified	2	2	4	woman kneeling
1F9CE+200D+2640	emoji-minimally-qualified	2	2	4	woman kneeling
1F9CE+1F3FB+200D+2640+FE0F	emoji-fully-qualified	2	2	6	woman kneeling: light skin tone
1F9CE+1F3FB+200D+2640	emoji-minimally-qualified	2	2	6	woman kneeling: light skin tone
1F9CE+1F3FC+200D+2640+FE0F	emoji-fully-qualified	2	2	6	woman kneeling: medium-light skin tone
1F9CE+1F3FC+200D+2640	emoji-minimally-qualified	2	2	6	woman kneeling: medium-light skin tone
1F9CE+1F3FD+200D+2640+FE0F	emoji-fully-qualified	2	2	6	woman kneeling: medium skin tone
1F9CE+1F3FD+200D+2640	emoji-minimally-qualified	2	2	6	woman kneeling: medium skin tone
1F9CE+1F3FE+200D+2640+FE0F	emoji-fully-qualified	2	2	6	woman kneeling: medium-dark skin tone
1F9CE+1F3FE+200D+2640	emoji-minimally-qualified	2	2	6	woman kneeling: medium-dark skin tone
1F9CE+1F3FF+200D+2640+FE0F	emoji-fully-qualified	2	2	6	woman kneeling: dark skin tone
1F9CE+1F3FF+200D+2640	emoji-minimally-qualified	2	2	6	woman kneeling: dark skin tone
1F9CE+200D+27A1+FE0F	emoji-fully-qualified	2	2	4	person kneeling facing right
1F9CE+200D+27A1	emoji-minimally-qualified	2	2	4	person kneeling facing right
1F9CE+1F3FB+200D+27A1+FE0F	emoji-fully-qualified	2	2	6	person kneeling facing right: light skin tone
1F9CE+1F3FB+200D+27A1	emoji-minimally-qualified	2	2	6	person kneeling facing right: light skin tone
1F9CE+1F3FC+200D+27A1+FE0F	emoji-fully-qualified	2	2	6	person kneeling facing right: medium-light skin tone
1F9CE+1F3FC+200D+27A1	emoji-minimally-qualified	2	2	6	person kneeling facing right: medium-light skin tone
1F9CE+1F3FD+200D+27A1+FE0F	emoji-fully-qualified	2	2	6	person kneeling facing right: medium skin tone
1F9CE+1F3FD+200D+27A1	emoji-minimally-qualified	2	2	6	person kneeling facing right: medium skin tone
1F9CE+1F3FE+200D+27A1+FE0F	emoji-fully-qualified	2	2	6	person kneeling facing right: medium-dark skin tone
1F9CE+1F3FE+200D+27A1	emoji-minimally-qualified	2	2	6	person kneeling facing right: medium-dark skin tone
1F9CE+1F3FF+200D+27A1+FE0F	emoji-fully-qualified	2	2	6	person kneeling facing right: dark skin tone
1F9CE+1F3FF+200D+27A1	emoji-minimally-qualified	2	2	6	person kneeling facing right: dark skin tone
1F9CE+200D+2640+FE0F+200D+27A1+FE0F	emoji-fully-qualified	2	2	6	woman kneeling facing right
1F9CE+200D+2640+200D+27A1+FE0F	emoji-minimally-qualified	2	2	6	woman kneeling facing right
1F9CE+200D+2640+FE0F+200D+27A1	emoji-minimally-qualified	2	2	6	woman kneeling facing right
1F9CE+200D+2640+200D+27A1	emoji-minimally-qualified	2	2	6	woman kneeling facing right
1F9CE+1F3FB+200D+2640+FE0F+200D+27A1+FE0F	emoji-fully-qualified	2	2	8	woman kneeling facing right: light skin tone
1F9CE+1F3FB+200D+2640+200D+27A1+FE0F	emoji-minimally-qualified	2	2	8	woman kneeling facing right: light skin tone
1F9CE+1F3FB+200D+2640+FE0F+200D+27A1	emoji-minimally-qualified	2	2	8	woman kneeling facing right: light skin tone
1F9CE+1F3FB+200D+2640+200D+27A1	emoji-minimally-qualified	2	2	8	woman kneeling facing right: light skin tone
1F9CE+1F3FC+200D+2640+FE0F+200D+27A1+FE0F	emoji-fully-qualified	2	2	8	woman kneeling facing right: medium-light skin tone
1F9CE+1F3FC+200D+2640+200D+27A1+FE0F	emoji-minimally-qualified	2	2	8	woman kneeling facing right: medium-light skin tone
1F9CE+1F3FC+200D+2640+FE0F+200D+27A1	emoji-minimally-qualified	2	2	8	woman kneeling facing right: medium-light skin tone
1F9CE+1F3FC+200D+2640+200D+27A1	emoji-minimally-qualified	2	2	8	woman kneeling facing right: medium-light skin tone
1F9CE+1F3FD+200D+2640+FE0F+200D+27A1+FE0F	emoji-fully-qualified	2	2	8	woman kneeling facing right: medium skin tone
1F9CE+1F3FD+200D+2640+200D+27A1+FE0F	emoji-minimally-qualified	2	2	8	woman kneeling facing right: medium skin tone
1F9CE+1F3FD+200D+2640+FE0F+200D+27A1	emoji-minimally-qualified	2	2	8	woman kneeling facing right: medium skin tone
1F9CE+1F3FD+200D+2640+200D+27A1	emoji-minimally-qualified	2	2	8	woman kneeling facing right: medium skin tone
1F9CE+1F3FE+200D+2640+FE0F+200D+27A1+FE0F	emoji-fully-qualified	2	2	8	woman kneeling facing right: medium-dark skin tone
1F9CE+1F3FE+200D+2640+200D+27A1+FE0F	emoji-minimally-qualified	2	2	8	woman kneeling facing right: medium-dark skin tone
1F9CE+1F3FE+200D+2640+FE0F+200D+27A1	emoji-minimally-qualified	2	2	8	woman kneeling facing right: medium-dark skin tone
1F9CE+1F3FE+200D+2640+200D+27A1	emoji-minimally-qualified	2	2	8	woman kneeling facing right: medium-dark skin tone
1F9CE+1F3FF+200D+2640+FE0F+200D+27A1+FE0F	emoji-fully-qualified	2	2	8	woman kneeling facing right: dark skin tone
1F9CE+1F3FF+200D+2640+200D+27A1+FE0F	emoji-minimally-qualified	2	2	8	woman kneeling facing right: dark skin tone
1F9CE+1F3FF+200D+2640+FE0F+200D+27A1	emoji-minimally-qualified	2	2	8	woman kneeling facing right: dark skin tone
1F9CE+1F3FF+200D+2640+200D+27A1	emoji-minimally-qualified	2	2	8	woman kneeling facing right: dark skin tone
1F9CE+200D+2642+FE0F+200D+27A1+FE0F	emoji-fully-qualified	2	2	6	man kneeling facing right
1F9CE+200D+2642+200D+27A1+FE0F	emoji-minimally-qualified	2	2	6	man kneeling facing right
1F9CE+200D+2642+FE0F+200D+27A1	emoji-minimally-qualified	2	2	6	man kneeling facing right
1F9CE+200D+2642+200D+27A1	emoji-minimally-qualified	2	2	6	man kneeling facing right
1F9CE+1F3FB+200D+2642+FE0F+200D+27A1+FE0F	emoji-fully-qualified	2	2	8	man kneeling facing right: light skin tone
1F9CE+1F3FB+200D+2642+200D+27A1+FE0F	emoji-minimally-qualified	2	2	8	man kneeling facing right: light skin tone
1F9CE+1F3FB+200D+2642+FE0F+200D+27A1	emoji-minimally-qualified	2	2	8	man kneeling facing right: light skin tone
1F9CE+1F3FB+200D+2642+200D+27A1	emoji-minimally-qualified	2	2	8	man kneeling facing right: light skin tone
1F9CE+1F3FC+200D+2642+FE0F+200D+27A1+FE0F	emoji-fully-qualified	2	2	8	man kneeling facing right: medium-light skin tone
1F9CE+1F3FC+200D+2642+200D+27A1+FE0F	emoji-minimally-qualified	2	2	8	man kneeling facing right: medium-light skin tone
1F9CE+1F3FC+200D+2642+FE0F+200D+27A1	emoji-minimally-qualified	2	2	8	man kneeling facing right: medium-light skin tone
1F9CE+1F3FC+200D+2642+200D+27A1	emoji-minimally-qualified	2	2	8	man kneeling facing right: medium-light skin tone
1F9CE+1F3FD+200D+2642+FE0F+200D+27A1+FE0F	emoji-fully-qualified	2	2	8	man kneeling facing right: medium skin tone
1F9CE+1F3FD+200D+2642+200D+27A1+FE0F	emoji-minimally-qualified	2	2	8	man kneeling facing right: medium skin tone
1F9CE+1F3FD+200D+2642+FE0F+200D+27A1	emoji-minimally-qualified	2	2	8	man kneeling facing right: medium skin tone
1F9CE+1F3FD+200D+2642+200D+27A1	emoji-minimally-qualified	2	2	8	man kneeling facing right: medium skin tone
1F9CE+1F3FE+200D+2642+FE0F+200D+27A1+FE0F	emoji-fully-qualified	2	2	8	man kneeling facing right: medium-dark skin tone
1F9CE+1F3FE+200D+2642+200D+27A1+FE0F	emoji-minimally-qualified	2	2	8	man kneeling facing right: medium-dark skin tone
1F9CE+1F3FE+200D+2642+FE0F+200D+27A1	emoji-minimally-qualified	2	2	8	man kneeling facing right: medium-dark skin tone
1F9CE+1F3FE+200D+2642+200D+27A1	emoji-minimally-qualified	2	2	8	man kneeling facing right: medium-dark skin tone
1F9CE+1F3FF+200D+2642+FE0F+200D+27A1+FE0F	emoji-fully-qualified	2	2	8	man kneeling facing right: dark skin tone
1F9CE+1F3FF+200D+2642+200D+27A1+FE0F	emoji-minimally-qualified	2	2	8	man kneeling facing right: dark skin tone
1F9CE+1F3FF+200D+2642+FE0F+200D+27A1	emoji-minimally-qualified	2	2	8	man kneeling facing right: dark skin tone
1F9CE+1F3FF+200D+2642+200D+27A1	emoji-minimally-qualified	2	2	8	man kneeling facing right: dark skin tone
1F9D1+200D+1F9AF	emoji-fully-qualified	2	2	5	person with white cane
1F9D1+1F3FB+200D+1F9AF	emoji-fully-qualified	2	2	7	person with white cane: light skin tone
1F9D1+1F3FC+200D+1F9AF	emoji-fully-qualified	2	2	7	person with white cane: medium-light skin tone
1F9D1+1F3FD+200D+1F9AF	emoji-fully-qualified	2	2	7	person with white cane: medium skin tone
1F9D1+1F3FE+200D+1F9AF	emoji-fully-qualified	2	2	7	person with white cane: medium-dark skin tone
1F9D1+1F3FF+200D+1F9AF	emoji-fully-qualified	2	2	7	person with white cane: dark skin tone
1F9D1+200D+1F9AF+200D+27A1+FE0F	emoji-fully-qualified	2	2	7	person with white cane facing right
1F9D1+200D+1F9AF+200D+27A1	emoji-minimally-qualified	2	2	7	person with white cane facing right
1F9D1+1F3FB+200D+1F9AF+200D+27A1+FE0F	emoji-fully-qualified	2	2	9	person with white cane facing right: light skin tone
1F9D1+1F3FB+200D+1F9AF+200D+27A1	emoji-minimally-qualified	2	2	9	person with white cane facing right: light skin tone
1F9D1+1F3FC+200D+1F9AF+200D+27A1+FE0F	emoji-fully-qualified	2	2	9	person with white cane facing right: medium-light skin tone
1F9D1+1F3FC+200D+1F9AF+200D+27A1	emoji-minimally-qualified	2	2	9	person with white cane facing right: medium-light skin tone
1F9D1+1F3FD+200D+1F9AF+200D+27A1+FE0F	emoji-fully-qualified	2	2	9	person with white cane facing right: medium skin tone
1F9D1+1F3FD+200D+1F9AF+200D+27A1	emoji-minimally-qualified	2	2	9	person with white cane facing right: medium skin tone
1F9D1+1F3FE+200D+1F9AF+200D+27A1+FE0F	emoji-fully-qualified	2	2	9	person with white cane facing right: medium-dark skin tone
1F9D1+1F3FE+200D+1F9AF+200D+27A1	emoji-minimally-qualified	2	2	9	person with white cane facing right: medium-dark skin tone
1F9D1+1F3FF+200D+1F9AF+200D+27A1+FE0F	emoji-fully-qualified	2	2	9	person with white cane facing right: dark skin tone
1F9D1+1F3FF+200D+1F9AF+200D+27A1	emoji-minimally-qualified	2	2	9	person with white cane facing right: dark skin tone
1F468+200D+1F9AF	emoji-fully-qualified	2	2	5	man with white cane
1F468+1F3FB+200D+1F9AF	emoji-fully-qualified	2	2	7	man with white cane: light skin tone
1F468+1F3FC+200D+1F9AF	emoji-fully-qualified	2	2	7	man with white cane: medium-light skin tone
1F468+1F3FD+200D+1F9AF	emoji-fully-qualified	2	2	7	man with white cane: medium skin tone
1F468+1F3FE+200D+1F9AF	emoji-fully-qualified	2	2	7	man with white cane: medium-dark skin tone
1F468+1F3FF+200D+1F9AF	emoji-fully-qualified	2	2	7	man with white cane: dark skin tone
1F468+200D+1F9AF+200D+27A1+FE0F	emoji-fully-qualified	2	2	7	man with white cane facing right
1F468+200D+1F9AF+200D+27A1	emoji-minimally-qualified	2	2	7	man with white cane facing right
1F468+1F3FB+200D+1F9AF+200D+27A1+FE0F	emoji-fully-qualified	2	2	9	man with white cane facing right: light skin tone
1F468+1F3FB+200D+1F9AF+200D+27A1	emoji-minimally-qualified	2	2	9	man with white cane facing right: light skin tone
1F468+1F3FC+200D+1F9AF+200D+27A1+FE0F	emoji-fully-qualified	2	2	9	man with white cane facing right: medium-light skin tone
1F468+1F3FC+200D+1F9AF+200D+27A1	emoji-minimally-qualified	2	2	9	man with white cane facing right: medium-light skin tone
1F468+1F3FD+200D+1F9AF+200D+27A1+FE0F	emoji-fully-qualified	2	2	9	man with white cane facing right: medium skin tone
1F468+1F3FD+200D+1F9AF+200D+27A1	emoji-minimally-qualified	2	2	9	man with white cane facing right: medium skin tone
1F468+1F3FE+200D+1F9AF+200D+27A1+FE0F	emoji-fully-qualified	2	2	9	man with white cane facing right: medium-dark skin tone
1F468+1F3FE+200D+1F9AF+200D+27A1	emoji-minimally-qualified	2	2	9	man with white cane facing right: medium-dark skin tone
1F468+1F3FF+200D+1F9AF+200D+27A1+FE0F	emoji-fully-qualified	2	2	9	man with white cane facing right: dark skin tone
1F468+1F3FF+200D+1F9AF+200D+27A1	emoji-minimally-qualified	2	2	9	man with white cane facing right: dark skin tone
1F469+200D+1F9AF	emoji-fully-qualified	2	2	5	woman with white cane
1F469+1F3FB+200D+1F9AF	emoji-fully-qualified	2	2	7	woman with white cane: light skin tone
1F469+1F3FC+200D+1F9AF	emoji-fully-qualified	2	2	7	woman with white cane: medium-light skin tone
1F469+1F3FD+200D+1F9AF	emoji-fully-qualified	2	2	7	woman with white cane: medium skin tone
1F469+1F3FE+200D+1F9AF	emoji-fully-qualified	2	2	7	woman with white cane: medium-dark skin tone
1F469+1F3FF+200D+1F9AF	emoji-fully-qualified	2	2	7	woman with white cane: dark skin tone
1F469+200D+1F9AF+200D+27A1+FE0F	emoji-fully-qualified	2	2	7	woman with white cane facing right
1F469+200D+1F9AF+200D+27A1	emoji-minimally-qualified	2	2	7	woman with white cane facing right
1F469+1F3FB+200D+1F9AF+200D+27A1+FE0F	emoji-fully-qualified	2	2	9	woman with white cane facing right: light skin tone
1F469+1F3FB+200D+1F9AF+200D+27A1	emoji-minimally-qualified	2	2	9	woman with white cane facing right: light skin tone
1F469+1F3FC+200D+1F9AF+200D+27A1+FE0F	emoji-fully-qualified	2	2	9	woman with white cane facing right: medium-light skin tone
1F469+1F3FC+200D+1F9AF+200D+27A1	emoji-minimally-qualified	2	2	9	woman with white cane facing right: medium-light skin tone
1F469+1F3FD+200D+1F9AF+200D+27A1+FE0F	emoji-fully-qualified	2	2	9	woman with white cane facing right: medium skin tone
1F469+1F3FD+200D+1F9AF+200D+27A1	emoji-minimally-qualified	2	2	9	woman with white cane facing right: medium skin tone
1F469+1F3FE+200D+1F9AF+200D+27A1+FE0F	emoji-fully-qualified	2	2	9	woman with white cane facing right: medium-dark skin tone
1F469+1F3FE+200D+1F9AF+200D+27A1	emoji-minimally-qualified	2	2	9	woman with white cane facing right: medium-dark skin tone
1F469+1F3FF+200D+1F9AF+200D+27A1+FE0F	emoji-fully-qualified	2	2	9	woman with white cane facing right: dark skin tone
1F469+1F3FF+200D+1F9AF+200D+27A1	emoji-minimally-qualified	2	2	9	woman with white cane facing right: dark skin tone
1F9D1+200D+1F9BC	emoji-fully-qualified	2	2	5	person in motorized wheelchair
1F9D1+1F3FB+200D+1F9BC	emoji-fully-qualified	2	2	7	person in motorized wheelchair: light skin tone
1F9D1+1F3FC+200D+1F9BC	emoji-fully-qualified	2	2	7	person in motorized wheelchair: medium-light skin tone
1F9D1+1F3FD+200D+1F9BC	emoji-fully-qualified	2	2	7	person in motorized wheelchair: medium skin tone
1F9D1+1F3FE+200D+1F9BC	emoji-fully-qualified	2	2	7	person in motorized wheelchair: medium-dark skin tone
1F9D1+1F3FF+200D+1F9BC	emoji-fully-qualified	2	2	7	person in motorized wheelchair: dark skin tone
1F9D1+200D+1F9BC+200D+27A1+FE0F	emoji-fully-qualified	2	2	7	person in motorized wheelchair facing right
1F9D1+200D+1F9BC+200D+27A1	emoji-minimally-qualified	2	2	7	person in motorized wheelchair facing right
1F9D1+1F3FB+200D+1F9BC+200D+27A1+FE0F	emoji-fully-qualified	2	2	9	person in motorized wheelchair facing right: light skin tone
1F9D1+1F3FB+200D+1F9BC+200D+27A1	emoji-minimally-qualified	2	2	9	person in motorized wheelchair facing right: light skin tone
1F9D1+1F3FC+200D+1F9BC+200D+27A1+FE0F	emoji-fully-qualified	2	2	9	person in motorized wheelchair facing right: medium-light skin tone
1F9D1+1F3FC+200D+1F9BC+200D+27A1	emoji-minimally-qualified	2	2	9	person in motorized wheelchair facing right: medium-light skin tone
1F9D1+1F3FD+200D+1F9BC+200D+27A1+FE0F	emoji-fully-qualified	2	2	9	person in motorized wheelchair facing right: medium skin tone
1F9D1+1F3FD+200D+1F9BC+200D+27A1	emoji-minimally-qualified	2	2	9	person in motorized wheelchair facing right: medium skin tone
1F9D1+1F3FE+200D+1F9BC+200D+27A1+FE0F	emoji-fully-qualified	2	2	9	person in motorized wheelchair facing right: medium-dark skin tone
1F9D1+1F3FE+200D+1F9BC+200D+27A1	emoji-minimally-qualified	2	2	9	person in motorized wheelchair facing right: medium-dark skin tone
1F9D1+1F3FF+200D+1F9BC+200D+27A1+FE0F	emoji-fully-qualified	2	2	9	person in motorized wheelchair facing right: dark skin tone
1F9D1+1F3FF+200D+1F9BC+200D+27A1	emoji-minimally-qualified	2	2	9	person in motorized wheelchair facing right: dark skin tone
1F468+200D+1F9BC	emoji-fully-qualified	2	2	5	man in motorized wheelchair
1F468+1F3FB+200D+1F9BC	emoji-fully-qualified	2	2	7	man in motorized wheelchair: light skin tone
1F468+1F3FC+200D+1F9BC	emoji-fully-qualified	2	2	7	man in motorized wheelchair: medium-light skin tone
1F468+1F3FD+200D+1F9BC	emoji-fully-qualified	2	2	7	man in motorized wheelchair: medium skin tone
1F468+1F3FE+200D+1F9BC	emoji-fully-qualified	2	2	7	man in motorized wheelchair: medium-dark skin tone
1F468+1F3FF+200D+1F9BC	emoji-fully-qualified	2	2	7	man in motorized wheelchair: dark skin tone
1F468+200D+1F9BC+200D+27A1+FE0F	emoji-fully-qualified	2	2	7	man in motorized wheelchair facing right
1F468+200D+1F9BC+200D+27A1	emoji-minimally-qualified	2	2	7	man in motorized wheelchair facing right
1F468+1F3FB+200D+1F9BC+200D+27A1+FE0F	emoji-fully-qualified	2	2	9	man in motorized wheelchair facing right: light skin tone
1F468+1F3FB+200D+1F9BC+200D+27A1	emoji-minimally-qualified	2	2	9	man in motorized wheelchair facing right: light skin tone
1F468+1F3FC+200D+1F9BC+200D+27A1+FE0F	emoji-fully-qualified	2	2	9	man in motorized wheelchair facing right: medium-light skin tone
1F468+1F3FC+200D+1F9BC+200D+27A1	emoji-minimally-qualified	2	2	9	man in motorized wheelchair facing right: medium-light skin tone
1F468+1F3FD+200D+1F9BC+200D+27A1+FE0F	emoji-fully-qualified	2	2	9	man in motorized wheelchair facing right: medium skin tone
1F468+1F3FD+200D+1F9BC+200D+27A1	emoji-minimally-qualified	2	2	9	man in motorized wheelchair facing right: medium skin tone
1F468+1F3FE+200D+1F9BC+200D+27A1+FE0F	emoji-fully-qualified	2	2	9	man in motorized wheelchair facing right: medium-dark skin tone
1F468+1F3FE+200D+1F9BC+200D+27A1	emoji-minimally-qualified	2	2	9	man in motorized wheelchair facing right: medium-dark skin tone
1F468+1F3FF+200D+1F9BC+200D+27A1+FE0F	emoji-fully-qualified	2	2	9	man in motorized wheelchair facing right: dark skin tone
1F468+1F3FF+200D+1F9BC+200D+27A1	emoji-minimally-qualified	2	2	9	man in motorized wheelchair facing right: dark skin tone
1F469+200D+1F9BC	emoji-fully-qualified	2	2	5	woman in motorized wheelchair
1F469+1F3FB+200D+1F9BC	emoji-fully-qualified	2	2	7	woman in motorized wheelchair: light skin tone
1F469+1F3FC+200D+1F9BC	emoji-fully-qualified	2	2	7	woman in motorized wheelchair: medium-light skin tone
1F469+1F3FD+200D+1F9BC	emoji-fully-qualified	2	2	7	woman in motorized wheelchair: medium skin tone
1F469+1F3FE+200D+1F9BC	emoji-fully-qualified	2	2	7	woman in motorized wheelchair: medium-dark skin tone
1F469+1F3FF+200D+1F9BC	emoji-fully-qualified	2	2	7	woman in motorized wheelchair: dark skin tone
1F469+200D+1F9BC+200D+27A1+FE0F	emoji-fully-qualified	2	2	7	woman in motorized wheelchair facing right
1F469+200D+1F9BC+200D+27A1	emoji-minimally-qualified	2	2	7	woman in motorized wheelchair facing right
1F469+1F3FB+200D+1F9BC+200D+27A1+FE0F	emoji-fully-qualified	2	2	9	woman in motorized wheelchair facing right: light skin tone
1F469+1F3FB+200D+1F9BC+200D+27A1	emoji-minimally-qualified	2	2	9	woman in motorized wheelchair facing right: light skin tone
1F469+1F3FC+200D+1F9BC+200D+27A1+FE0F	emoji-fully-qualified	2	2	9	woman in motorized wheelchair facing right: medium-light skin tone
1F469+1F3FC+200D+1F9BC+200D+27A1	emoji-minimally-qualified	2	2	9	woman in motorized wheelchair facing right: medium-light skin tone
1F469+1F3FD+200D+1F9BC+200D+27A1+FE0F	emoji-fully-qualified	2	2	9	woman in motorized wheelchair facing right: medium skin tone
1F469+1F3FD+200D+1F9BC+200D+27A1	emoji-minimally-qualified	2	2	9	woman in motorized wheelchair facing right: medium skin tone
1F469+1F3FE+200D+1F9BC+200D+27A1+FE0F	emoji-fully-qualified	2	2	9	woman in motorized wheelchair facing right: medium-dark skin tone
1F469+1F3FE+200D+1F9BC+200D+27A1	emoji-minimally-qualified	2	2	9	woman in motorized wheelchair facing right: medium-dark skin tone
1F469+1F3FF+200D+1F9BC+200D+27A1+FE0F	emoji-fully-qualified	2	2	9	woman in motorized wheelchair facing right: dark skin tone
1F469+1F3FF+200D+1F9BC+200D+27A1	emoji-minimally-qualified	2	2	9	woman in motorized wheelchair facing right: dark skin tone
1F9D1+200D+1F9BD	emoji-fully-qualified	2	2	5	person in manual wheelchair
1F9D1+1F3FB+200D+1F9BD	emoji-fully-qualified	2	2	7	person in manual wheelchair: light skin tone
1F9D1+1F3FC+200D+1F9BD	emoji-fully-qualified	2	2	7	person in manual wheelchair: medium-light skin tone
1F9D1+1F3FD+200D+1F9BD	emoji-fully-qualified	2	2	7	person in manual wheelchair: medium skin tone
1F9D1+1F3FE+200D+1F9BD	emoji-fully-qualified	2	2	7	person in manual wheelchair: medium-dark skin tone
1F9D1+1F3FF+200D+1F9BD	emoji-fully-qualified	2	2	7	person in manual wheelchair: dark skin tone
1F9D1+200D+1F9BD+200D+27A1+FE0F	emoji-fully-qualified	2	2	7	person in manual wheelchair facing right
1F9D1+200D+1F9BD+200D+27A1	emoji-minimally-qualified	2	2	7	person in manual wheelchair facing right
1F9D1+1F3FB+200D+1F9BD+200D+27A1+FE0F	emoji-fully-qualified	2	2	9	person in manual wheelchair facing right: light skin tone
1F9D1+1F3FB+200D+1F9BD+200D+27A1	emoji-minimally-qualified	2	2	9	person in manual wheelchair facing right: light skin tone
1F9D1+1F3FC+200D+1F9BD+200D+27A1+FE0F	emoji-fully-qualified	2	2	9	person in manual wheelchair facing right: medium-light skin tone
1F9D1+1F3FC+200D+1F9BD+200D+27A1	emoji-minimally-qualified	2	2	9	person in manual wheelchair facing right: medium-light skin tone
1F9D1+1F3FD+200D+1F9BD+200D+27A1+FE0F	emoji-fully-qualified	2	2	9	person in manual wheelchair facing right: medium skin tone
1F9D1+1F3FD+200D+1F9BD+200D+27A1	emoji-minimally-qualified	2	2	9	person in manual wheelchair facing right: medium skin tone
1F9D1+1F3FE+200D+1F9BD+200D+27A1+FE0F	emoji-fully-qualified	2	2	9	person in manual wheelchair facing right: medium-dark skin tone
1F9D1+1F3FE+200D+1F9BD+200D+27A1	emoji-minimally-qualified	2	2	9	person in manual wheelchair facing right: medium-dark skin tone
1F9D1+1F3FF+200D+1F9BD+200D+27A1+FE0F	emoji-fully-qualified	2	2	9	person in manual wheelchair facing right: dark skin tone
1F9D1+1F3FF+200D+1F9BD+200D+27A1	emoji-minimally-qualified	2	2	9	person in manual wheelchair facing right: dark skin tone
1F468+200D+1F9BD	emoji-fully-qualified	2	2	5	man in manual wheelchair
1F468+1F3FB+200D+1F9BD	emoji-fully-qualified	2	2	7	man in manual wheelchair: light skin tone
1F468+1F3FC+200D+1F9BD	emoji-fully-qualified	2	2	7	man in manual wheelchair: medium-light skin tone
1F468+1F3FD+200D+1F9BD	emoji-fully-qualified	2	2	7	man in manual wheelchair: medium skin tone
1F468+1F3FE+200D+1F9BD	emoji-fully-qualified	2	2	7	man in manual wheelchair: medium-dark skin tone
1F468+1F3FF+200D+1F9BD	emoji-fully-qualified	2	2	7	man in manual wheelchair: dark skin tone
1F468+200D+1F9BD+200D+27A1+FE0F	emoji-fully-qualified	2	2	7	man in manual wheelchair facing right
1F468+200D+1F9BD+200D+27A1	emoji-minimally-qualified	2	2	7	man in manual wheelchair facing right
1F468+1F3FB+200D+1F9BD+200D+27A1+FE0F	emoji-fully-qualified	2	2	9	man in manual wheelchair facing right: light skin tone
1F468+1F3FB+200D+1F9BD+200D+27A1	emoji-minimally-qualified	2	2	9	man in manual wheelchair facing right: light skin tone
1F468+1F3FC+200D+1F9BD+200D+27A1+FE0F	emoji-fully-qualified	2	2	9	man in manual wheelchair facing right: medium-light skin tone
1F468+1F3FC+200D+1F9BD+200D+27A1	emoji-minimally-qualified	2	2	9	man in manual wheelchair facing right: medium-light skin tone
1F468+1F3FD+200D+1F9BD+200D+27A1+FE0F	emoji-fully-qualified	2	2	9	man in manual wheelchair facing right: medium skin tone
1F468+1F3FD+200D+1F9BD+200D+27A1	emoji-minimally-qualified	2	2	9	man in manual wheelchair facing right: medium skin tone
1F468+1F3FE+200D+1F9BD+200D+27A1+FE0F	emoji-fully-qualified	2	2	9	man in manual wheelchair facing right: medium-dark skin tone
1F468+1F3FE+200D+1F9BD+200D+27A1	emoji-minimally-qualified	2	2	9	man in manual wheelchair facing right: medium-dark skin tone
1F468+1F3FF+200D+1F9BD+200D+27A1+FE0F	emoji-fully-qualified	2	2	9	man in manual wheelchair facing right: dark skin tone
1F468+1F3FF+200D+1F9BD+200D+27A1	emoji-minimally-qualified	2	2	9	man in manual wheelchair facing right: dark skin tone
1F469+200D+1F9BD	emoji-fully-qualified	2	2	5	woman in manual wheelchair
1F469+1F3FB+200D+1F9BD	emoji-fully-qualified	2	2	7	woman in manual wheelchair: light skin tone
1F469+1F3FC+200D+1F9BD	emoji-fully-qualified	2	2	7	woman in manual wheelchair: medium-light skin tone
1F469+1F3FD+200D+1F9BD	emoji-fully-qualified	2	2	7	woman in manual wheelchair: medium skin tone
1F469+1F3FE+200D+1F9BD	emoji-fully-qualified	2	2	7	woman in manual wheelchair: medium-dark skin tone
1F469+1F3FF+200D+1F9BD	emoji-fully-qualified	2	2	7	woman in manual wheelchair: dark skin tone
1F469+200D+1F9BD+200D+27A1+FE0F	emoji-fully-qualified	2	2	7	woman in manual wheelchair facing right
1F469+200D+1F9BD+200D+27A1	emoji-minimally-qualified	2	2	7	woman in manual wheelchair facing right
1F469+1F3FB+200D+1F9BD+200D+27A1+FE0F	emoji-fully-qualified	2	2	9	woman in manual wheelchair facing right: light skin tone
1F469+1F3FB+200D+1F9BD+200D+27A1	emoji-minimally-qualified	2	2	9	woman in manual wheelchair facing right: light skin tone
1F469+1F3FC+200D+1F9BD+200D+27A1+FE0F	emoji-fully-qualified	2	2	9	woman in manual wheelchair facing right: medium-light skin tone
1F469+1F3FC+200D+1F9BD+200D+27A1	emoji-minimally-qualified	2	2	9	woman in manual wheelchair facing right: medium-light skin tone
1F469+1F3FD+200D+1F9BD+200D+27A1+FE0F	emoji-fully-qualified	2	2	9	woman in manual wheelchair facing right: medium skin tone
1F469+1F3FD+200D+1F9BD+200D+27A1	emoji-minimally-qualified	2	2	9	woman in manual wheelchair facing right: medium skin tone
1F469+1F3FE+200D+1F9BD+200D+27A1+FE0F	emoji-fully-qualified	2	2	9	woman in manual wheelchair facing right: medium-dark skin tone
1F469+1F3FE+200D+1F9BD+200D+27A1	emoji-minimally-qualified	2	2	9	woman in manual wheelchair facing right: medium-dark skin tone
1F469+1F3FF+200D+1F9BD+200D+27A1+FE0F	emoji-fully-qualified	2	2	9	woman in manual wheelchair facing right: dark skin tone
1F469+1F3FF+200D+1F9BD+200D+27A1	emoji-minimally-qualified	2	2	9	woman in manual wheelchair facing right: dark skin tone
1F3C3	emoji-fully-qualified	2	2	2	person running
1F3C3+1F3FB	emoji-fully-qualified	2	2	4	person running: light skin tone
1F3C3+1F3FC	emoji-fully-qualified	2	2	4	person running: medium-light skin tone
1F3C3+1F3FD	emoji-fully-qualified	2	2	4	person running: medium skin tone
1F3C3+1F3FE	emoji-fully-qualified	2	2	4	person running: medium-dark skin tone
1F3C3+1F3FF	emoji-fully-qualified	2	2	4	person running: dark skin tone
1F3C3+200D+2642+FE0F	emoji-fully-qualified	2	2	4	man running
1F3C3+200D+2642	emoji-minimally-qualified	2	2	4	man running
1F3C3+1F3FB+200D+2642+FE0F	emoji-fully-qualified	2	2	6	man running: light skin tone
1F3C3+1F3FB+200D+2642	emoji-minimally-qualified	2	2	6	man running: light skin tone
1F3C3+1F3FC+200D+2642+FE0F	emoji-fully-qualified	2	2	6	man running: medium-light skin tone
1F3C3+1F3FC+200D+2642	emoji-minimally-qualified	2	2	6	man running: medium-light skin tone
1F3C3+1F3FD+200D+2642+FE0F	emoji-fully-qualified	2	2	6	man running: medium skin tone
1F3C3+1F3FD+200D+2642	emoji-minimally-qualified	2	2	6	man running: medium skin tone
1F3C3+1F3FE+200D+2642+FE0F	emoji-fully-qualified	2	2	6	man running: medium-dark skin tone
1F3C3+1F3FE+200D+2642	emoji-minimally-qualified	2	2	6	man running: medium-dark skin tone
1F3C3+1F3FF+200D+2642+FE0F	emoji-fully-qualified	2	2	6	man running: dark skin tone
1F3C3+1F3FF+200D+2642	emoji-minimally-qualified	2	2	6	man running: dark skin tone
1F3C3+200D+2640+FE0F	emoji-fully-qualified	2	2	4	woman running
1F3C3+200D+2640	emoji-minimally-qualified	2	2	4	woman running
1F3C3+1F3FB+200D+2640+FE0F	emoji-fully-qualified	2	2	6	woman running: light skin tone
1F3C3+1F3FB+200D+2640	emoji-minimally-qualified	2	2	6	woman running: light skin tone
1F3C3+1F3FC+200D+2640+FE0F	emoji-fully-qualified	2	2	6	woman running: medium-light skin tone
1F3C3+1F3FC+200D+2640	emoji-minimally-qualified	2	2	6	woman running: medium-light skin tone
1F3C3+1F3FD+200D+2640+FE0F	emoji-fully-qualified	2	2	6	woman running: medium skin tone
1F3C3+1F3FD+200D+2640	emoji-minimally-qualified	2	2	6	woman running: medium skin tone
1F3C3+1F3FE+200D+2640+FE0F	emoji-fully-qualified	2	2	6	woman running: medium-dark skin tone
1F3C3+1F3FE+200D+2640	emoji-minimally-qualified	2	2	6	woman running: medium-dark skin tone
1F3C3+1F3FF+200D+2640+FE0F	emoji-fully-qualified	2	2	6	woman running: dark skin tone
1F3C3+1F3FF+200D+2640	emoji-minimally-qualified	2	2	6	woman running: dark skin tone
1F3C3+200D+27A1+FE0F	emoji-fully-qualified	2	2	4	person running facing right
1F3C3+200D+27A1	emoji-minimally-qualified	2	2	4	person running facing right
1F3C3+1F3FB+200D+27A1+FE0F	emoji-fully-qualified	2	2	6	person running facing right: light skin tone
1F3C3+1F3FB+200D+27A1	emoji-minimally-qualified	2	2	6	person running facing right: light skin tone
1F3C3+1F3FC+200D+27A1+FE0F	emoji-fully-qualified	2	2	6	person running facing right: medium-light skin tone
1F3C3+1F3FC+200D+27A1	emoji-minimally-qualified	2	2	6	person running facing right: medium-light skin tone
1F3C3+1F3FD+200D+27A1+FE0F	emoji-fully-qualified	2	2	6	person running facing right: medium skin tone
1F3C3+1F3FD+200D+27A1	emoji-minimally-qualified	2	2	6	person running facing right: medium skin tone
1F3C3+1F3FE+200D+27A1+FE0F	emoji-fully-qualified	2	2	6	person running facing right: medium-dark skin tone
1F3C3+1F3FE+200D+27A1	emoji-minimally-qualified	2	2	6	person running facing right: medium-dark skin tone
1F3C3+1F3FF+200D+27A1+FE0F	emoji-fully-qualified	2	2	6	person running facing right: dark skin tone
1F3C3+1F3FF+200D+27A1	emoji-minimally-qualified	2	2	6	person running facing right: dark skin tone
1F3C3+200D+2640+FE0F+200D+27A1+FE0F	emoji-fully-qualified	2	2	6	woman running facing right
1F3C3+200D+2640+200D+27A1+FE0F	emoji-minimally-qualified	2	2	6	woman running facing right
1F3C3+200D+2640+FE0F+200D+27A1	emoji-minimally-qualified	2	2	6	woman running facing right
1F3C3+200D+2640+200D+27A1	emoji-minimally-qualified	2	2	6	woman running facing right
1F3C3+1F3FB+200D+2640+FE0F+200D+27A1+FE0F	emoji-fully-qualified	2	2	8	woman running facing right: light skin tone
1F3C3+1F3FB+200D+2640+200D+27A1+FE0F	emoji-minimally-qualified	2	2	8	woman running facing right: light skin tone
1F3C3+1F3FB+200D+2640+FE0F+200D+27A1	emoji-minimally-qualified	2	2	8	woman running facing right: light skin tone
1F3C3+1F3FB+200D+2640+200D+27A1	emoji-minimally-qualified	2	2	8	woman running facing right: light skin tone
1F3C3+1F3FC+200D+2640+FE0F+200D+27A1+FE0F	emoji-fully-qualified	2	2	8	woman running facing right: medium-light skin tone
1F3C3+1F3FC+200D+2640+200D+27A1+FE0F	emoji-minimally-qualified	2	2	8	woman running facing right: medium-light skin tone
1F3C3+1F3FC+200D+2640+FE0F+200D+27A1	emoji-minimally-qualified	2	2	8	woman running facing right: medium-light skin tone
1F3C3+1F3FC+200D+2640+200D+27A1	emoji-minimally-qualified	2	2	8	woman running facing right: medium-light skin tone
1F3C3+1F3FD+200D+2640+FE0F+200D+27A1+FE0F	emoji-fully-qualified	2	2	8	woman running facing right: medium skin tone
1F3C3+1F3FD+200D+2640+200D+27A1+FE0F	emoji-minimally-qualified	2	2	8	woman running facing right: medium skin tone
1F3C3+1F3FD+200D+2640+FE0F+200D+27A1	emoji-minimally-qualified	2	2	8	woman running facing right: medium skin tone
1F3C3+1F3FD+200D+2640+200D+27A1	emoji-minimally-qualified	2	2	8	woman running facing right: medium skin tone
1F3C3+1F3FE+200D+2640+FE0F+200D+27A1+FE0F	emoji-fully-qualified	2	2	8	woman running facing right: medium-dark skin tone
1F3C3+1F3FE+200D+2640+200D+27A1+FE0F	emoji-minimally-qualified	2	2	8	woman running facing right: medium-dark skin tone
1F3C3+1F3FE+200D+2640+FE0F+200D+27A1	emoji-minimally-qualified	2	2	8	woman running facing right: medium-dark skin tone
1F3C3+1F3FE+200D+2640+200D+27A1	emoji-minimally-qualified	2	2	8	woman running facing right: medium-dark skin tone
1F3C3+1F3FF+200D+2640+FE0F+200D+27A1+FE0F	emoji-fully-qualified	2	2	8	woman running facing right: dark skin tone
1F3C3+1F3FF+200D+2640+200D+27A1+FE0F	emoji-minimally-qualified	2	2	8	woman running facing right: dark skin tone
1F3C3+1F3FF+200D+2640+FE0F+200D+27A1	emoji-minimally-qualified	2	2	8	woman running facing right: dark skin tone
1F3C3+1F3FF+200D+2640+200D+27A1	emoji-minimally-qualified	2	2	8	woman running facing right: dark skin tone
1F3C3+200D+2642+FE0F+200D+27A1+FE0F	emoji-fully-qualified	2	2	6	man running facing right
1F3C3+200D+2642+200D+27A1+FE0F	emoji-minimally-qualified	2	2	6	man running facing right
1F3C3+200D+2642+FE0F+200D+27A1	emoji-minimally-qualified	2	2	6	man running facing right
1F3C3+200D+2642+200D+27A1	emoji-minimally-qualified	2	2	6	man running facing right
1F3C3+1F3FB+200D+2642+FE0F+200D+27A1+FE0F	emoji-fully-qualified	2	2	8	man running facing right: light skin tone
1F3C3+1F3FB+200D+2642+200D+27A1+FE0F	emoji-minimally-qualified	2	2	8	man running facing right: light skin tone
1F3C3+1F3FB+200D+2642+FE0F+200D+27A1	emoji-minimally-qualified	2	2	8	man running facing right: light skin tone
1F3C3+1F3FB+200D+2642+200D+27A1	emoji-minimally-qualified	2	2	8	man running facing right: light skin tone
1F3C3+1F3FC+200D+2642+FE0F+200D+27A1+FE0F	emoji-fully-qualified	2	2	8	man running facing right: medium-light skin tone
1F3C3+1F3FC+200D+2642+200D+27A1+FE0F	emoji-minimally-qualified	2	2	8	man running facing right: medium-light skin tone
1F3C3+1F3FC+200D+2642+FE0F+200D+27A1	emoji-minimally-qualified	2	2	8	man running facing right: medium-light skin tone
1F3C3+1F3FC+200D+2642+200D+27A1	emoji-minimally-qualified	2	2	8	man running facing right: medium-light skin tone
1F3C3+1F3FD+200D+2642+FE0F+200D+27A1+FE0F	emoji-fully-qualified	2	2	8	man running facing right: medium skin tone
1F3C3+1F3FD+200D+2642+200D+27A1+FE0F	emoji-minimally-qualified	2	2	8	man running facing right: medium skin tone
1F3C3+1F3FD+200D+2642+FE0F+200D+27A1	emoji-minimally-qualified	2	2	8	man running facing right: medium skin tone
1F3C3+1F3FD+200D+2642+200D+27A1	emoji-minimally-qualified	2	2	8	man running facing right: medium skin tone
1F3C3+1F3FE+200D+2642+FE0F+200D+27A1+FE0F	emoji-fully-qualified	2	2	8	man running facing right: medium-dark skin tone
1F3C3+1F3FE+200D+2642+200D+27A1+FE0F	emoji-minimally-qualified	2	2	8	man running facing right: medium-dark skin tone
1F3C3+1F3FE+200D+2642+FE0F+200D+27A1	emoji-minimally-qualified	2	2	8	man running facing right: medium-dark skin tone
1F3C3+1F3FE+200D+2642+200D+27A1	emoji-minimally-qualified	2	2	8	man running facing right: medium-dark skin tone
1F3C3+1F3FF+200D+2642+FE0F+200D+27A1+FE0F	emoji-fully-qualified	2	2	8	man running facing right: dark skin tone
1F3C3+1F3FF+200D+2642+200D+27A1+FE0F	emoji-minimally-qualified	2	2	8	man running facing right: dark skin tone
1F3C3+1F3FF+200D+2642+FE0F+200D+27A1	emoji-minimally-qualified	2	2	8	man running facing right: dark skin tone
1F3C3+1F3FF+200D+2642+200D+27A1	emoji-minimally-qualified	2	2	8	man running facing right: dark skin tone
1F483	emoji-fully-qualified	2	2	2	woman dancing
1F483+1F3FB	emoji-fully-qualified	2	2	4	woman dancing: light skin tone
1F483+1F3FC	emoji-fully-qualified	2	2	4	woman dancing: medium-light skin tone
1F483+1F3FD	emoji-fully-qualified	2	2	4	woman dancing: medium skin tone
1F483+1F3FE	emoji-fully-qualified	2	2	4	woman dancing: medium-dark skin tone
1F483+1F3FF	emoji-fully-qualified	2	2	4	woman dancing: dark skin tone
1F57A	emoji-fully-qualified	2	2	2	man dancing
1F57A+1F3FB	emoji-fully-qualified	2	2	4	man dancing: light skin tone
1F57A+1F3FC	emoji-fully-qualified	2	2	4	man dancing: medium-light skin tone
1F57A+1F3FD	emoji-fully-qualified	2	2	4	man dancing: medium skin tone
1F57A+1F3FE	emoji-fully-qualified	2	2	4	man dancing: medium-dark skin tone
1F57A+1F3FF	emoji-fully-qualified	2	2	4	man dancing: dark skin tone
1F574+FE0F	emoji-fully-qualified	2	2	1	person in suit levitating
1F574	emoji-unqualified	2	1	1	person in suit levitating
1F574+1F3FB	emoji-fully-qualified	2	1	3	person in suit levitating: light skin tone
1F574+1F3FC	emoji-fully-qualified	2	1	3	person in suit levitating: medium-light skin tone
1F574+1F3FD	emoji-fully-qualified	2	1	3	person in suit levitating: medium skin tone
1F574+1F3FE	emoji-fully-qualified	2	1	3	person in suit levitating: medium-dark skin tone
1F574+1F3FF	emoji-fully-qualified	2	1	3	person in suit levitating: dark skin tone
1F46F	emoji-fully-qualified	2	2	2	people with bunny ears
1F46F+200D+2642+FE0F	emoji-fully-qualified	2	2	4	men with bunny ears
1F46F+200D+2642	emoji-minimally-qualified	2	2	4	men with bunny ears
1F46F+200D+2640+FE0F	emoji-fully-qualified	2	2	4	women with bunny ears
1F46F+200D+2640	emoji-minimally-qualified	2	2	4	women with bunny ears
1F9D6	emoji-fully-qualified	2	2	2	person in steamy room
1F9D6+1F3FB	emoji-fully-qualified	2	2	4	person in steamy room: light skin tone
1F9D6+1F3FC	emoji-fully-qualified	2	2	4	person in steamy room: medium-light skin tone
1F9D6+1F3FD	emoji-fully-qualified	2	2	4	person in steamy room: medium skin tone
1F9D6+1F3FE	emoji-fully-qualified	2	2	4	person in steamy room: medium-dark skin tone
1F9D6+1F3FF	emoji-fully-qualified	2	2	4	person in steamy room: dark skin tone
1F9D6+200D+2642+FE0F	emoji-fully-qualified	2	2	4	man in steamy room
1F9D6+200D+2642	emoji-minimally-qualified	2	2	4	man in steamy room
1F9D6+1F3FB+200D+2642+FE0F	emoji-fully-qualified	2	2	6	man in steamy room: light skin tone
1F9D6+1F3FB+200D+2642	emoji-minimally-qualified	2	2	6	man in steamy room: light skin tone
1F9D6+1F3FC+200D+2642+FE0F	emoji-fully-qualified	2	2	6	man in steamy room: medium-light skin tone
1F9D6+1F3FC+200D+2642	emoji-minimally-qualified	2	2	6	man in steamy room: medium-light skin tone
1F9D6+1F3FD+200D+2642+FE0F	emoji-fully-qualified	2	2	6	man in steamy room: medium skin tone
1F9D6+1F3FD+200D+2642	emoji-minimally-qualified	2	2	6	man in steamy room: medium skin tone
1F9D6+1F3FE+200D+2642+FE0F	emoji-fully-qualified	2	2	6	man in steamy room: medium-dark skin tone
1F9D6+1F3FE+200D+2642	emoji-minimally-qualified	2	2	6	man in steamy room: medium-dark skin tone
1F9D6+1F3FF+200D+2642+FE0F	emoji-fully-qualified	2	2	6	man in steamy room: dark skin tone
1F9D6+1F3FF+200D+2642	emoji-minimally-qualified	2	2	6	man in steamy room: dark skin tone
1F9D6+200D+2640+FE0F	emoji-fully-qualified	2	2	4	woman in steamy room
1F9D6+200D+2640	emoji-minimally-qualified	2	2	4	woman in steamy room
1F9D6+1F3FB+200D+2640+FE0F	emoji-fully-qualified	2	2	6	woman in steamy room: light skin tone
1F9D6+1F3FB+200D+2640	emoji-minimally-qualified	2	2	6	woman in steamy room: light skin tone
1F9D6+1F3FC+200D+2640+FE0F	emoji-fully-qualified	2	2	6	woman in steamy room: medium-light skin tone
1F9D6+1F3FC+200D+2640	emoji-minimally-qualified	2	2	6	woman in steamy room: medium-light skin tone
1F9D6+1F3FD+200D+2640+FE0F	emoji-fully-qualified	2	2	6	woman in steamy room: medium skin tone
1F9D6+1F3FD+200D+2640	emoji-minimally-qualified	2	2	6	woman in steamy room: medium skin tone
1F9D6+1F3FE+200D+2640+FE0F	emoji-fully-qualified	2	2	6	woman in steamy room: medium-dark skin tone
1F9D6+1F3FE+200D+2640	emoji-minimally-qualified	2	2	6	woman in steamy room: medium-dark skin tone
1F9D6+1F3FF+200D+2640+FE0F	emoji-fully-qualified	2	2	6	woman in steamy room: dark skin tone
1F9D6+1F3FF+200D+2640	emoji-minimally-qualified	2	2	6	woman in steamy room: dark skin tone
1F9D7	emoji-fully-qualified	2	2	2	person climbing
1F9D7+1F3FB	emoji-fully-qualified	2	2	4	person climbing: light skin tone
1F9D7+1F3FC	emoji-fully-qualified	2	2	4	person climbing: medium-light skin tone
1F9D7+1F3FD	emoji-fully-qualified	2	2	4	person climbing: medium skin tone
1F9D7+1F3FE	emoji-fully-qualified	2	2	4	person climbing: medium-dark skin tone
1F9D7+1F3FF	emoji-fully-qualified	2	2	4	person climbing: dark skin tone
1F9D7+200D+2642+FE0F	emoji-fully-qualified	2	2	4	man climbing
1F9D7+200D+2642	emoji-minimally-qualified	2	2	4	man climbing
1F9D7+1F3FB+200D+2642+FE0F	emoji-fully-qualified	2	2	6	man climbing: light skin tone
1F9D7+1F3FB+200D+2642	emoji-minimally-qualified	2	2	6	man climbing: light skin tone
1F9D7+1F3FC+200D+2642+FE0F	emoji-fully-qualified	2	2	6	man climbing: medium-light skin tone
1F9D7+1F3FC+200D+2642	emoji-minimally-qualified	2	2	6	man climbing: medium-light skin tone
1F9D7+1F3FD+200D+2642+FE0F	emoji-fully-qualified	2	2	6	man climbing: medium skin tone
1F9D7+1F3FD+200D+2642	emoji-minimally-qualified	2	2	6	man climbing: medium skin tone
1F9D7+1F3FE+200D+2642+FE0F	emoji-fully-qualified	2	2	6	man climbing: medium-dark skin tone
1F9D7+1F3FE+200D+2642	emoji-minimally-qualified	2	2	6	man climbing: medium-dark skin tone
1F9D7+1F3FF+200D+2642+FE0F	emoji-fully-qualified	2	2	6	man climbing: dark skin tone
1F9D7+1F3FF+200D+2642	emoji-minimally-qualified	2	2	6	man climbing: dark skin tone
1F9D7+200D+2640+FE0F	emoji-fully-qualified	2	2	4	woman climbing
1F9D7+200D+2640	emoji-minimally-qualified	2	2	4	woman climbing
1F9D7+1F3FB+200D+2640+FE0F	emoji-fully-qualified	2	2	6	woman climbing: light skin tone
1F9D7+1F3FB+200D+2640	emoji-minimally-qualified	2	2	6	woman climbing: light skin tone
1F9D7+1F3FC+200D+2640+FE0F	emoji-fully-qualified	2	2	6	woman climbing: medium-light skin tone
1F9D7+1F3FC+200D+2640	emoji-minimally-qualified	2	2	6	woman climbing: medium-light skin tone
1F9D7+1F3FD+200D+2640+FE0F	emoji-fully-qualified	2	2	6	woman climbing: medium skin tone
1F9D7+1F3FD+200D+2640	emoji-minimally-qualified	2	2	6	woman climbing: medium skin tone
1F9D7+1F3FE+200D+2640+FE0F	emoji-fully-qualified	2	2	6	woman climbing: medium-dark skin tone
1F9D7+1F3FE+200D+2640	emoji-minimally-qualified	2	2	6	woman climbing: medium-dark skin tone
1F9D7+1F3FF+200D+2640+FE0F	emoji-fully-qualified	2	2	6	woman climbing: dark skin tone
1F9D7+1F3FF+200D+2640	emoji-minimally-qualified	2	2	6	woman climbing: dark skin tone
1F93A	emoji-fully-qualified	2	2	2	person fencing
1F3C7	emoji-fully-qualified	2	2	2	horse racing
1F3C7+1F3FB	emoji-fully-qualified	2	2	4	horse racing: light skin tone
1F3C7+1F3FC	emoji-fully-qualified	2	2	4	horse racing: medium-light skin tone
1F3C7+1F3FD	emoji-fully-qualified	2	2	4	horse racing: medium skin tone
1F3C7+1F3FE	emoji-fully-qualified	2	2	4	horse racing: medium-dark skin tone
1F3C7+1F3FF	emoji-fully-qualified	2	2	4	horse racing: dark skin tone
26F7+FE0F	emoji-fully-qualified	2	2	1	skier
26F7	emoji-unqualified	1	1	1	skier
1F3C2	emoji-fully-qualified	2	2	2	snowboarder
1F3C2+1F3FB	emoji-fully-qualified	2	2	4	snowboarder: light skin tone
1F3C2+1F3FC	emoji-fully-qualified	2	2	4	snowboarder: medium-light skin tone
1F3C2+1F3FD	emoji-fully-qualified	2	2	4	snowboarder: medium skin tone
1F3C2+1F3FE	emoji-fully-qualified	2	2	4	snowboarder: medium-dark skin tone
1F3C2+1F3FF	emoji-fully-qualified	2	2	4	snowboarder: dark skin tone
1F3CC+FE0F	emoji-fully-qualified	2	2	1	person golfing
1F3CC	emoji-unqualified	2	1	1	person golfing
1F3CC+1F3FB	emoji-fully-qualified	2	1	3	person golfing: light skin tone
1F3CC+1F3FC	emoji-fully-qualified	2	1	3	person golfing: medium-light skin tone
1F3CC+1F3FD	emoji-fully-qualified	2	1	3	person golfing: medium skin tone
1F3CC+1F3FE	emoji-fully-qualified	2	1	3	person golfing: medium-dark skin tone
1F3CC+1F3FF	emoji-fully-qualified	2	1	3	person golfing: dark skin tone
1F3CC+FE0F+200D+2642+FE0F	emoji-fully-qualified	2	2	3	man golfing
1F3CC+200D+2642+FE0F	emoji-unqualified	2	2	3	man golfing
1F3CC+FE0F+200D+2642	emoji-minimally-qualified	2	2	3	man golfing
1F3CC+200D+2642	emoji-unqualified	2	1	3	man golfing
1F3CC+1F3FB+200D+2642+FE0F	emoji-fully-qualified	2	2	5	man golfing: light skin tone
1F3CC+1F3FB+200D+2642	emoji-minimally-qualified	2	1	5	man golfing: light skin tone
1F3CC+1F3FC+200D+2642+FE0F	emoji-fully-qualified	2	2	5	man golfing: medium-light skin tone
1F3CC+1F3FC+200D+2642	emoji-minimally-qualified	2	1	5	man golfing: medium-light skin tone
1F3CC+1F3FD+200D+2642+FE0F	emoji-fully-qualified	2	2	5	man golfing: medium skin tone
1F3CC+1F3FD+200D+2642	emoji-minimally-qualified	2	1	5	man golfing: medium skin tone
1F3CC+1F3FE+200D+2642+FE0F	emoji-fully-qualified	2	2	5	man golfing: medium-dark skin tone
1F3CC+1F3FE+200D+2642	emoji-minimally-qualified	2	1	5	man golfing: medium-dark skin tone
1F3CC+1F3FF+200D+2642+FE0F	emoji-fully-qualified	2	2	5	man golfing: dark skin tone
1F3CC+1F3FF+200D+2642	emoji-minimally-qualified	2	1	5	man golfing: dark skin tone
1F3CC+FE0F+200D+2640+FE0F	emoji-fully-qualified	2	2	3	woman golfing
1F3CC+200D+2640+FE0F	emoji-unqualified	2	2	3	woman golfing
1F3CC+FE0F+200D+2640	emoji-minimally-qualified	2	2	3	woman golfing
1F3CC+200D+2640	emoji-unqualified	2	1	3	woman golfing
1F3CC+1F3FB+200D+2640+FE0F	emoji-fully-qualified	2	2	5	woman golfing: light skin tone
1F3CC+1F3FB+200D+2640	emoji-minimally-qualified	2	1	5	woman golfing: light skin tone
1F3CC+1F3FC+200D+2640+FE0F	emoji-fully-qualified	2	2	5	woman golfing: medium-light skin tone
1F3CC+1F3FC+200D+2640	emoji-minimally-qualified	2	1	5	woman golfing: medium-light skin tone
1F3CC+1F3FD+200D+2640+FE0F	emoji-fully-qualified	2	2	5	woman golfing: medium skin tone
1F3CC+1F3FD+200D+2640	emoji-minimally-qualified	2	1	5	woman golfing: medium skin tone
1F3CC+1F3FE+200D+2640+FE0F	emoji-fully-qualified	2	2	5	woman golfing: medium-dark skin tone
1F3CC+1F3FE+200D+2640	emoji-minimally-qualified	2	1	5	woman golfing: medium-dark skin tone
1F3CC+1F3FF+200D+2640+FE0F	emoji-fully-qualified	2	2	5	woman golfing: dark skin tone
1F3CC+1F3FF+200D+2640	emoji-minimally-qualified	2	1	5	woman golfing: dark skin tone
1F3C4	emoji-fully-qualified	2	2	2	person surfing
1F3C4+1F3FB	emoji-fully-qualified	2	2	4	person surfing: light skin tone
1F3C4+1F3FC	emoji-fully-qualified	2	2	4	person surfing: medium-light skin tone
1F3C4+1F3FD	emoji-fully-qualified	2	2	4	person surfing: medium skin tone
1F3C4+1F3FE	emoji-fully-qualified	2	2	4	person surfing: medium-dark skin tone
1F3C4+1F3FF	emoji-fully-qualified	2	2	4	person surfing: dark skin tone
1F3C4+200D+2642+FE0F	emoji-fully-qualified	2	2	4	man surfing
1F3C4+200D+2642	emoji-minimally-qualified	2	2	4	man surfing
1F3C4+1F3FB+200D+2642+FE0F	emoji-fully-qualified	2	2	6	man surfing: light skin tone
1F3C4+1F3FB+200D+2642	emoji-minimally-qualified	2	2	6	man surfing: light skin tone
1F3C4+1F3FC+200D+2642+FE0F	emoji-fully-qualified	2	2	6	man surfing: medium-light skin tone
1F3C4+1F3FC+200D+2642	emoji-minimally-qualified	2	2	6	man surfing: medium-light skin tone
1F3C4+1F3FD+200D+2642+FE0F	emoji-fully-qualified	2	2	6	man surfing: medium skin tone
1F3C4+1F3FD+200D+2642	emoji-minimally-qualified	2	2	6	man surfing: medium skin tone
1F3C4+1F3FE+200D+2642+FE0F	emoji-fully-qualified	2	2	6	man surfing: medium-dark skin tone
1F3C4+1F3FE+200D+2642	emoji-minimally-qualified	2	2	6	man surfing: medium-dark skin tone
1F3C4+1F3FF+200D+2642+FE0F	emoji-fully-qualified	2	2	6	man surfing: dark skin tone
1F3C4+1F3FF+200D+2642	emoji-minimally-qualified	2	2	6	man surfing: dark skin tone
1F3C4+200D+2640+FE0F	emoji-fully-qualified	2	2	4	woman surfing
1F3C4+200D+2640	emoji-minimally-qualified	2	2	4	woman surfing
1F3C4+1F3FB+200D+2640+FE0F	emoji-fully-qualified	2	2	6	woman surfing: light skin tone
1F3C4+1F3FB+200D+2640	emoji-minimally-qualified	2	2	6	woman surfing: light skin tone
1F3C4+1F3FC+200D+2640+FE0F	emoji-fully-qualified	2	2	6	woman surfing: medium-light skin tone
1F3C4+1F3FC+200D+2640	emoji-minimally-qualified	2	2	6	woman surfing: medium-light skin tone
1F3C4+1F3FD+200D+2640+FE0F	emoji-fully-qualified	2	2	6	woman surfing: medium skin tone
1F3C4+1F3FD+200D+2640	emoji-minimally-qualified	2	2	6	woman surfing: medium skin tone
1F3C4+1F3FE+200D+2640+FE0F	emoji-fully-qualified	2	2	6	woman surfing: medium-dark skin tone
1F3C4+1F3FE+200D+2640	emoji-minimally-qualified	2	2	6	woman surfing: medium-dark skin tone
1F3C4+1F3FF+200D+2640+FE0F	emoji-fully-qualified	2	2	6	woman surfing: dark skin tone
1F3C4+1F3FF+200D+2640	emoji-minimally-qualified	2	2	6	woman surfing: dark skin tone
1F6A3	emoji-fully-qualified	2	2	2	person rowing boat
1F6A3+1F3FB	emoji-fully-qualified	2	2	4	person rowing boat: light skin tone
1F6A3+1F3FC	emoji-fully-qualified	2	2	4	person rowing boat: medium-light skin tone
1F6A3+1F3FD	emoji-fully-qualified	2	2	4	person rowing boat: medium skin tone
1F6A3+1F3FE	emoji-fully-qualified	2	2	4	person rowing boat: medium-dark skin tone
1F6A3+1F3FF	emoji-fully-qualified	2	2	4	person rowing boat: dark skin tone
1F6A3+200D+2642+FE0F	emoji-fully-qualified	2	2	4	man rowing boat
1F6A3+200D+2642	emoji-minimally-qualified	2	2	4	man rowing boat
1F6A3+1F3FB+200D+2642+FE0F	emoji-fully-qualified	2	2	6	man rowing boat: light skin tone
1F6A3+1F3FB+200D+2642	emoji-minimally-qualified	2	2	6	man rowing boat: light skin tone
1F6A3+1F3FC+200D+2642+FE0F	emoji-fully-qualified	2	2	6	man rowing boat: medium-light skin tone
1F6A3+1F3FC+200D+2642	emoji-minimally-qualified	2	2	6	man rowing boat: medium-light skin tone
1F6A3+1F3FD+200D+2642+FE0F	emoji-fully-qualified	2	2	6	man rowing boat: medium skin tone
1F6A3+1F3FD+200D+2642	emoji-minimally-qualified	2	2	6	man rowing boat: medium skin tone
1F6A3+1F3FE+200D+2642+FE0F	emoji-fully-qualified	2	2	6	man rowing boat: medium-dark skin tone
1F6A3+1F3FE+200D+2642	emoji-minimally-qualified	2	2	6	man rowing boat: medium-dark skin tone
1F6A3+1F3FF+200D+2642+FE0F	emoji-fully-qualified	2	2	6	man rowing boat: dark skin tone
1F6A3+1F3FF+200D+2642	emoji-minimally-qualified	2	2	6	man rowing boat: dark skin tone
1F6A3+200D+2640+FE0F	emoji-fully-qualified	2	2	4	woman rowing boat
1F6A3+200D+2640	emoji-minimally-qualified	2	2	4	woman rowing boat
1F6A3+1F3FB+200D+2640+FE0F	emoji-fully-qualified	2	2	6	woman rowing boat: light skin tone
1F6A3+1F3FB+200D+2640	emoji-minimally-qualified	2	2	6	woman rowing boat: light skin tone
1F6A3+1F3FC+200D+2640+FE0F	emoji-fully-qualified	2	2	6	woman rowing boat: medium-light skin tone
1F6A3+1F3FC+200D+2640	emoji-minimally-qualified	2	2	6	woman rowing boat: medium-light skin tone
1F6A3+1F3FD+200D+2640+FE0F	emoji-fully-qualified	2	2	6	woman rowing boat: medium skin tone
1F6A3+1F3FD+200D+2640	emoji-minimally-qualified	2	2	6	woman rowing boat: medium skin tone
1F6A3+1F3FE+200D+2640+FE0F	emoji-fully-qualified	2	2	6	woman rowing boat: medium-dark skin tone
1F6A3+1F3FE+200D+2640	emoji-minimally-qualified	2	2	6	woman rowing boat: medium-dark skin tone
1F6A3+1F3FF+200D+2640+FE0F	emoji-fully-qualified	2	2	6	woman rowing boat: dark skin tone
1F6A3+1F3FF+200D+2640	emoji-minimally-qualified	2	2	6	woman rowing boat: dark skin tone
1F3CA	emoji-fully-qualified	2	2	2	person swimming
1F3CA+1F3FB	emoji-fully-qualified	2	2	4	person swimming: light skin tone
1F3CA+1F3FC	emoji-fully-qualified	2	2	4	person swimming: medium-light skin tone
1F3CA+1F3FD	emoji-fully-qualified	2	2	4	person swimming: medium skin tone
1F3CA+1F3FE	emoji-fully-qualified	2	2	4	person swimming: medium-dark skin tone
1F3CA+1F3FF	emoji-fully-qualified	2	2	4	person swimming: dark skin tone
1F3CA+200D+2642+FE0F	emoji-fully-qualified	2	2	4	man swimming
1F3CA+200D+2642	emoji-minimally-qualified	2	2	4	man swimming
1F3CA+1F3FB+200D+2642+FE0F	emoji-fully-qualified	2	2	6	man swimming: light skin tone
1F3CA+1F3FB+200D+2642	emoji-minimally-qualified	2	2	6	man swimming: light skin tone
1F3CA+1F3FC+200D+2642+FE0F	emoji-fully-qualified	2	2	6	man swimming: medium-light skin tone
1F3CA+1F3FC+200D+2642	emoji-minimally-qualified	2	2	6	man swimming: medium-light skin tone
1F3CA+1F3FD+200D+2642+FE0F	emoji-fully-qualified	2	2	6	man swimming: medium skin tone
1F3CA+1F3FD+200D+2642	emoji-minimally-qualified	2	2	6	man swimming: medium skin tone
1F3CA+1F3FE+200D+2642+FE0F	emoji-fully-qualified	2	2	6	man swimming: medium-dark skin tone
1F3CA+1F3FE+200D+2642	emoji-minimally-qualified	2	2	6	man swimming: medium-dark skin tone
1F3CA+1F3FF+200D+2642+FE0F	emoji-fully-qualified	2	2	6	man swimming: dark skin tone
1F3CA+1F3FF+200D+2642	emoji-minimally-qualified	2	2	6	man swimming: dark skin tone
1F3CA+200D+2640+FE0F	emoji-fully-qualified	2	2	4	woman swimming
1F3CA+200D+2640	emoji-minimally-qualified	2	2	4	woman swimming
1F3CA+1F3FB+200D+2640+FE0F	emoji-fully-qualified	2	2	6	woman swimming: light skin tone
1F3CA+1F3FB+200D+2640	emoji-minimally-qualified	2	2	6	woman swimming: light skin tone
1F3CA+1F3FC+200D+2640+FE0F	emoji-fully-qualified	2	2	6	woman swimming: medium-light skin tone
1F3CA+1F3FC+200D+2640	emoji-minimally-qualified	2	2	6	woman swimming: medium-light skin tone
1F3CA+1F3FD+200D+2640+FE0F	emoji-fully-qualified	2	2	6	woman swimming: medium skin tone
1F3CA+1F3FD+200D+2640	emoji-minimally-qualified	2	2	6	woman swimming: medium skin tone
1F3CA+1F3FE+200D+2640+FE0F	emoji-fully-qualified	2	2	6	woman swimming: medium-dark skin tone
1F3CA+1F3FE+200D+2640	emoji-minimally-qualified	2	2	6	woman swimming: medium-dark skin tone
1F3CA+1F3FF+200D+2640+FE0F	emoji-fully-qualified	2	2	6	woman swimming: dark skin tone
1F3CA+1F3FF+200D+2640	emoji-minimally-qualified	2	2	6	woman swimming: dark skin tone
26F9+FE0F	emoji-fully-qualified	2	2	1	person bouncing ball
26F9	emoji-unqualified	2	1	1	person bouncing ball
26F9+1F3FB	emoji-fully-qualified	2	1	3	person bouncing ball: light skin tone
26F9+1F3FC	emoji-fully-qualified	2	1	3	person bouncing ball: medium-light skin tone
26F9+1F3FD	emoji-fully-qualified	2	1	3	person bouncing ball: medium skin tone
26F9+1F3FE	emoji-fully-qualified	2	1	3	person bouncing ball: medium-dark skin tone
26F9+1F3FF	emoji-fully-qualified	2	1	3	person bouncing ball: dark skin tone
26F9+FE0F+200D+2642+FE0F	emoji-fully-qualified	2	2	3	man bouncing ball
26F9+200D+2642+FE0F	emoji-unqualified	2	2	3	man bouncing ball
26F9+FE0F+200D+2642	emoji-minimally-qualified	2	2	3	man bouncing ball
26F9+200D+2642	emoji-unqualified	2	1	3	man bouncing ball
26F9+1F3FB+200D+2642+FE0F	emoji-fully-qualified	2	2	5	man bouncing ball: light skin tone
26F9+1F3FB+200D+2642	emoji-minimally-qualified	2	1	5	man bouncing ball: light skin tone
26F9+1F3FC+200D+2642+FE0F	emoji-fully-qualified	2	2	5	man bouncing ball: medium-light skin tone
26F9+1F3FC+200D+2642	emoji-minimally-qualified	2	1	5	man bouncing ball: medium-light skin tone
26F9+1F3FD+200D+2642+FE0F	emoji-fully-qualified	2	2	5	man bouncing ball: medium skin tone
26F9+1F3FD+200D+2642	emoji-minimally-qualified	2	1	5	man bouncing ball: medium skin tone
26F9+1F3FE+200D+2642+FE0F	emoji-fully-qualified	2	2	5	man bouncing ball: medium-dark skin tone
26F9+1F3FE+200D+2642	emoji-minimally-qualified	2	1	5	man bouncing ball: medium-dark skin tone
26F9+1F3FF+200D+2642+FE0F	emoji-fully-qualified	2	2	5	man bouncing ball: dark skin tone
26F9+1F3FF+200D+2642	emoji-minimally-qualified	2	1	5	man bouncing ball: dark skin tone
26F9+FE0F+200D+2640+FE0F	emoji-fully-qualified	2	2	3	woman bouncing ball
26F9+200D+2640+FE0F	emoji-unqualified	2	2	3	woman bouncing ball
26F9+FE0F+200D+2640	emoji-minimally-qualified	2	2	3	woman bouncing ball
26F9+200D+2640	emoji-unqualified	2	1	3	woman bouncing ball
26F9+1F3FB+200D+2640+FE0F	emoji-fully-qualified	2	2	5	woman bouncing ball: light skin tone
26F9+1F3FB+200D+2640	emoji-minimally-qualified	2	1	5	woman bouncing ball: light skin tone
26F9+1F3FC+200D+2640+FE0F	emoji-fully-qualified	2	2	5	woman bouncing ball: medium-light skin tone
26F9+1F3FC+200D+2640	emoji-minimally-qualified	2	1	5	woman bouncing ball: medium-light skin tone
26F9+1F3FD+200D+2640+FE0F	emoji-fully-qualified	2	2	5	woman bouncing ball: medium skin tone
26F9+1F3FD+200D+2640	emoji-minimally-qualified	2	1	5	woman bouncing ball: medium skin tone
26F9+1F3FE+200D+2640+FE0F	emoji-fully-qualified	2	2	5	woman bouncing ball: medium-dark skin tone
26F9+1F3FE+200D+2640	emoji-minimally-qualified	2	1	5	woman bouncing ball: medium-dark skin tone
26F9+1F3FF+200D+2640+FE0F	emoji-fully-qualified	2	2	5	woman bouncing ball: dark skin tone
26F9+1F3FF+200D+2640	emoji-minimally-qualified	2	1	5	woman bouncing ball: dark skin tone
1F3CB+FE0F	emoji-fully-qualified	2	2	1	person lifting weights
1F3CB	emoji-unqualified	2	1	1	person lifting weights
1F3CB+1F3FB	emoji-fully-qualified	2	1	3	person lifting weights: light skin tone
1F3CB+1F3FC	emoji-fully-qualified	2	1	3	person lifting weights: medium-light skin tone
1F3CB+1F3FD	emoji-fully-qualified	2	1	3	person lifting weights: medium skin tone
1F3CB+1F3FE	emoji-fully-qualified	2	1	3	person lifting weights: medium-dark skin tone
1F3CB+1F3FF	emoji-fully-qualified	2	1	3	person lifting weights: dark skin tone
1F3CB+FE0F+200D+2642+FE0F	emoji-fully-qualified	2	2	3	man lifting weights
1F3CB+200D+2642+FE0F	emoji-unqualified	2	2	3	man lifting weights
1F3CB+FE0F+200D+2642	emoji-minimally-qualified	2	2	3	man lifting weights
1F3CB+200D+2642	emoji-unqualified	2	1	3	man lifting weights
1F3CB+1F3FB+200D+2642+FE0F	emoji-fully-qualified	2	2	5	man lifting weights: light skin tone
1F3CB+1F3FB+200D+2642	emoji-minimally-qualified	2	1	5	man lifting weights: light skin tone
1F3CB+1F3FC+200D+2642+FE0F	emoji-fully-qualified	2	2	5	man lifting weights: medium-light skin tone
1F3CB+1F3FC+200D+2642	emoji-minimally-qualified	2	1	5	man lifting weights: medium-light skin tone
1F3CB+1F3FD+200D+2642+FE0F	emoji-fully-qualified	2	2	5	man lifting weights: medium skin tone
1F3CB+1F3FD+200D+2642	emoji-minimally-qualified	2	1	5	man lifting weights: medium skin tone
1F3CB+1F3FE+200D+2642+FE0F	emoji-fully-qualified	2	2	5	man lifting weights: medium-dark skin tone
1F3CB+1F3FE+200D+2642	emoji-minimally-qualified	2	1	5	man lifting weights: medium-dark skin tone
1F3CB+1F3FF+200D+2642+FE0F	emoji-fully-qualified	2	2	5	man lifting weights: dark skin tone
1F3CB+1F3FF+200D+2642	emoji-minimally-qualified	2	1	5	man lifting weights: dark skin tone
1F3CB+FE0F+200D+2640+FE0F	emoji-fully-qualified	2	2	3	woman lifting weights
1F3CB+200D+2640+FE0F	emoji-unqualified	2	2	3	woman lifting weights
1F3CB+FE0F+200D+2640	emoji-minimally-qualified	2	2	3	woman lifting weights
1F3CB+200D+2640	emoji-unqualified	2	1	3	woman lifting weights
1F3CB+1F3FB+200D+2640+FE0F	emoji-fully-qualified	2	2	5	woman lifting weights: light skin tone
1F3CB+1F3FB+200D+2640	emoji-minimally-qualified	2	1	5	woman lifting weights: light skin tone
1F3CB+1F3FC+200D+2640+FE0F	emoji-fully-qualified	2	2	5	woman lifting weights: medium-light skin tone
1F3CB+1F3FC+200D+2640	emoji-minimally-qualified	2	1	5	woman lifting weights: medium-light skin tone
1F3CB+1F3FD+200D+2640+FE0F	emoji-fully-qualified	2	2	5	woman lifting weights: medium skin tone
1F3CB+1F3FD+200D+2640	emoji-minimally-qualified	2	1	5	woman lifting weights: medium skin tone
1F3CB+1F3FE+200D+2640+FE0F	emoji-fully-qualified	2	2	5	woman lifting weights: medium-dark skin tone
1F3CB+1F3FE+200D+2640	emoji-minimally-qualified	2	1	5	woman lifting weights: medium-dark skin tone
1F3CB+1F3FF+200D+2640+FE0F	emoji-fully-qualified	2	2	5	woman lifting weights: dark skin tone
1F3CB+1F3FF+200D+2640	emoji-minimally-qualified	2	1	5	woman lifting weights: dark skin tone
1F6B4	emoji-fully-qualified	2	2	2	person biking
1F6B4+1F3FB	emoji-fully-qualified	2	2	4	person biking: light skin tone
1F6B4+1F3FC	emoji-fully-qualified	2	2	4	person biking: medium-light skin tone
1F6B4+1F3FD	emoji-fully-qualified	2	2	4	person biking: medium skin tone
1F6B4+1F3FE	emoji-fully-qualified	2	2	4	person biking: medium-dark skin tone
1F6B4+1F3FF	emoji-fully-qualified	2	2	4	person biking: dark skin tone
1F6B4+200D+2642+FE0F	emoji-fully-qualified	2	2	4	man biking
1F6B4+200D+2642	emoji-minimally-qualified	2	2	4	man biking
1F6B4+1F3FB+200D+2642+FE0F	emoji-fully-qualified	2	2	6	man biking: light skin tone
1F6B4+1F3FB+200D+2642	emoji-minimally-qualified	2	2	6	man biking: light skin tone
1F6B4+1F3FC+200D+2642+FE0F	emoji-fully-qualified	2	2	6	man biking: medium-light skin tone
1F6B4+1F3FC+200D+2642	emoji-minimally-qualified	2	2	6	man biking: medium-light skin tone
1F6B4+1F3FD+200D+2642+FE0F	emoji-fully-qualified	2	2	6	man biking: medium skin tone
1F6B4+1F3FD+200D+2642	emoji-minimally-qualified	2	2	6	man biking: medium skin tone
1F6B4+1F3FE+200D+2642+FE0F	emoji-fully-qualified	2	2	6	man biking: medium-dark skin tone
1F6B4+1F3FE+200D+2642	emoji-minimally-qualified	2	2	6	man biking: medium-dark skin tone
1F6B4+1F3FF+200D+2642+FE0F	emoji-fully-qualified	2	2	6	man biking: dark skin tone
1F6B4+1F3FF+200D+2642	emoji-minimally-qualified	2	2	6	man biking: dark skin tone
1F6B4+200D+2640+FE0F	emoji-fully-qualified	2	2	4	woman biking
1F6B4+200D+2640	emoji-minimally-qualified	2	2	4	woman biking
1F6B4+1F3FB+200D+2640+FE0F	emoji-fully-qualified	2	2	6	woman biking: light skin tone
1F6B4+1F3FB+200D+2640	emoji-minimally-qualified	2	2	6	woman biking: light skin tone
1F6B4+1F3FC+200D+2640+FE0F	emoji-fully-qualified	2	2	6	woman biking: medium-light skin tone
1F6B4+1F3FC+200D+2640	emoji-minimally-qualified	2	2	6	woman biking: medium-light skin tone
1F6B4+1F3FD+200D+2640+FE0F	emoji-fully-qualified	2	2	6	woman biking: medium skin tone
1F6B4+1F3FD+200D+2640	emoji-minimally-qualified	2	2	6	woman biking: medium skin tone
1F6B4+1F3FE+200D+2640+FE0F	emoji-fully-qualified	2	2	6	woman biking: medium-dark skin tone
1F6B4+1F3FE+200D+2640	emoji-minimally-qualified	2	2	6	woman biking: medium-dark skin tone
1F6B4+1F3FF+200D+2640+FE0F	emoji-fully-qualified	2	2	6	woman biking: dark skin tone
1F6B4+1F3FF+200D+2640	emoji-minimally-qualified	2	2	6	woman biking: dark skin tone
1F6B5	emoji-fully-qualified	2	2	2	person mountain biking
1F6B5+1F3FB	emoji-fully-qualified	2	2	4	person mountain biking: light skin tone
1F6B5+1F3FC	emoji-fully-qualified	2	2	4	person mountain biking: medium-light skin tone
1F6B5+1F3FD	emoji-fully-qualified	2	2	4	person mountain biking: medium skin tone
1F6B5+1F3FE	emoji-fully-qualified	2	2	4	person mountain biking: medium-dark skin tone
1F6B5+1F3FF	emoji-fully-qualified	2	2	4	person mountain biking: dark skin tone
1F6B5+200D+2642+FE0F	emoji-fully-qualified	2	2	4	man mountain biking
1F6B5+200D+2642	emoji-minimally-qualified	2	2	4	man mountain biking
1F6B5+1F3FB+200D+2642+FE0F	emoji-fully-qualified	2	2	6	man mountain biking: light skin tone
1F6B5+1F3FB+200D+2642	emoji-minimally-qualified	2	2	6	man mountain biking: light skin tone
1F6B5+1F3FC+200D+2642+FE0F	emoji-fully-qualified	2	2	6	man mountain biking: medium-light skin tone
1F6B5+1F3FC+200D+2642	emoji-minimally-qualified	2	2	6	man mountain biking: medium-light skin tone
1F6B5+1F3FD+200D+2642+FE0F	emoji-fully-qualified	2	2	6	man mountain biking: medium skin tone
1F6B5+1F3FD+200D+2642	emoji-minimally-qualified	2	2	6	man mountain biking: medium skin tone
1F6B5+1F3FE+200D+2642+FE0F	emoji-fully-qualified	2	2	6	man mountain biking: medium-dark skin tone
1F6B5+1F3FE+200D+2642	emoji-minimally-qualified	2	2	6	man mountain biking: medium-dark skin tone
1F6B5+1F3FF+200D+2642+FE0F	emoji-fully-qualified	2	2	6	man mountain biking: dark skin tone
1F6B5+1F3FF+200D+2642	emoji-minimally-qualified	2	2	6	man mountain biking: dark skin tone
1F6B5+200D+2640+FE0F	emoji-fully-qualified	2	2	4	woman mountain biking
1F6B5+200D+2640	emoji-minimally-qualified	2	2	4	woman mountain biking
1F6B5+1F3FB+200D+2640+FE0F	emoji-fully-qualified	2	2	6	woman mountain biking: light skin tone
1F6B5+1F3FB+200D+2640	emoji-minimally-qualified	2	2	6	woman mountain biking: light skin tone
1F6B5+1F3FC+200D+2640+FE0F	emoji-fully-qualified	2	2	6	woman mountain biking: medium-light skin tone
1F6B5+1F3FC+200D+2640	emoji-minimally-qualified	2	2	6	woman mountain biking: medium-light skin tone
1F6B5+1F3FD+200D+2640+FE0F	emoji-fully-qualified	2	2	6	woman mountain biking: medium skin tone
1F6B5+1F3FD+200D+2640	emoji-minimally-qualified	2	2	6	woman mountain biking: medium skin tone
1F6B5+1F3FE+200D+2640+FE0F	emoji-fully-qualified	2	2	6	woman mountain biking: medium-dark skin tone
1F6B5+1F3FE+200D+2640	emoji-minimally-qualified	2	2	6	woman mountain biking: medium-dark skin tone
1F6B5+1F3FF+200D+2640+FE0F	emoji-fully-qualified	2	2	6	woman mountain biking: dark skin tone
1F6B5+1F3FF+200D+2640	emoji-minimally-qualified	2	2	6	woman mountain biking: dark skin tone
1F938	emoji-fully-qualified	2	2	2	person cartwheeling
1F938+1F3FB	emoji-fully-qualified	2	2	4	person cartwheeling: light skin tone
1F938+1F3FC	emoji-fully-qualified	2	2	4	person cartwheeling: medium-light skin tone
1F938+1F3FD	emoji-fully-qualified	2	2	4	person cartwheeling: medium skin tone
1F938+1F3FE	emoji-fully-qualified	2	2	4	person cartwheeling: medium-dark skin tone
1F938+1F3FF	emoji-fully-qualified	2	2	4	person cartwheeling: dark skin tone
1F938+200D+2642+FE0F	emoji-fully-qualified	2	2	4	man cartwheeling
1F938+200D+2642	emoji-minimally-qualified	2	2	4	man cartwheeling
1F938+1F3FB+200D+2642+FE0F	emoji-fully-qualified	2	2	6	man cartwheeling: light skin tone
1F938+1F3FB+200D+2642	emoji-minimally-qualified	2	2	6	man cartwheeling: light skin tone
1F938+1F3FC+200D+2642+FE0F	emoji-fully-qualified	2	2	6	man cartwheeling: medium-light skin tone
1F938+1F3FC+200D+2642	emoji-minimally-qualified	2	2	6	man cartwheeling: medium-light skin tone
1F938+1F3FD+200D+2642+FE0F	emoji-fully-qualified	2	2	6	man cartwheeling: medium skin tone
1F938+1F3FD+200D+2642	emoji-minimally-qualified	2	2	6	man cartwheeling: medium skin tone
1F938+1F3FE+200D+2642+FE0F	emoji-fully-qualified	2	2	6	man cartwheeling: medium-dark skin tone
1F938+1F3FE+200D+2642	emoji-minimally-qualified	2	2	6	man cartwheeling: medium-dark skin tone
1F938+1F3FF+200D+2642+FE0F	emoji-fully-qualified	2	2	6	man cartwheeling: dark skin tone
1F938+1F3FF+200D+2642	emoji-minimally-qualified	2	2	6	man cartwheeling: dark skin tone
1F938+200D+2640+FE0F	emoji-fully-qualified	2	2	4	woman cartwheeling
1F938+200D+2640	emoji-minimally-qualified	2	2	4	woman cartwheeling
1F938+1F3FB+200D+2640+FE0F	emoji-fully-qualified	2	2	6	woman cartwheeling: light skin tone
1F938+1F3FB+200D+2640	emoji-minimally-qualified	2	2	6	woman cartwheeling: light skin tone
1F938+1F3FC+200D+2640+FE0F	emoji-fully-qualified	2	2	6	woman cartwheeling: medium-light skin tone
1F938+1F3FC+200D+2640	emoji-minimally-qualified	2	2	6	woman cartwheeling: medium-light skin tone
1F938+1F3FD+200D+2640+FE0F	emoji-fully-qualified	2	2	6	woman cartwheeling: medium skin tone
1F938+1F3FD+200D+2640	emoji-minimally-qualified	2	2	6	woman cartwheeling: medium skin tone
1F938+1F3FE+200D+2640+FE0F	emoji-fully-qualified	2	2	6	woman cartwheeling: medium-dark skin tone
1F938+1F3FE+200D+2640	emoji-minimally-qualified	2	2	6	woman cartwheeling: medium-dark skin tone
1F938+1F3FF+200D+2640+FE0F	emoji-fully-qualified	2	2	6	woman cartwheeling: dark skin tone
1F938+1F3FF+200D+2640	emoji-minimally-qualified	2	2	6	woman cartwheeling: dark skin tone
1F93C	emoji-fully-qualified	2	2	2	people wrestling
1F93C+200D+2642+FE0F	emoji-fully-qualified	2	2	4	men wrestling
1F93C+200D+2642	emoji-minimally-qualified	2	2	4	men wrestling
1F93C+200D+2640+FE0F	emoji-fully-qualified	2	2	4	women wrestling
1F93C+200D+2640	emoji-minimally-qualified	2	2	4	women wrestling
1F93D	emoji-fully-qualified	2	2	2	person playing water polo
1F93D+1F3FB	emoji-fully-qualified	2	2	4	person playing water polo: light skin tone
1F93D+1F3FC	emoji-fully-qualified	2	2	4	person playing water polo: medium-light skin tone
1F93D+1F3FD	emoji-fully-qualified	2	2	4	person playing water polo: medium skin tone
1F93D+1F3FE	emoji-fully-qualified	2	2	4	person playing water polo: medium-dark skin tone
1F93D+1F3FF	emoji-fully-qualified	2	2	4	person playing water polo: dark skin tone
1F93D+200D+2642+FE0F	emoji-fully-qualified	2	2	4	man playing water polo
1F93D+200D+2642	emoji-minimally-qualified	2	2	4	man playing water polo
1F93D+1F3FB+200D+2642+FE0F	emoji-fully-qualified	2	2	6	man playing water polo: light skin tone
1F93D+1F3FB+200D+2642	emoji-minimally-qualified	2	2	6	man playing water polo: light skin tone
1F93D+1F3FC+200D+2642+FE0F	emoji-fully-qualified	2	2	6	man playing water polo: medium-light skin tone
1F93D+1F3FC+200D+2642	emoji-minimally-qualified	2	2	6	man playing water polo: medium-light skin tone
1F93D+1F3FD+200D+2642+FE0F	emoji-fully-qualified	2	2	6	man playing water polo: medium skin tone
1F93D+1F3FD+200D+2642	emoji-minimally-qualified	2	2	6	man playing water polo: medium skin tone
1F93D+1F3FE+200D+2642+FE0F	emoji-fully-qualified	2	2	6	man playing water polo: medium-dark skin tone
1F93D+1F3FE+200D+2642	emoji-minimally-qualified	2	2	6	man playing water polo: medium-dark skin tone
1F93D+1F3FF+200D+2642+FE0F	emoji-fully-qualified	2	2	6	man playing water polo: dark skin tone
1F93D+1F3FF+200D+2642	emoji-minimally-qualified	2	2	6	man playing water polo: dark skin tone
1F93D+200D+2640+FE0F	emoji-fully-qualified	2	2	4	woman playing water polo
1F93D+200D+2640	emoji-minimally-qualified	2	2	4	woman playing water polo
1F93D+1F3FB+200D+2640+FE0F	emoji-fully-qualified	2	2	6	woman playing water polo: light skin tone
1F93D+1F3FB+200D+2640	emoji-minimally-qualified	2	2	6	woman playing water polo: light skin tone
1F93D+1F3FC+200D+2640+FE0F	emoji-fully-qualified	2	2	6	woman playing water polo: medium-light skin tone
1F93D+1F3FC+200D+2640	emoji-minimally-qualified	2	2	6	woman playing water polo: medium-light skin tone
1F93D+1F3FD+200D+2640+FE0F	emoji-fully-qualified	2	2	6	woman playing water polo: medium skin tone
1F93D+1F3FD+200D+2640	emoji-minimally-qualified	2	2	6	woman playing water polo: medium skin tone
1F93D+1F3FE+200D+2640+FE0F	emoji-fully-qualified	2	2	6	woman playing water polo: medium-dark skin tone
1F93D+1F3FE+200D+2640	emoji-minimally-qualified	2	2	6	woman playing water polo: medium-dark skin tone
1F93D+1F3FF+200D+2640+FE0F	emoji-fully-qualified	2	2	6	woman playing water polo: dark skin tone
1F93D+1F3FF+200D+2640	emoji-minimally-qualified	2	2	6	woman playing water polo: dark skin tone
1F93E	emoji-fully-qualified	2	2	2	person playing handball
1F93E+1F3FB	emoji-fully-qualified	2	2	4	person playing handball: light skin tone
1F93E+1F3FC	emoji-fully-qualified	2	2	4	person playing handball: medium-light skin tone
1F93E+1F3FD	emoji-fully-qualified	2	2	4	person playing handball: medium skin tone
1F93E+1F3FE	emoji-fully-qualified	2	2	4	person playing handball: medium-dark skin tone
1F93E+1F3FF	emoji-fully-qualified	2	2	4	person playing handball: dark skin tone
1F93E+200D+2642+FE0F	emoji-fully-qualified	2	2	4	man playing handball
1F93E+200D+2642	emoji-minimally-qualified	2	2	4	man playing handball
1F93E+1F3FB+200D+2642+FE0F	emoji-fully-qualified	2	2	6	man playing handball: light skin tone
1F93E+1F3FB+200D+2642	emoji-minimally-qualified	2	2	6	man playing handball: light skin tone
1F93E+1F3FC+200D+2642+FE0F	emoji-fully-qualified	2	2	6	man playing handball: medium-light skin tone
1F93E+1F3FC+200D+2642	emoji-minimally-qualified	2	2	6	man playing handball: medium-light skin tone
1F93E+1F3FD+200D+2642+FE0F	emoji-fully-qualified	2	2	6	man playing handball: medium skin tone
1F93E+1F3FD+200D+2642	emoji-minimally-qualified	2	2	6	man playing handball: medium skin tone
1F93E+1F3FE+200D+2642+FE0F	emoji-fully-qualified	2	2	6	man playing handball: medium-dark skin tone
1F93E+1F3FE+200D+2642	emoji-minimally-qualified	2	2	6	man playing handball: medium-dark skin tone
1F93E+1F3FF+200D+2642+FE0F	emoji-fully-qualified	2	2	6	man playing handball: dark skin tone
1F93E+1F3FF+200D+2642	emoji-minimally-qualified	2	2	6	man playing handball: dark skin tone
1F93E+200D+2640+FE0F	emoji-fully-qualified	2	2	4	woman playing handball
1F93E+200D+2640	emoji-minimally-qualified	2	2	4	woman playing handball
1F93E+1F3FB+200D+2640+FE0F	emoji-fully-qualified	2	2	6	woman playing handball: light skin tone
1F93E+1F3FB+200D+2640	emoji-minimally-qualified	2	2	6	woman playing handball: light skin tone
1F93E+1F3FC+200D+2640+FE0F	emoji-fully-qualified	2	2	6	woman playing handball: medium-light skin tone
1F93E+1F3FC+200D+2640	emoji-minimally-qualified	2	2	6	woman playing handball: medium-light skin tone
1F93E+1F3FD+200D+2640+FE0F	emoji-fully-qualified	2	2	6	woman playing handball: medium skin tone
1F93E+1F3FD+200D+2640	emoji-minimally-qualified	2	2	6	woman playing handball: medium skin tone
1F93E+1F3FE+200D+2640+FE0F	emoji-fully-qualified	2	2	6	woman playing handball: medium-dark skin tone
1F93E+1F3FE+200D+2640	emoji-minimally-qualified	2	2	6	woman playing handball: medium-dark skin tone
1F93E+1F3FF+200D+2640+FE0F	emoji-fully-qualified	2	2	6	woman playing handball: dark skin tone
1F93E+1F3FF+200D+2640	emoji-minimally-qualified	2	2	6	woman playing handball: dark skin tone
1F939	emoji-fully-qualified	2	2	2	person juggling
1F939+1F3FB	emoji-fully-qualified	2	2	4	person juggling: light skin tone
1F939+1F3FC	emoji-fully-qualified	2	2	4	person juggling: medium-light skin tone
1F939+1F3FD	emoji-fully-qualified	2	2	4	person juggling: medium skin tone
1F939+1F3FE	emoji-fully-qualified	2	2	4	person juggling: medium-dark skin tone
1F939+1F3FF	emoji-fully-qualified	2	2	4	person juggling: dark skin tone
1F939+200D+2642+FE0F	emoji-fully-qualified	2	2	4	man juggling
1F939+200D+2642	emoji-minimally-qualified	2	2	4	man juggling
1F939+1F3FB+200D+2642+FE0F	emoji-fully-qualified	2	2	6	man juggling: light skin tone
1F939+1F3FB+200D+2642	emoji-minimally-qualified	2	2	6	man juggling: light skin tone
1F939+1F3FC+200D+2642+FE0F	emoji-fully-qualified	2	2	6	man juggling: medium-light skin tone
1F939+1F3FC+200D+2642	emoji-minimally-qualified	2	2	6	man juggling: medium-light skin tone
1F939+1F3FD+200D+2642+FE0F	emoji-fully-qualified	2	2	6	man juggling: medium skin tone
1F939+1F3FD+200D+2642	emoji-minimally-qualified	2	2	6	man juggling: medium skin tone
1F939+1F3FE+200D+2642+FE0F	emoji-fully-qualified	2	2	6	man juggling: medium-dark skin tone
1F939+1F3FE+200D+2642	emoji-minimally-qualified	2	2	6	man juggling: medium-dark skin tone
1F939+1F3FF+200D+2642+FE0F	emoji-fully-qualified	2	2	6	man juggling: dark skin tone
1F939+1F3FF+200D+2642	emoji-minimally-qualified	2	2	6	man juggling: dark skin tone
1F939+200D+2640+FE0F	emoji-fully-qualified	2	2	4	woman juggling
1F939+200D+2640	emoji-minimally-qualified	2	2	4	woman juggling
1F939+1F3FB+200D+2640+FE0F	emoji-fully-qualified	2	2	6	woman juggling: light skin tone
1F939+1F3FB+200D+2640	emoji-minimally-qualified	2	2	6	woman juggling: light skin tone
1F939+1F3FC+200D+2640+FE0F	emoji-fully-qualified	2	2	6	woman juggling: medium-light skin tone
1F939+1F3FC+200D+2640	emoji-minimally-qualified	2	2	6	woman juggling: medium-light skin tone
1F939+1F3FD+200D+2640+FE0F	emoji-fully-qualified	2	2	6	woman juggling: medium skin tone
1F939+1F3FD+200D+2640	emoji-minimally-qualified	2	2	6	woman juggling: medium skin tone
1F939+1F3FE+200D+2640+FE0F	emoji-fully-qualified	2	2	6	woman juggling: medium-dark skin tone
1F939+1F3FE+200D+2640	emoji-minimally-qualified	2	2	6	woman juggling: medium-dark skin tone
1F939+1F3FF+200D+2640+FE0F	emoji-fully-qualified	2	2	6	woman juggling: dark skin tone
1F939+1F3FF+200D+2640	emoji-minimally-qualified	2	2	6	woman juggling: dark skin tone
1F9D8	emoji-fully-qualified	2	2	2	person in lotus position
1F9D8+1F3FB	emoji-fully-qualified	2	2	4	person in lotus position: light skin tone
1F9D8+1F3FC	emoji-fully-qualified	2	2	4	person in lotus position: medium-light skin tone
1F9D8+1F3FD	emoji-fully-qualified	2	2	4	person in lotus position: medium skin tone
1F9D8+1F3FE	emoji-fully-qualified	2	2	4	person in lotus position: medium-dark skin tone
1F9D8+1F3FF	emoji-fully-qualified	2	2	4	person in lotus position: dark skin tone
1F9D8+200D+2642+FE0F	emoji-fully-qualified	2	2	4	man in lotus position
1F9D8+200D+2642	emoji-minimally-qualified	2	2	4	man in lotus position
1F9D8+1F3FB+200D+2642+FE0F	emoji-fully-qualified	2	2	6	man in lotus position: light skin tone
1F9D8+1F3FB+200D+2642	emoji-minimally-qualified	2	2	6	man in lotus position: light skin tone
1F9D8+1F3FC+200D+2642+FE0F	emoji-fully-qualified	2	2	6	man in lotus position: medium-light skin tone
1F9D8+1F3FC+200D+2642	emoji-minimally-qualified	2	2	6	man in lotus position: medium-light skin tone
1F9D8+1F3FD+200D+2642+FE0F	emoji-fully-qualified	2	2	6	man in lotus position: medium skin tone
1F9D8+1F3FD+200D+2642	emoji-minimally-qualified	2	2	6	man in lotus position: medium skin tone
1F9D8+1F3FE+200D+2642+FE0F	emoji-fully-qualified	2	2	6	man in lotus position: medium-dark skin tone
1F9D8+1F3FE+200D+2642	emoji-minimally-qualified	2	2	6	man in lotus position: medium-dark skin tone
1F9D8+1F3FF+200D+2642+FE0F	emoji-fully-qualified	2	2	6	man in lotus position: dark skin tone
1F9D8+1F3FF+200D+2642	emoji-minimally-qualified	2	2	6	man in lotus position: dark skin tone
1F9D8+200D+2640+FE0F	emoji-fully-qualified	2	2	4	woman in lotus position
1F9D8+200D+2640	emoji-minimally-qualified	2	2	4	woman in lotus position
1F9D8+1F3FB+200D+2640+FE0F	emoji-fully-qualified	2	2	6	woman in lotus position: light skin tone
1F9D8+1F3FB+200D+2640	emoji-minimally-qualified	2	2	6	woman in lotus position: light skin tone
1F9D8+1F3FC+200D+2640+FE0F	emoji-fully-qualified	2	2	6	woman in lotus position: medium-light skin tone
1F9D8+1F3FC+200D+2640	emoji-minimally-qualified	2	2	6	woman in lotus position: medium-light skin tone
1F9D8+1F3FD+200D+2640+FE0F	emoji-fully-qualified	2	2	6	woman in lotus position: medium skin tone
1F9D8+1F3FD+200D+2640	emoji-minimally-qualified	2	2	6	woman in lotus position: medium skin tone
1F9D8+1F3FE+200D+2640+FE0F	emoji-fully-qualified	2	2	6	woman in lotus position: medium-dark skin tone
1F9D8+1F3FE+200D+2640	emoji-minimally-qualified	2	2	6	woman in lotus position: medium-dark skin tone
1F9D8+1F3FF+200D+2640+FE0F	emoji-fully-qualified	2	2	6	woman in lotus position: dark skin tone
1F9D8+1F3FF+200D+2640	emoji-minimally-qualified	2	2	6	woman in lotus position: dark skin tone
1F6C0	emoji-fully-qualified	2	2	2	person taking bath
1F6C0+1F3FB	emoji-fully-qualified	2	2	4	person taking bath: light skin tone
1F6C0+1F3FC	emoji-fully-qualified	2	2	4	person taking bath: medium-light skin tone
1F6C0+1F3FD	emoji-fully-qualified	2	2	4	person taking bath: medium skin tone
1F6C0+1F3FE	emoji-fully-qualified	2	2	4	person taking bath: medium-dark skin tone
1F6C0+1F3FF	emoji-fully-qualified	2	2	4	person taking bath: dark skin tone
1F6CC	emoji-fully-qualified	2	2	2	person in bed
1F6CC+1F3FB	emoji-fully-qualified	2	2	4	person in bed: light skin tone
1F6CC+1F3FC	emoji-fully-qualified	2	2	4	person in bed: medium-light skin tone
1F6CC+1F3FD	emoji-fully-qualified	2	2	4	person in bed: medium skin tone
1F6CC+1F3FE	emoji-fully-qualified	2	2	4	person in bed: medium-dark skin tone
1F6CC+1F3FF	emoji-fully-qualified	2	2	4	person in bed: dark skin tone
1F9D1+200D+1F91D+200D+1F9D1	emoji-fully-qualified	2	2	8	people holding hands
1F9D1+1F3FB+200D+1F91D+200D+1F9D1+1F3FB	emoji-fully-qualified	2	2	12	people holding hands: light skin tone
1F9D1+1F3FB+200D+1F91D+200D+1F9D1+1F3FC	emoji-fully-qualified	2	2	12	people holding hands: light skin tone, medium-light skin tone
1F9D1+1F3FB+200D+1F91D+200D+1F9D1+1F3FD	emoji-fully-qualified	2	2	12	people holding hands: light skin tone, medium skin tone
1F9D1+1F3FB+200D+1F91D+200D+1F9D1+1F3FE	emoji-fully-qualified	2	2	12	people holding hands: light skin tone, medium-dark skin tone
1F9D1+1F3FB+200D+1F91D+200D+1F9D1+1F3FF	emoji-fully-qualified	2	2	12	people holding hands: light skin tone, dark skin tone
1F9D1+1F3FC+200D+1F91D+200D+1F9D1+1F3FB	emoji-fully-qualified	2	2	12	people holding hands: medium-light skin tone, light skin tone
1F9D1+1F3FC+200D+1F91D+200D+1F9D1+1F3FC	emoji-fully-qualified	2	2	12	people holding hands: medium-light skin tone
1F9D1+1F3FC+200D+1F91D+200D+1F9D1+1F3FD	emoji-fully-qualified	2	2	12	people holding hands: medium-light skin tone, medium skin tone
1F9D1+1F3FC+200D+1F91D+200D+1F9D1+1F3FE	emoji-fully-qualified	2	2	12	people holding hands: medium-light skin tone, medium-dark skin tone
1F9D1+1F3FC+200D+1F91D+200D+1F9D1+1F3FF	emoji-fully-qualified	2	2	12	people holding hands: medium-light skin tone, dark skin tone
1F9D1+1F3FD+200D+1F91D+200D+1F9D1+1F3FB	emoji-fully-qualified	2	2	12	people holding hands: medium skin tone, light skin tone
1F9D1+1F3FD+200D+1F91D+200D+1F9D1+1F3FC	emoji-fully-qualified	2	2	12	people holding hands: medium skin tone, medium-light skin tone
1F9D1+1F3FD+200D+1F91D+200D+1F9D1+1F3FD	emoji-fully-qualified	2	2	12	people holding hands: medium skin tone
1F9D1+1F3FD+200D+1F91D+200D+1F9D1+1F3FE	emoji-fully-qualified	2	2	12	people holding hands: medium skin tone, medium-dark skin tone
1F9D1+1F3FD+200D+1F91D+200D+1F9D1+1F3FF	emoji-fully-qualified	2	2	12	people holding hands: medium skin tone, dark skin tone
1F9D1+1F3FE+200D+1F91D+200D+1F9D1+1F3FB	emoji-fully-qualified	2	2	12	people holding hands: medium-dark skin tone, light skin tone
1F9D1+1F3FE+200D+1F91D+200D+1F9D1+1F3FC	emoji-fully-qualified	2	2	12	people holding hands: medium-dark skin tone, medium-light skin tone
1F9D1+1F3FE+200D+1F91D+200D+1F9D1+1F3FD	emoji-fully-qualified	2	2	12	people holding hands: medium-dark skin tone, medium skin tone
1F9D1+1F3FE+200D+1F91D+200D+1F9D1+1F3FE	emoji-fully-qualified	2	2	12	people holding hands: medium-dark skin tone
1F9D1+1F3FE+200D+1F91D+200D+1F9D1+1F3FF	emoji-fully-qualified	2	2	12	people holding hands: medium-dark skin tone, dark skin tone
1F9D1+1F3FF+200D+1F91D+200D+1F9D1+1F3FB	emoji-fully-qualified	2	2	12	people holding hands: dark skin tone, light skin tone
1F9D1+1F3FF+200D+1F91D+200D+1F9D1+1F3FC	emoji-fully-qualified	2	2	12	people holding hands: dark skin tone, medium-light skin tone
1F9D1+1F3FF+200D+1F91D+200D+1F9D1+1F3FD	emoji-fully-qualified	2	2	12	people holding hands: dark skin tone, medium skin tone
1F9D1+1F3FF+200D+1F91D+200D+1F9D1+1F3FE	emoji-fully-qualified	2	2	12	people holding hands: dark skin tone, medium-dark skin tone
1F9D1+1F3FF+200D+1F91D+200D+1F9D1+1F3FF	emoji-fully-qualified	2	2	12	people holding hands: dark skin tone
1F46D	emoji-fully-qualified	2	2	2	women holding hands
1F46D+1F3FB	emoji-fully-qualified	2	2	4	women holding hands: light skin tone
1F469+1F3FB+200D+1F91D+200D+1F469+1F3FC	emoji-fully-qualified	2	2	12	women holding hands: light skin tone, medium-light skin tone
1F469+1F3FB+200D+1F91D+200D+1F469+1F3FD	emoji-fully-qualified	2	2	12	women holding hands: light skin tone, medium skin tone
1F469+1F3FB+200D+1F91D+200D+1F469+1F3FE	emoji-fully-qualified	2	2	12	women holding hands: light skin tone, medium-dark skin tone
1F469+1F3FB+200D+1F91D+200D+1F469+1F3FF	emoji-fully-qualified	2	2	12	women holding hands: light skin tone, dark skin tone
1F469+1F3FC+200D+1F91D+200D+1F469+1F3FB	emoji-fully-qualified	2	2	12	women holding hands: medium-light skin tone, light skin tone
1F46D+1F3FC	emoji-fully-qualified	2	2	4	women holding hands: medium-light skin tone
1F469+1F3FC+200D+1F91D+200D+1F469+1F3FD	emoji-fully-qualified	2	2	12	women holding hands: medium-light skin tone, medium skin tone
1F469+1F3FC+200D+1F91D+200D+1F469+1F3FE	emoji-fully-qualified	2	2	12	women holding hands: medium-light skin tone, medium-dark skin tone
1F469+1F3FC+200D+1F91D+200D+1F469+1F3FF	emoji-fully-qualified	2	2	12	women holding hands: medium-light skin tone, dark skin tone
1F469+1F3FD+200D+1F91D+200D+1F469+1F3FB	emoji-fully-qualified	2	2	12	women holding hands: medium skin tone, light skin tone
1F469+1F3FD+200D+1F91D+200D+1F469+1F3FC	emoji-fully-qualified	2	2	12	women holding hands: medium skin tone, medium-light skin tone
1F46D+1F3FD	emoji-fully-qualified	2	2	4	women holding hands: medium skin tone
1F469+1F3FD+200D+1F91D+200D+1F469+1F3FE	emoji-fully-qualified	2	2	12	women holding hands: medium skin tone, medium-dark skin tone
1F469+1F3FD+200D+1F91D+200D+1F469+1F3FF	emoji-fully-qualified	2	2	12	women holding hands: medium skin tone, dark skin tone
1F469+1F3FE+200D+1F91D+200D+1F469+1F3FB	emoji-fully-qualified	2	2	12	women holding hands: medium-dark skin tone, light skin tone
1F469+1F3FE+200D+1F91D+200D+1F469+1F3FC	emoji-fully-qualified	2	2	12	women holding hands: medium-dark skin tone, medium-light skin tone
1F469+1F3FE+200D+1F91D+200D+1F469+1F3FD	emoji-fully-qualified	2	2	12	women holding hands: medium-dark skin tone, medium skin tone
1F46D+1F3FE	emoji-fully-qualified	2	2	4	women holding hands: medium-dark skin tone
1F469+1F3FE+200D+1F91D+200D+1F469+1F3FF	emoji-fully-qualified	2	2	12	women holding hands: medium-dark skin tone, dark skin tone
1F469+1F3FF+200D+1F91D+200D+1F469+1F3FB	emoji-fully-qualified	2	2	12	women holding hands: dark skin tone, light skin tone
1F469+1F3FF+200D+1F91D+200D+1F469+1F3FC	emoji-fully-qualified	2	2	12	women holding hands: dark skin tone, medium-light skin tone
1F469+1F3FF+200D+1F91D+200D+1F469+1F3FD	emoji-fully-qualified	2	2	12	women holding hands: dark skin tone, medium skin tone
1F469+1F3FF+200D+1F91D+200D+1F469+1F3FE	emoji-fully-qualified	2	2	12	women holding hands: dark skin tone, medium-dark skin tone
1F46D+1F3FF	emoji-fully-qualified	2	2	4	women holding hands: dark skin tone
1F46B	emoji-fully-qualified	2	2	2	woman and man holding hands
1F46B+1F3FB	emoji-fully-qualified	2	2	4	woman and man holding hands: light skin tone
1F469+1F3FB+200D+1F91D+200D+1F468+1F3FC	emoji-fully-qualified	2	2	12	woman and man holding hands: light skin tone, medium-light skin tone
1F469+1F3FB+200D+1F91D+200D+1F468+1F3FD	emoji-fully-qualified	2	2	12	woman and man holding hands: light skin tone, medium skin tone
1F469+1F3FB+200D+1F91D+200D+1F468+1F3FE	emoji-fully-qualified	2	2	12	woman and man holding hands: light skin tone, medium-dark skin tone
1F469+1F3FB+200D+1F91D+200D+1F468+1F3FF	emoji-fully-qualified	2	2	12	woman and man holding hands: light skin tone, dark skin tone
1F469+1F3FC+200D+1F91D+200D+1F468+1F3FB	emoji-fully-qualified	2	2	12	woman and man holding hands: medium-light skin tone, light skin tone
1F46B+1F3FC	emoji-fully-qualified	2	2	4	woman and man holding hands: medium-light skin tone
1F469+1F3FC+200D+1F91D+200D+1F468+1F3FD	emoji-fully-qualified	2	2	12	woman and man holding hands: medium-light skin tone, medium skin tone
1F469+1F3FC+200D+1F91D+200D+1F468+1F3FE	emoji-fully-qualified	2	2	12	woman and man holding hands: medium-light skin tone, medium-dark skin tone
1F469+1F3FC+200D+1F91D+200D+1F468+1F3FF	emoji-fully-qualified	2	2	12	woman and man holding hands: medium-light skin tone, dark skin tone
1F469+1F3FD+200D+1F91D+200D+1F468+1F3FB	emoji-fully-qualified	2	2	12	woman and man holding hands: medium skin tone, light skin tone
1F469+1F3FD+200D+1F91D+200D+1F468+1F3FC	emoji-fully-qualified	2	2	12	woman and man holding hands: medium skin tone, medium-light skin tone
1F46B+1F3FD	emoji-fully-qualified	2	2	4	woman and man holding hands: medium skin tone
1F469+1F3FD+200D+1F91D+200D+1F468+1F3FE	emoji-fully-qualified	2	2	12	woman and man holding hands: medium skin tone, medium-dark skin tone
1F469+1F3FD+200D+1F91D+200D+1F468+1F3FF	emoji-fully-qualified	2	2	12	woman and man holding hands: medium skin tone, dark skin tone
1F469+1F3FE+200D+1F91D+200D+1F468+1F3FB	emoji-fully-qualified	2	2	12	woman and man holding hands: medium-dark skin tone, light skin tone
1F469+1F3FE+200D+1F91D+200D+1F468+1F3FC	emoji-fully-qualified	2	2	12	woman and man holding hands: medium-dark skin tone, medium-light skin tone
1F469+1F3FE+200D+1F91D+200D+1F468+1F3FD	emoji-fully-qualified	2	2	12	woman and man holding hands: medium-dark skin tone, medium skin tone
1F46B+1F3FE	emoji-fully-qualified	2	2	4	woman and man holding hands: medium-dark skin tone
1F469+1F3FE+200D+1F91D+200D+1F468+1F3FF	emoji-fully-qualified	2	2	12	woman and man holding hands: medium-dark skin tone, dark skin tone
1F469+1F3FF+200D+1F91D+200D+1F468+1F3FB	emoji-fully-qualified	2	2	12	woman and man holding hands: dark skin tone, light skin tone
1F469+1F3FF+200D+1F91D+200D+1F468+1F3FC	emoji-fully-qualified	2	2	12	woman and man holding hands: dark skin tone, medium-light skin tone
1F469+1F3FF+200D+1F91D+200D+1F468+1F3FD	emoji-fully-qualified	2	2	12	woman and man holding hands: dark skin tone, medium skin tone
1F469+1F3FF+200D+1F91D+200D+1F468+1F3FE	emoji-fully-qualified	2	2	12	woman and man holding hands: dark skin tone, medium-dark skin tone
1F46B+1F3FF	emoji-fully-qualified	2	2	4	woman and man holding hands: dark skin tone
1F46C	emoji-fully-qualified	2	2	2	men holding hands
1F46C+1F3FB	emoji-fully-qualified	2	2	4	men holding hands: light skin tone
1F468+1F3FB+200D+1F91D+200D+1F468+1F3FC	emoji-fully-qualified	2	2	12	men holding hands: light skin tone, medium-light skin tone
1F468+1F3FB+200D+1F91D+200D+1F468+1F3FD	emoji-fully-qualified	2	2	12	men holding hands: light skin tone, medium skin tone
1F468+1F3FB+200D+1F91D+200D+1F468+1F3FE	emoji-fully-qualified	2	2	12	men holding hands: light skin tone, medium-dark skin tone
1F468+1F3FB+200D+1F91D+200D+1F468+1F3FF	emoji-fully-qualified	2	2	12	men holding hands: light skin tone, dark skin tone
1F468+1F3FC+200D+1F91D+200D+1F468+1F3FB	emoji-fully-qualified	2	2	12	men holding hands: medium-light skin tone, light skin tone
1F46C+1F3FC	emoji-fully-qualified	2	2	4	men holding hands: medium-light skin tone
1F468+1F3FC+200D+1F91D+200D+1F468+1F3FD	emoji-fully-qualified	2	2	12	men holding hands: medium-light skin tone, medium skin tone
1F468+1F3FC+200D+1F91D+200D+1F468+1F3FE	emoji-fully-qualified	2	2	12	men holding hands: medium-light skin tone, medium-dark skin tone
1F468+1F3FC+200D+1F91D+200D+1F468+1F3FF	emoji-fully-qualified	2	2	12	men holding hands: medium-light skin tone, dark skin tone
1F468+1F3FD+200D+1F91D+200D+1F468+1F3FB	emoji-fully-qualified	2	2	12	men holding hands: medium skin tone, light skin tone
1F468+1F3FD+200D+1F91D+200D+1F468+1F3FC	emoji-fully-qualified	2	2	12	men holding hands: medium skin tone, medium-light skin tone
1F46C+1F3FD	emoji-fully-qualified	2	2	4	men holding hands: medium skin tone
1F468+1F3FD+200D+1F91D+200D+1F468+1F3FE	emoji-fully-qualified	2	2	12	men holding hands: medium skin tone, medium-dark skin tone
1F468+1F3FD+200D+1F91D+200D+1F468+1F3FF	emoji-fully-qualified	2	2	12	men holding hands: medium skin tone, dark skin tone
1F468+1F3FE+200D+1F91D+200D+1F468+1F3FB	emoji-fully-qualified	2	2	12	men holding hands: medium-dark skin tone, light skin tone
1F468+1F3FE+200D+1F91D+200D+1F468+1F3FC	emoji-fully-qualified	2	2	12	men holding hands: medium-dark skin tone, medium-light skin tone
1F468+1F3FE+200D+1F91D+200D+1F468+1F3FD	emoji-fully-qualified	2	2	12	men holding hands: medium-dark skin tone, medium skin tone
1F46C+1F3FE	emoji-fully-qualified	2	2	4	men holding hands: medium-dark skin tone
1F468+1F3FE+200D+1F91D+200D+1F468+1F3FF	emoji-fully-qualified	2	2	12	men holding hands: medium-dark skin tone, dark skin tone
1F468+1F3FF+200D+1F91D+200D+1F468+1F3FB	emoji-fully-qualified	2	2	12	men holding hands: dark skin tone, light skin tone
1F468+1F3FF+200D+1F91D+200D+1F468+1F3FC	emoji-fully-qualified	2	2	12	men holding hands: dark skin tone, medium-light skin tone
1F468+1F3FF+200D+1F91D+200D+1F468+1F3FD	emoji-fully-qualified	2	2	12	men holding hands: dark skin tone, medium skin tone
1F468+1F3FF+200D+1F91D+200D+1F468+1F3FE	emoji-fully-qualified	2	2	12	men holding hands: dark skin tone, medium-dark skin tone
1F46C+1F3FF	emoji-fully-qualified	2	2	4	men holding hands: dark skin tone
1F48F	emoji-fully-qualified	2	2	2	kiss
1F48F+1F3FB	emoji-fully-qualified	2	2	4	kiss: light skin tone
1F48F+1F3FC	emoji-fully-qualified	2	2	4	kiss: medium-light skin tone
1F48F+1F3FD	emoji-fully-qualified	2	2	4	kiss: medium skin tone
1F48F+1F3FE	emoji-fully-qualified	2	2	4	kiss: medium-dark skin tone
1F48F+1F3FF	emoji-fully-qualified	2	2	4	kiss: dark skin tone
1F9D1+1F3FB+200D+2764+FE0F+200D+1F48B+200D+1F9D1+1F3FC	emoji-fully-qualified	2	2	14	kiss: person, person, light skin tone, medium-light skin tone
1F9D1+1F3FB+200D+2764+200D+1F48B+200D+1F9D1+1F3FC	emoji-minimally-qualified	2	2	14	kiss: person, person, light skin tone, medium-light skin tone
1F9D1+1F3FB+200D+2764+FE0F+200D+1F48B+200D+1F9D1+1F3FD	emoji-fully-qualified	2	2	14	kiss: person, person, light skin tone, medium skin tone
1F9D1+1F3FB+200D+2764+200D+1F48B+200D+1F9D1+1F3FD	emoji-minimally-qualified	2	2	14	kiss: person, person, light skin tone, medium skin tone
1F9D1+1F3FB+200D+2764+FE0F+200D+1F48B+200D+1F9D1+1F3FE	emoji-fully-qualified	2	2	14	kiss: person, person, light skin tone, medium-dark skin tone
1F9D1+1F3FB+200D+2764+200D+1F48B+200D+1F9D1+1F3FE	emoji-minimally-qualified	2	2	14	kiss: person, person, light skin tone, medium-dark skin tone
1F9D1+1F3FB+200D+2764+FE0F+200D+1F48B+200D+1F9D1+1F3FF	emoji-fully-qualified	2	2	14	kiss: person, person, light skin tone, dark skin tone
1F9D1+1F3FB+200D+2764+200D+1F48B+200D+1F9D1+1F3FF	emoji-minimally-qualified	2	2	14	kiss: person, person, light skin tone, dark skin tone
1F9D1+1F3FC+200D+2764+FE0F+200D+1F48B+200D+1F9D1+1F3FB	emoji-fully-qualified	2	2	14	kiss: person, person, medium-light skin tone, light skin tone
1F9D1+1F3FC+200D+2764+200D+1F48B+200D+1F9D1+1F3FB	emoji-minimally-qualified	2	2	14	kiss: person, person, medium-light skin tone, light skin tone
1F9D1+1F3FC+200D+2764+FE0F+200D+1F48B+200D+1F9D1+1F3FD	emoji-fully-qualified	2	2	14	kiss: person, person, medium-light skin tone, medium skin tone
1F9D1+1F3FC+200D+2764+200D+1F48B+200D+1F9D1+1F3FD	emoji-minimally-qualified	2	2	14	kiss: person, person, medium-light skin tone, medium skin tone
1F9D1+1F3FC+200D+2764+FE0F+200D+1F48B+200D+1F9D1+1F3FE	emoji-fully-qualified	2	2	14	kiss: person, person, medium-light skin tone, medium-dark skin tone
1F9D1+1F3FC+200D+2764+200D+1F48B+200D+1F9D1+1F3FE	emoji-minimally-qualified	2	2	14	kiss: person, person, medium-light skin tone, medium-dark skin tone
1F9D1+1F3FC+200D+2764+FE0F+200D+1F48B+200D+1F9D1+1F3FF	emoji-fully-qualified	2	2	14	kiss: person, person, medium-light skin tone, dark skin tone
1F9D1+1F3FC+200D+2764+200D+1F48B+200D+1F9D1+1F3FF	emoji-minimally-qualified	2	2	14	kiss: person, person, medium-light skin tone, dark skin tone
1F9D1+1F3FD+200D+2764+FE0F+200D+1F48B+200D+1F9D1+1F3FB	emoji-fully-qualified	2	2	14	kiss: person, person, medium skin tone, light skin tone
1F9D1+1F3FD+200D+2764+200D+1F48B+200D+1F9D1+1F3FB	emoji-minimally-qualified	2	2	14	kiss: person, person, medium skin tone, light skin tone
1F9D1+1F3FD+200D+2764+FE0F+200D+1F48B+200D+1F9D1+1F3FC	emoji-fully-qualified	2	2	14	kiss: person, person, medium skin tone, medium-light skin tone
1F9D1+1F3FD+200D+2764+200D+1F48B+200D+1F9D1+1F3FC	emoji-minimally-qualified	2	2	14	kiss: person, person, medium skin tone, medium-light skin tone
1F9D1+1F3FD+200D+2764+FE0F+200D+1F48B+200D+1F9D1+1F3FE	emoji-fully-qualified	2	2	14	kiss: person, person, medium skin tone, medium-dark skin tone
1F9D1+1F3FD+200D+2764+200D+1F48B+200D+1F9D1+1F3FE	emoji-minimally-qualified	2	2	14	kiss: person, person, medium skin tone, medium-dark skin tone
1F9D1+1F3FD+200D+2764+FE0F+200D+1F48B+200D+1F9D1+1F3FF	emoji-fully-qualified	2	2	14	kiss: person, person, medium skin tone, dark skin tone
1F9D1+1F3FD+200D+2764+200D+1F48B+200D+1F9D1+1F3FF	emoji-minimally-qualified	2	2	14	kiss: person, person, medium skin tone, dark skin tone
1F9D1+1F3FE+200D+2764+FE0F+200D+1F48B+200D+1F9D1+1F3FB	emoji-fully-qualified	2	2	14	kiss: person, person, medium-dark skin tone, light skin tone
1F9D1+1F3FE+200D+2764+200D+1F48B+200D+1F9D1+1F3FB	emoji-minimally-qualified	2	2	14	kiss: person, person, medium-dark skin tone, light skin tone
1F9D1+1F3FE+200D+2764+FE0F+200D+1F48B+200D+1F9D1+1F3FC	emoji-fully-qualified	2	2	14	kiss: person, person, medium-dark skin tone, medium-light skin tone
1F9D1+1F3FE+200D+2764+200D+1F48B+200D+1F9D1+1F3FC	emoji-minimally-qualified	2	2	14	kiss: person, person, medium-dark skin tone, medium-light skin tone
1F9D1+1F3FE+200D+2764+FE0F+200D+1F48B+200D+1F9D1+1F3FD	emoji-fully-qualified	2	2	14	kiss: person, person, medium-dark skin tone, medium skin tone
1F9D1+1F3FE+200D+2764+200D+1F48B+200D+1F9D1+1F3FD	emoji-minimally-qualified	2	2	14	kiss: person, person, medium-dark skin tone, medium skin tone
1F9D1+1F3FE+200D+2764+FE0F+200D+1F48B+200D+1F9D1+1F3FF	emoji-fully-qualified	2	2	14	kiss: person, person, medium-dark skin tone, dark skin tone
1F9D1+1F3FE+200D+2764+200D+1F48B+200D+1F9D1+1F3FF	emoji-minimally-qualified	2	2	14	kiss: person, person, medium-dark skin tone, dark skin tone
1F9D1+1F3FF+200D+2764+FE0F+200D+1F48B+200D+1F9D1+1F3FB	emoji-fully-qualified	2	2	14	kiss: person, person, dark skin tone, light skin tone
1F9D1+1F3FF+200D+2764+200D+1F48B+200D+1F9D1+1F3FB	emoji-minimally-qualified	2	2	14	kiss: person, person, dark skin tone, light skin tone
1F9D1+1F3FF+200D+2764+FE0F+200D+1F48B+200D+1F9D1+1F3FC	emoji-fully-qualified	2	2	14	kiss: person, person, dark skin tone, medium-light skin tone
1F9D1+1F3FF+200D+2764+200D+1F48B+200D+1F9D1+1F3FC	emoji-minimally-qualified	2	2	14	kiss: person, person, dark skin tone, medium-light skin tone
1F9D1+1F3FF+200D+2764+FE0F+200D+1F48B+200D+1F9D1+1F3FD	emoji-fully-qualified	2	2	14	kiss: person, person, dark skin tone, medium skin tone
1F9D1+1F3FF+200D+2764+200D+1F48B+200D+1F9D1+1F3FD	emoji-minimally-qualified	2	2	14	kiss: person, person, dark skin tone, medium skin tone
1F9D1+1F3FF+200D+2764+FE0F+200D+1F48B+200D+1F9D1+1F3FE	emoji-fully-qualified	2	2	14	kiss: person, person, dark skin tone, medium-dark skin tone
1F9D1+1F3FF+200D+2764+200D+1F48B+200D+1F9D1+1F3FE	emoji-minimally-qualified	2	2	14	kiss: person, person, dark skin tone, medium-dark skin tone
1F469+200D+2764+FE0F+200D+1F48B+200D+1F468	emoji-fully-qualified	2	2	10	kiss: woman, man
1F469+200D+2764+200D+1F48B+200D+1F468	emoji-minimally-qualified	2	2	10	kiss: woman, man
1F469+1F3FB+200D+2764+FE0F+200D+1F48B+200D+1F468+1F3FB	emoji-fully-qualified	2	2	14	kiss: woman, man, light skin tone
1F469+1F3FB+200D+2764+200D+1F48B+200D+1F468+1F3FB	emoji-minimally-qualified	2	2	14	kiss: woman, man, light skin tone
1F469+1F3FB+200D+2764+FE0F+200D+1F48B+200D+1F468+1F3FC	emoji-fully-qualified	2	2	14	kiss: woman, man, light skin tone, medium-light skin tone
1F469+1F3FB+200D+2764+200D+1F48B+200D+1F468+1F3FC	emoji-minimally-qualified	2	2	14	kiss: woman, man, light skin tone, medium-light skin tone
1F469+1F3FB+200D+2764+FE0F+200D+1F48B+200D+1F468+1F3FD	emoji-fully-qualified	2	2	14	kiss: woman, man, light skin tone, medium skin tone
1F469+1F3FB+200D+2764+200D+1F48B+200D+1F468+1F3FD	emoji-minimally-qualified	2	2	14	kiss: woman, man, light skin tone, medium skin tone
1F469+1F3FB+200D+2764+FE0F+200D+1F48B+200D+1F468+1F3FE	emoji-fully-qualified	2	2	14	kiss: woman, man, light skin tone, medium-dark skin tone
1F469+1F3FB+200D+2764+200D+1F48B+200D+1F468+1F3FE	emoji-minimally-qualified	2	2	14	kiss: woman, man, light skin tone, medium-dark skin tone
1F469+1F3FB+200D+2764+FE0F+200D+1F48B+200D+1F468+1F3FF	emoji-fully-qualified	2	2	14	kiss: woman, man, light skin tone, dark skin tone
1F469+1F3FB+200D+2764+200D+1F48B+200D+1F468+1F3FF	emoji-minimally-qualified	2	2	14	kiss: woman, man, light skin tone, dark skin tone
1F469+1F3FC+200D+2764+FE0F+200D+1F48B+200D+1F468+1F3FB	emoji-fully-qualified	2	2	14	kiss: woman, man, medium-light skin tone, light skin tone
1F469+1F3FC+200D+2764+200D+1F48B+200D+1F468+1F3FB	emoji-minimally-qualified	2	2	14	kiss: woman, man, medium-light skin tone, light skin tone
1F469+1F3FC+200D+2764+FE0F+200D+1F48B+200D+1F468+1F3FC	emoji-fully-qualified	2	2	14	kiss: woman, man, medium-light skin tone
1F469+1F3FC+200D+2764+200D+1F48B+200D+1F468+1F3FC	emoji-minimally-qualified	2	2	14	kiss: woman, man, medium-light skin tone
1F469+1F3FC+200D+2764+FE0F+200D+1F48B+200D+1F468+1F3FD	emoji-fully-qualified	2	2	14	kiss: woman, man, medium-light skin tone, medium skin tone
1F469+1F3FC+200D+2764+200D+1F48B+200D+1F468+1F3FD	emoji-minimally-qualified	2	2	14	kiss: woman, man, medium-light skin tone, medium skin tone
1F469+1F3FC+200D+2764+FE0F+200D+1F48B+200D+1F468+1F3FE	emoji-fully-qualified	2	2	14	kiss: woman, man, medium-light skin tone, medium-dark skin tone
1F469+1F3FC+200D+2764+200D+1F48B+200D+1F468+1F3FE	emoji-minimally-qualified	2	2	14	kiss: woman, man, medium-light skin tone, medium-dark skin tone
1F469+1F3FC+200D+2764+FE0F+200D+1F48B+200D+1F468+1F3FF	emoji-fully-qualified	2	2	14	kiss: woman, man, medium-light skin tone, dark skin tone
1F469+1F3FC+200D+2764+200D+1F48B+200D+1F468+1F3FF	emoji-minimally-qualified	2	2	14	kiss: woman, man, medium-light skin tone, dark skin tone
1F469+1F3FD+200D+2764+FE0F+200D+1F48B+200D+1F468+1F3FB	emoji-fully-qualified	2	2	14	kiss: woman, man, medium skin tone, light skin tone
1F469+1F3FD+200D+2764+200D+1F48B+200D+1F468+1F3FB	emoji-minimally-qualified	2	2	14	kiss: woman, man, medium skin tone, light skin tone
1F469+1F3FD+200D+2764+FE0F+200D+1F48B+200D+1F468+1F3FC	emoji-fully-qualified	2	2	14	kiss: woman, man, medium skin tone, medium-light skin tone
1F469+1F3FD+200D+2764+200D+1F48B+200D+1F468+1F3FC	emoji-minimally-qualified	2	2	14	kiss: woman, man, medium skin tone, medium-light skin tone
1F469+1F3FD+200D+2764+FE0F+200D+1F48B+200D+1F468+1F3FD	emoji-fully-qualified	2	2	14	kiss: woman, man, medium skin tone
1F469+1F3FD+200D+2764+200D+1F48B+200D+1F468+1F3FD	emoji-minimally-qualified	2	2	14	kiss: woman, man, medium skin tone
1F469+1F3FD+200D+2764+FE0F+200D+1F48B+200D+1F468+1F3FE	emoji-fully-qualified	2	2	14	kiss: woman, man, medium skin tone, medium-dark skin tone
1F469+1F3FD+200D+2764+200D+1F48B+200D+1F468+1F3FE	emoji-minimally-qualified	2	2	14	kiss: woman, man, medium skin tone, medium-dark skin tone
1F469+1F3FD+200D+2764+FE0F+200D+1F48B+200D+1F468+1F3FF	emoji-fully-qualified	2	2	14	kiss: woman, man, medium skin tone, dark skin tone
1F469+1F3FD+200D+2764+200D+1F48B+200D+1F468+1F3FF	emoji-minimally-qualified	2	2	14	kiss: woman, man, medium skin tone, dark skin tone
1F469+1F3FE+200D+2764+FE0F+200D+1F48B+200D+1F468+1F3FB	emoji-fully-qualified	2	2	14	kiss: woman, man, medium-dark skin tone, light skin tone
1F469+1F3FE+200D+2764+200D+1F48B+200D+1F468+1F3FB	emoji-minimally-qualified	2	2	14	kiss: woman, man, medium-dark skin tone, light skin tone
1F469+1F3FE+200D+2764+FE0F+200D+1F48B+200D+1F468+1F3FC	emoji-fully-qualified	2	2	14	kiss: woman, man, medium-dark skin tone, medium-light skin tone
1F469+1F3FE+200D+2764+200D+1F48B+200D+1F468+1F3FC	emoji-minimally-qualified	2	2	14	kiss: woman, man, medium-dark skin tone, medium-light skin tone
1F469+1F3FE+200D+2764+FE0F+200D+1F48B+200D+1F468+1F3FD	emoji-fully-qualified	2	2	14	kiss: woman, man, medium-dark skin tone, medium skin tone
1F469+1F3FE+200D+2764+200D+1F48B+200D+1F468+1F3FD	emoji-minimally-qualified	2	2	14	kiss: woman, man, medium-dark skin tone, medium skin tone
1F469+1F3FE+200D+2764+FE0F+200D+1F48B+200D+1F468+1F3FE	emoji-fully-qualified	2	2	14	kiss: woman, man, medium-dark skin tone
1F469+1F3FE+200D+2764+200D+1F48B+200D+1F468+1F3FE	emoji-minimally-qualified	2	2	14	kiss: woman, man, medium-dark skin tone
1F469+1F3FE+200D+2764+FE0F+200D+1F48B+200D+1F468+1F3FF	emoji-fully-qualified	2	2	14	kiss: woman, man, medium-dark skin tone, dark skin tone
1F469+1F3FE+200D+2764+200D+1F48B+200D+1F468+1F3FF	emoji-minimally-qualified	2	2	14	kiss: woman, man, medium-dark skin tone, dark skin tone
1F469+1F3FF+200D+2764+FE0F+200D+1F48B+200D+1F468+1F3FB	emoji-fully-qualified	2	2	14	kiss: woman, man, dark skin tone, light skin tone
1F469+1F3FF+200D+2764+200D+1F48B+200D+1F468+1F3FB	emoji-minimally-qualified	2	2	14	kiss: woman, man, dark skin tone, light skin tone
1F469+1F3FF+200D+2764+FE0F+200D+1F48B+200D+1F468+1F3FC	emoji-fully-qualified	2	2	14	kiss: woman, man, dark skin tone, medium-light skin tone
1F469+1F3FF+200D+2764+200D+1F48B+200D+1F468+1F3FC	emoji-minimally-qualified	2	2	14	kiss: woman, man, dark skin tone, medium-light skin tone
1F469+1F3FF+200D+2764+FE0F+200D+1F48B+200D+1F468+1F3FD	emoji-fully-qualified	2	2	14	kiss: woman, man, dark skin tone, medium skin tone
1F469+1F3FF+200D+2764+200D+1F48B+200D+1F468+1F3FD	emoji-minimally-qualified	2	2	14	kiss: woman, man, dark skin tone, medium skin tone
1F469+1F3FF+200D+2764+FE0F+200D+1F48B+200D+1F468+1F3FE	emoji-fully-qualified	2	2	14	kiss: woman, man, dark skin tone, medium-dark skin tone
1F469+1F3FF+200D+2764+200D+1F48B+200D+1F468+1F3FE	emoji-minimally-qualified	2	2	14	kiss: woman, man, dark skin tone, medium-dark skin tone
1F469+1F3FF+200D+2764+FE0F+200D+1F48B+200D+1F468+1F3FF	emoji-fully-qualified	2	2	14	kiss: woman, man, dark skin tone
1F469+1F3FF+200D+2764+200D+1F48B+200D+1F468+1F3FF	emoji-minimally-qualified	2	2	14	kiss: woman, man, dark skin tone
1F468+200D+2764+FE0F+200D+1F48B+200D+1F468	emoji-fully-qualified	2	2	10	kiss: man, man
1F468+200D+2764+200D+1F48B+200D+1F468	emoji-minimally-qualified	2	2	10	kiss: man, man
1F468+1F3FB+200D+2764+FE0F+200D+1F48B+200D+1F468+1F3FB	emoji-fully-qualified	2	2	14	kiss: man, man, light skin tone
1F468+1F3FB+200D+2764+200D+1F48B+200D+1F468+1F3FB	emoji-minimally-qualified	2	2	14	kiss: man, man, light skin tone
1F468+1F3FB+200D+2764+FE0F+200D+1F48B+200D+1F468+1F3FC	emoji-fully-qualified	2	2	14	kiss: man, man, light skin tone, medium-light skin tone
1F468+1F3FB+200D+2764+200D+1F48B+200D+1F468+1F3FC	emoji-minimally-qualified	2	2	14	kiss: man, man, light skin tone, medium-light skin tone
1F468+1F3FB+200D+2764+FE0F+200D+1F48B+200D+1F468+1F3FD	emoji-fully-qualified	2	2	14	kiss: man, man, light skin tone, medium skin tone
1F468+1F3FB+200D+2764+200D+1F48B+200D+1F468+1F3FD	emoji-minimally-qualified	2	2	14	kiss: man, man, light skin tone, medium skin tone
1F468+1F3FB+200D+2764+FE0F+200D+1F48B+200D+1F468+1F3FE	emoji-fully-qualified	2	2	14	kiss: man, man, light skin tone, medium-dark skin tone
1F468+1F3FB+200D+2764+200D+1F48B+200D+1F468+1F3FE	emoji-minimally-qualified	2	2	14	kiss: man, man, light skin tone, medium-dark skin tone
1F468+1F3FB+200D+2764+FE0F+200D+1F48B+200D+1F468+1F3FF	emoji-fully-qualified	2	2	14	kiss: man, man, light skin tone, dark skin tone
1F468+1F3FB+200D+2764+200D+1F48B+200D+1F468+1F3FF	emoji-minimally-qualified	2	2	14	kiss: man, man, light skin tone, dark skin tone
1F468+1F3FC+200D+2764+FE0F+200D+1F48B+200D+1F468+1F3FB	emoji-fully-qualified	2	2	14	kiss: man, man, medium-light skin tone, light skin tone
1F468+1F3FC+200D+2764+200D+1F48B+200D+1F468+1F3FB	emoji-minimally-qualified	2	2	14	kiss: man, man, medium-light skin tone, light skin tone
1F468+1F3FC+200D+2764+FE0F+200D+1F48B+200D+1F468+1F3FC	emoji-fully-qualified	2	2	14	kiss: man, man, medium-light skin tone
1F468+1F3FC+200D+2764+200D+1F48B+200D+1F468+1F3FC	emoji-minimally-qualified	2	2	14	kiss: man, man, medium-light skin tone
1F468+1F3FC+200D+2764+FE0F+200D+1F48B+200D+1F468+1F3FD	emoji-fully-qualified	2	2	14	kiss: man, man, medium-light skin tone, medium skin tone
1F468+1F3FC+200D+2764+200D+1F48B+200D+1F468+1F3FD	emoji-minimally-qualified	2	2	14	kiss: man, man, medium-light skin tone, medium skin tone
1F468+1F3FC+200D+2764+FE0F+200D+1F48B+200D+1F468+1F3FE	emoji-fully-qualified	2	2	14	kiss: man, man, medium-light skin tone, medium-dark skin tone
1F468+1F3FC+200D+2764+200D+1F48B+200D+1F468+1F3FE	emoji-minimally-qualified	2	2	14	kiss: man, man, medium-light skin tone, medium-dark skin tone
1F468+1F3FC+200D+2764+FE0F+200D+1F48B+200D+1F468+1F3FF	emoji-fully-qualified	2	2	14	kiss: man, man, medium-light skin tone, dark skin tone
1F468+1F3FC+200D+2764+200D+1F48B+200D+1F468+1F3FF	emoji-minimally-qualified	2	2	14	kiss: man, man, medium-light skin tone, dark skin tone
1F468+1F3FD+200D+2764+FE0F+200D+1F48B+200D+1F468+1F3FB	emoji-fully-qualified	2	2	14	kiss: man, man, medium skin tone, light skin tone
1F468+1F3FD+200D+2764+200D+1F48B+200D+1F468+1F3FB	emoji-minimally-qualified	2	2	14	kiss: man, man, medium skin tone, light skin tone
1F468+1F3FD+200D+2764+FE0F+200D+1F48B+200D+1F468+1F3FC	emoji-fully-qualified	2	2	14	kiss: man, man, medium skin tone, medium-light skin tone
1F468+1F3FD+200D+2764+200D+1F48B+200D+1F468+1F3FC	emoji-minimally-qualified	2	2	14	kiss: man, man, medium skin tone, medium-light skin tone
1F468+1F3FD+200D+2764+FE0F+200D+1F48B+200D+1F468+1F3FD	emoji-fully-qualified	2	2	14	kiss: man, man, medium skin tone
1F468+1F3FD+200D+2764+200D+1F48B+200D+1F468+1F3FD	emoji-minimally-qualified	2	2	14	kiss: man, man, medium skin tone
1F468+1F3FD+200D+2764+FE0F+200D+1F48B+200D+1F468+1F3FE	emoji-fully-qualified	2	2	14	kiss: man, man, medium skin tone, medium-dark skin tone
1F468+1F3FD+200D+2764+200D+1F48B+200D+1F468+1F3FE	emoji-minimally-qualified	2	2	14	kiss: man, man, medium skin tone, medium-dark skin tone
1F468+1F3FD+200D+2764+FE0F+200D+1F48B+200D+1F468+1F3FF	emoji-fully-qualified	2	2	14	kiss: man, man, medium skin tone, dark skin tone
1F468+1F3FD+200D+2764+200D+1F48B+200D+1F468+1F3FF	emoji-minimally-qualified	2	2	14	kiss: man, man, medium skin tone, dark skin tone
1F468+1F3FE+200D+2764+FE0F+200D+1F48B+200D+1F468+1F3FB	emoji-fully-qualified	2	2	14	kiss: man, man, medium-dark skin tone, light skin tone
1F468+1F3FE+200D+2764+200D+1F48B+200D+1F468+1F3FB	emoji-minimally-qualified	2	2	14	kiss: man, man, medium-dark skin tone, light skin tone
1F468+1F3FE+200D+2764+FE0F+200D+1F48B+200D+1F468+1F3FC	emoji-fully-qualified	2	2	14	kiss: man, man, medium-dark skin tone, medium-light skin tone
1F468+1F3FE+200D+2764+200D+1F48B+200D+1F468+1F3FC	emoji-minimally-qualified	2	2	14	kiss: man, man, medium-dark skin tone, medium-light skin tone
1F468+1F3FE+200D+2764+FE0F+200D+1F48B+200D+1F468+1F3FD	emoji-fully-qualified	2	2	14	kiss: man, man, medium-dark skin tone, medium skin tone
1F468+1F3FE+200D+2764+200D+1F48B+200D+1F468+1F3FD	emoji-minimally-qualified	2	2	14	kiss: man, man, medium-dark skin tone, medium skin tone
1F468+1F3FE+200D+2764+FE0F+200D+1F48B+200D+1F468+1F3FE	emoji-fully-qualified	2	2	14	kiss: man, man, medium-dark skin tone
1F468+1F3FE+200D+2764+200D+1F48B+200D+1F468+1F3FE	emoji-minimally-qualified	2	2	14	kiss: man, man, medium-dark skin tone
1F468+1F3FE+200D+2764+FE0F+200D+1F48B+200D+1F468+1F3FF	emoji-fully-qualified	2	2	14	kiss: man, man, medium-dark skin tone, dark skin tone
1F468+1F3FE+200D+2764+200D+1F48B+200D+1F468+1F3FF	emoji-minimally-qualified	2	2	14	kiss: man, man, medium-dark skin tone, dark skin tone
1F468+1F3FF+200D+2764+FE0F+200D+1F48B+200D+1F468+1F3FB	emoji-fully-qualified	2	2	14	kiss: man, man, dark skin tone, light skin tone
1F468+1F3FF+200D+2764+200D+1F48B+200D+1F468+1F3FB	emoji-minimally-qualified	2	2	14	kiss: man, man, dark skin tone, light skin tone
1F468+1F3FF+200D+2764+FE0F+200D+1F48B+200D+1F468+1F3FC	emoji-fully-qualified	2	2	14	kiss: man, man, dark skin tone, medium-light skin tone
1F468+1F3FF+200D+2764+200D+1F48B+200D+1F468+1F3FC	emoji-minimally-qualified	2	2	14	kiss: man, man, dark skin tone, medium-light skin tone
1F468+1F3FF+200D+2764+FE0F+200D+1F48B+200D+1F468+1F3FD	emoji-fully-qualified	2	2	14	kiss: man, man, dark skin tone, medium skin tone
1F468+1F3FF+200D+2764+200D+1F48B+200D+1F468+1F3FD	emoji-minimally-qualified	2	2	14	kiss: man, man, dark skin tone, medium skin tone
1F468+1F3FF+200D+2764+FE0F+200D+1F48B+200D+1F468+1F3FE	emoji-fully-qualified	2	2	14	kiss: man, man, dark skin tone, medium-dark skin tone
1F468+1F3FF+200D+2764+200D+1F48B+200D+1F468+1F3FE	emoji-minimally-qualified	2	2	14	kiss: man, man, dark skin tone, medium-dark skin tone
1F468+1F3FF+200D+2764+FE0F+200D+1F48B+200D+1F468+1F3FF	emoji-fully-qualified	2	2	14	kiss: man, man, dark skin tone
1F468+1F3FF+200D+2764+200D+1F48B+200D+1F468+1F3FF	emoji-minimally-qualified	2	2	14	kiss: man, man, dark skin tone
1F469+200D+2764+FE0F+200D+1F48B+200D+1F469	emoji-fully-qualified	2	2	10	kiss: woman, woman
1F469+200D+2764+200D+1F48B+200D+1F469	emoji-minimally-qualified	2	2	10	kiss: woman, woman
1F469+1F3FB+200D+2764+FE0F+200D+1F48B+200D+1F469+1F3FB	emoji-fully-qualified	2	2	14	kiss: woman, woman, light skin tone
1F469+1F3FB+200D+2764+200D+1F48B+200D+1F469+1F3FB	emoji-minimally-qualified	2	2	14	kiss: woman, woman, light skin tone
1F469+1F3FB+200D+2764+FE0F+200D+1F48B+200D+1F469+1F3FC	emoji-fully-qualified	2	2	14	kiss: woman, woman, light skin tone, medium-light skin tone
1F469+1F3FB+200D+2764+200D+1F48B+200D+1F469+1F3FC	emoji-minimally-qualified	2	2	14	kiss: woman, woman, light skin tone, medium-light skin tone
1F469+1F3FB+200D+2764+FE0F+200D+1F48B+200D+1F469+1F3FD	emoji-fully-qualified	2	2	14	kiss: woman, woman, light skin tone, medium skin tone
1F469+1F3FB+200D+2764+200D+1F48B+200D+1F469+1F3FD	emoji-minimally-qualified	2	2	14	kiss: woman, woman, light skin tone, medium skin tone
1F469+1F3FB+200D+2764+FE0F+200D+1F48B+200D+1F469+1F3FE	emoji-fully-qualified	2	2	14	kiss: woman, woman, light skin tone, medium-dark skin tone
1F469+1F3FB+200D+2764+200D+1F48B+200D+1F469+1F3FE	emoji-minimally-qualified	2	2	14	kiss: woman, woman, light skin tone, medium-dark skin tone
1F469+1F3FB+200D+2764+FE0F+200D+1F48B+200D+1F469+1F3FF	emoji-fully-qualified	2	2	14	kiss: woman, woman, light skin tone, dark skin tone
1F469+1F3FB+200D+2764+200D+1F48B+200D+1F469+1F3FF	emoji-minimally-qualified	2	2	14	kiss: woman, woman, light skin tone, dark skin tone
1F469+1F3FC+200D+2764+FE0F+200D+1F48B+200D+1F469+1F3FB	emoji-fully-qualified	2	2	14	kiss: woman, woman, medium-light skin tone, light skin tone
1F469+1F3FC+200D+2764+200D+1F48B+200D+1F469+1F3FB	emoji-minimally-qualified	2	2	14	kiss: woman, woman, medium-light skin tone, light skin tone
1F469+1F3FC+200D+2764+FE0F+200D+1F48B+200D+1F469+1F3FC	emoji-fully-qualified	2	2	14	kiss: woman, woman, medium-light skin tone
1F469+1F3FC+200D+2764+200D+1F48B+200D+1F469+1F3FC	emoji-minimally-qualified	2	2	14	kiss: woman, woman, medium-light skin tone
1F469+1F3FC+200D+2764+FE0F+200D+1F48B+200D+1F469+1F3FD	emoji-fully-qualified	2	2	14	kiss: woman, woman, medium-light skin tone, medium skin tone
1F469+1F3FC+200D+2764+200D+1F48B+200D+1F469+1F3FD	emoji-minimally-qualified	2	2	14	kiss: woman, woman, medium-light skin tone, medium skin tone
1F469+1F3FC+200D+2764+FE0F+200D+1F48B+200D+1F469+1F3FE	emoji-fully-qualified	2	2	14	kiss: woman, woman, medium-light skin tone, medium-dark skin tone
1F469+1F3FC+200D+2764+200D+1F48B+200D+1F469+1F3FE	emoji-minimally-qualified	2	2	14	kiss: woman, woman, medium-light skin tone, medium-dark skin tone
1F469+1F3FC+200D+2764+FE0F+200D+1F48B+200D+1F469+1F3FF	emoji-fully-qualified	2	2	14	kiss: woman, woman, medium-light skin tone, dark skin tone
1F469+1F3FC+200D+2764+200D+1F48B+200D+1F469+1F3FF	emoji-minimally-qualified	2	2	14	kiss: woman, woman, medium-light skin tone, dark skin tone
1F469+1F3FD+200D+2764+FE0F+200D+1F48B+200D+1F469+1F3FB	emoji-fully-qualified	2	2	14	kiss: woman, woman, medium skin tone, light skin tone
1F469+1F3FD+200D+2764+200D+1F48B+200D+1F469+1F3FB	emoji-minimally-qualified	2	2	14	kiss: woman, woman, medium skin tone, light skin tone
1F469+1F3FD+200D+2764+FE0F+200D+1F48B+200D+1F469+1F3FC	emoji-fully-qualified	2	2	14	kiss: woman, woman, medium skin tone, medium-light skin tone
1F469+1F3FD+200D+2764+200D+1F48B+200D+1F469+1F3FC	emoji-minimally-qualified	2	2	14	kiss: woman, woman, medium skin tone, medium-light skin tone
1F469+1F3FD+200D+2764+FE0F+200D+1F48B+200D+1F469+1F3FD	emoji-fully-qualified	2	2	14	kiss: woman, woman, medium skin tone
1F469+1F3FD+200D+2764+200D+1F48B+200D+1F469+1F3FD	emoji-minimally-qualified	2	2	14	kiss: woman, woman, medium skin tone
1F469+1F3FD+200D+2764+FE0F+200D+1F48B+200D+1F469+1F3FE	emoji-fully-qualified	2	2	14	kiss: woman, woman, medium skin tone, medium-dark skin tone
1F469+1F3FD+200D+2764+200D+1F48B+200D+1F469+1F3FE	emoji-minimally-qualified	2	2	14	kiss: woman, woman, medium skin tone, medium-dark skin tone
1F469+1F3FD+200D+2764+FE0F+200D+1F48B+200D+1F469+1F3FF	emoji-fully-qualified	2	2	14	kiss: woman, woman, medium skin tone, dark skin tone
1F469+1F3FD+200D+2764+200D+1F48B+200D+1F469+1F3FF	emoji-minimally-qualified	2	2	14	kiss: woman, woman, medium skin tone, dark skin tone
1F469+1F3FE+200D+2764+FE0F+200D+1F48B+200D+1F469+1F3FB	emoji-fully-qualified	2	2	14	kiss: woman, woman, medium-dark skin tone, light skin tone
1F469+1F3FE+200D+2764+200D+1F48B+200D+1F469+1F3FB	emoji-minimally-qualified	2	2	14	kiss: woman, woman, medium-dark skin tone, light skin tone
1F469+1F3FE+200D+2764+FE0F+200D+1F48B+200D+1F469+1F3FC	emoji-fully-qualified	2	2	14	kiss: woman, woman, medium-dark skin tone, medium-light skin tone
1F469+1F3FE+200D+2764+200D+1F48B+200D+1F469+1F3FC	emoji-minimally-qualified	2	2	14	kiss: woman, woman, medium-dark skin tone, medium-light skin tone
1F469+1F3FE+200D+2764+FE0F+200D+1F48B+200D+1F469+1F3FD	emoji-fully-qualified	2	2	14	kiss: woman, woman, medium-dark skin tone, medium skin tone
1F469+1F3FE+200D+2764+200D+1F48B+200D+1F469+1F3FD	emoji-minimally-qualified	2	2	14	kiss: woman, woman, medium-dark skin tone, medium skin tone
1F469+1F3FE+200D+2764+FE0F+200D+1F48B+200D+1F469+1F3FE	emoji-fully-qualified	2	2	14	kiss: woman, woman, medium-dark skin tone
1F469+1F3FE+200D+2764+200D+1F48B+200D+1F469+1F3FE	emoji-minimally-qualified	2	2	14	kiss: woman, woman, medium-dark skin tone
1F469+1F3FE+200D+2764+FE0F+200D+1F48B+200D+1F469+1F3FF	emoji-fully-qualified	2	2	14	kiss: woman, woman, medium-dark skin tone, dark skin tone
1F469+1F3FE+200D+2764+200D+1F48B+200D+1F469+1F3FF	emoji-minimally-qualified	2	2	14	kiss: woman, woman, medium-dark skin tone, dark skin tone
1F469+1F3FF+200D+2764+FE0F+200D+1F48B+200D+1F469+1F3FB	emoji-fully-qualified	2	2	14	kiss: woman, woman, dark skin tone, light skin tone
1F469+1F3FF+200D+2764+200D+1F48B+200D+1F469+1F3FB	emoji-minimally-qualified	2	2	14	kiss: woman, woman, dark skin tone, light skin tone
1F469+1F3FF+200D+2764+FE0F+200D+1F48B+200D+1F469+1F3FC	emoji-fully-qualified	2	2	14	kiss: woman, woman, dark skin tone, medium-light skin tone
1F469+1F3FF+200D+2764+200D+1F48B+200D+1F469+1F3FC	emoji-minimally-qualified	2	2	14	kiss: woman, woman, dark skin tone, medium-light skin tone
1F469+1F3FF+200D+2764+FE0F+200D+1F48B+200D+1F469+1F3FD	emoji-fully-qualified	2	2	14	kiss: woman, woman, dark skin tone, medium skin tone
1F469+1F3FF+200D+2764+200D+1F48B+200D+1F469+1F3FD	emoji-minimally-qualified	2	2	14	kiss: woman, woman, dark skin tone, medium skin tone
1F469+1F3FF+200D+2764+FE0F+200D+1F48B+200D+1F469+1F3FE	emoji-fully-qualified	2	2	14	kiss: woman, woman, dark skin tone, medium-dark skin tone
1F469+1F3FF+200D+2764+200D+1F48B+200D+1F469+1F3FE	emoji-minimally-qualified	2	2	14	kiss: woman, woman, dark skin tone, medium-dark skin tone
1F469+1F3FF+200D+2764+FE0F+200D+1F48B+200D+1F469+1F3FF	emoji-fully-qualified	2	2	14	kiss: woman, woman, dark skin tone
1F469+1F3FF+200D+2764+200D+1F48B+200D+1F469+1F3FF	emoji-minimally-qualified	2	2	14	kiss: woman, woman, dark skin tone
1F491	emoji-fully-qualified	2	2	2	couple with heart
1F491+1F3FB	emoji-fully-qualified	2	2	4	couple with heart: light skin tone
1F491+1F3FC	emoji-fully-qualified	2	2	4	couple with heart: medium-light skin tone
1F491+1F3FD	emoji-fully-qualified	2	2	4	couple with heart: medium skin tone
1F491+1F3FE	emoji-fully-qualified	2	2	4	couple with heart: medium-dark skin tone
1F491+1F3FF	emoji-fully-qualified	2	2	4	couple with heart: dark skin tone
1F9D1+1F3FB+200D+2764+FE0F+200D+1F9D1+1F3FC	emoji-fully-qualified	2	2	11	couple with heart: person, person, light skin tone, medium-light skin tone
1F9D1+1F3FB+200D+2764+200D+1F9D1+1F3FC	emoji-minimally-qualified	2	2	11	couple with heart: person, person, light skin tone, medium-light skin tone
1F9D1+1F3FB+200D+2764+FE0F+200D+1F9D1+1F3FD	emoji-fully-qualified	2	2	11	couple with heart: person, person, light skin tone, medium skin tone
1F9D1+1F3FB+200D+2764+200D+1F9D1+1F3FD	emoji-minimally-qualified	2	2	11	couple with heart: person, person, light skin tone, medium skin tone
1F9D1+1F3FB+200D+2764+FE0F+200D+1F9D1+1F3FE	emoji-fully-qualified	2	2	11	couple with heart: person, person, light skin tone, medium-dark skin tone
1F9D1+1F3FB+200D+2764+200D+1F9D1+1F3FE	emoji-minimally-qualified	2	2	11	couple with heart: person, person, light skin tone, medium-dark skin tone
1F9D1+1F3FB+200D+2764+FE0F+200D+1F9D1+1F3FF	emoji-fully-qualified	2	2	11	couple with heart: person, person, light skin tone, dark skin tone
1F9D1+1F3FB+200D+2764+200D+1F9D1+1F3FF	emoji-minimally-qualified	2	2	11	couple with heart: person, person, light skin tone, dark skin tone
1F9D1+1F3FC+200D+2764+FE0F+200D+1F9D1+1F3FB	emoji-fully-qualified	2	2	11	couple with heart: person, person, medium-light skin tone, light skin tone
1F9D1+1F3FC+200D+2764+200D+1F9D1+1F3FB	emoji-minimally-qualified	2	2	11	couple with heart: person, person, medium-light skin tone, light skin tone
1F9D1+1F3FC+200D+2764+FE0F+200D+1F9D1+1F3FD	emoji-fully-qualified	2	2	11	couple with heart: person, person, medium-light skin tone, medium skin tone
1F9D1+1F3FC+200D+2764+200D+1F9D1+1F3FD	emoji-minimally-qualified	2	2	11	couple with heart: person, person, medium-light skin tone, medium skin tone
1F9D1+1F3FC+200D+2764+FE0F+200D+1F9D1+1F3FE	emoji-fully-qualified	2	2	11	couple with heart: person, person, medium-light skin tone, medium-dark skin tone
1F9D1+1F3FC+200D+2764+200D+1F9D1+1F3FE	emoji-minimally-qualified	2	2	11	couple with heart: person, person, medium-light skin tone, medium-dark skin tone
1F9D1+1F3FC+200D+2764+FE0F+200D+1F9D1+1F3FF	emoji-fully-qualified	2	2	11	couple with heart: person, person, medium-light skin tone, dark skin tone
1F9D1+1F3FC+200D+2764+200D+1F9D1+1F3FF	emoji-minimally-qualified	2	2	11	couple with heart: person, person, medium-light skin tone, dark skin tone
1F9D1+1F3FD+200D+2764+FE0F+200D+1F9D1+1F3FB	emoji-fully-qualified	2	2	11	couple with heart: person, person, medium skin tone, light skin tone
1F9D1+1F3FD+200D+2764+200D+1F9D1+1F3FB	emoji-minimally-qualified	2	2	11	couple with heart: person, person, medium skin tone, light skin tone
1F9D1+1F3FD+200D+2764+FE0F+200D+1F9D1+1F3FC	emoji-fully-qualified	2	2	11	couple with heart: person, person, medium skin tone, medium-light skin tone
1F9D1+1F3FD+200D+2764+200D+1F9D1+1F3FC	emoji-minimally-qualified	2	2	11	couple with heart: person, person, medium skin tone, medium-light skin tone
1F9D1+1F3FD+200D+2764+FE0F+200D+1F9D1+1F3FE	emoji-fully-qualified	2	2	11	couple with heart: person, person, medium skin tone, medium-dark skin tone
1F9D1+1F3FD+200D+2764+200D+1F9D1+1F3FE	emoji-minimally-qualified	2	2	11	couple with heart: person, person, medium skin tone, medium-dark skin tone
1F9D1+1F3FD+200D+2764+FE0F+200D+1F9D1+1F3FF	emoji-fully-qualified	2	2	11	couple with heart: person, person, medium skin tone, dark skin tone
1F9D1+1F3FD+200D+2764+200D+1F9D1+1F3FF	emoji-minimally-qualified	2	2	11	couple with heart: person, person, medium skin tone, dark skin tone
1F9D1+1F3FE+200D+2764+FE0F+200D+1F9D1+1F3FB	emoji-fully-qualified	2	2	11	couple with heart: person, person, medium-dark skin tone, light skin tone
1F9D1+1F3FE+200D+2764+200D+1F9D1+1F3FB	emoji-minimally-qualified	2	2	11	couple with heart: person, person, medium-dark skin tone, light skin tone
1F9D1+1F3FE+200D+2764+FE0F+200D+1F9D1+1F3FC	emoji-fully-qualified	2	2	11	couple with heart: person, person, medium-dark skin tone, medium-light skin tone
1F9D1+1F3FE+200D+2764+200D+1F9D1+1F3FC	emoji-minimally-qualified	2	2	11	couple with heart: person, person, medium-dark skin tone, medium-light skin tone
1F9D1+1F3FE+200D+2764+FE0F+200D+1F9D1+1F3FD	emoji-fully-qualified	2	2	11	couple with heart: person, person, medium-dark skin tone, medium skin tone
1F9D1+1F3FE+200D+2764+200D+1F9D1+1F3FD	emoji-minimally-qualified	2	2	11	couple with heart: person, person, medium-dark skin tone, medium skin tone
1F9D1+1F3FE+200D+2764+FE0F+200D+1F9D1+1F3FF	emoji-fully-qualified	2	2	11	couple with heart: person, person, medium-dark skin tone, dark skin tone
1F9D1+1F3FE+200D+2764+200D+1F9D1+1F3FF	emoji-minimally-qualified	2	2	11	couple with heart: person, person, medium-dark skin tone, dark skin tone
1F9D1+1F3FF+200D+2764+FE0F+200D+1F9D1+1F3FB	emoji-fully-qualified	2	2	11	couple with heart: person, person, dark skin tone, light skin tone
1F9D1+1F3FF+200D+2764+200D+1F9D1+1F3FB	emoji-minimally-qualified	2	2	11	couple with heart: person, person, dark skin tone, light skin tone
1F9D1+1F3FF+200D+2764+FE0F+200D+1F9D1+1F3FC	emoji-fully-qualified	2	2	11	couple with heart: person, person, dark skin tone, medium-light skin tone
1F9D1+1F3FF+200D+2764+200D+1F9D1+1F3FC	emoji-minimally-qualified	2	2	11	couple with heart: person, person, dark skin tone, medium-light skin tone
1F9D1+1F3FF+200D+2764+FE0F+200D+1F9D1+1F3FD	emoji-fully-qualified	2	2	11	couple with heart: person, person, dark skin tone, medium skin tone
1F9D1+1F3FF+200D+2764+200D+1F9D1+1F3FD	emoji-minimally-qualified	2	2	11	couple with heart: person, person, dark skin tone, medium skin tone
1F9D1+1F3FF+200D+2764+FE0F+200D+1F9D1+1F3FE	emoji-fully-qualified	2	2	11	couple with heart: person, person, dark skin tone, medium-dark skin tone
1F9D1+1F3FF+200D+2764+200D+1F9D1+1F3FE	emoji-minimally-qualified	2	2	11	couple with heart: person, person, dark skin tone, medium-dark skin tone
1F469+200D+2764+FE0F+200D+1F468	emoji-fully-qualified	2	2	7	couple with heart: woman, man
1F469+200D+2764+200D+1F468	emoji-minimally-qualified	2	2	7	couple with heart: woman, man
1F469+1F3FB+200D+2764+FE0F+200D+1F468+1F3FB	emoji-fully-qualified	2	2	11	couple with heart: woman, man, light skin tone
1F469+1F3FB+200D+2764+200D+1F468+1F3FB	emoji-minimally-qualified	2	2	11	couple with heart: woman, man, light skin tone
1F469+1F3FB+200D+2764+FE0F+200D+1F468+1F3FC	emoji-fully-qualified	2	2	11	couple with heart: woman, man, light skin tone, medium-light skin tone
1F469+1F3FB+200D+2764+200D+1F468+1F3FC	emoji-minimally-qualified	2	2	11	couple with heart: woman, man, light skin tone, medium-light skin tone
1F469+1F3FB+200D+2764+FE0F+200D+1F468+1F3FD	emoji-fully-qualified	2	2	11	couple with heart: woman, man, light skin tone, medium skin tone
1F469+1F3FB+200D+2764+200D+1F468+1F3FD	emoji-minimally-qualified	2	2	11	couple with heart: woman, man, light skin tone, medium skin tone
1F469+1F3FB+200D+2764+FE0F+200D+1F468+1F3FE	emoji-fully-qualified	2	2	11	couple with heart: woman, man, light skin tone, medium-dark skin tone
1F469+1F3FB+200D+2764+200D+1F468+1F3FE	emoji-minimally-qualified	2	2	11	couple with heart: woman, man, light skin tone, medium-dark skin tone
1F469+1F3FB+200D+2764+FE0F+200D+1F468+1F3FF	emoji-fully-qualified	2	2	11	couple with heart: woman, man, light skin tone, dark skin tone
1F469+1F3FB+200D+2764+200D+1F468+1F3FF	emoji-minimally-qualified	2	2	11	couple with heart: woman, man, light skin tone, dark skin tone
1F469+1F3FC+200D+2764+FE0F+200D+1F468+1F3FB	emoji-fully-qualified	2	2	11	couple with heart: woman, man, medium-light skin tone, light skin tone
1F469+1F3FC+200D+2764+200D+1F468+1F3FB	emoji-minimally-qualified	2	2	11	couple with heart: woman, man, medium-light skin tone, light skin tone
1F469+1F3FC+200D+2764+FE0F+200D+1F468+1F3FC	emoji-fully-qualified	2	2	11	couple with heart: woman, man, medium-light skin tone
1F469+1F3FC+200D+2764+200D+1F468+1F3FC	emoji-minimally-qualified	2	2	11	couple with heart: woman, man, medium-light skin tone
1F469+1F3FC+200D+2764+FE0F+200D+1F468+1F3FD	emoji-fully-qualified	2	2	11	couple with heart: woman, man, medium-light skin tone, medium skin tone
1F469+1F3FC+200D+2764+200D+1F468+1F3FD	emoji-minimally-qualified	2	2	11	couple with heart: woman, man, medium-light skin tone, medium skin tone
1F469+1F3FC+200D+2764+FE0F+200D+1F468+1F3FE	emoji-fully-qualified	2	2	11	couple with heart: woman, man, medium-light skin tone, medium-dark skin tone
1F469+1F3FC+200D+2764+200D+1F468+1F3FE	emoji-minimally-qualified	2	2	11	couple with heart: woman, man, medium-light skin tone, medium-dark skin tone
1F469+1F3FC+200D+2764+FE0F+200D+1F468+1F3FF	emoji-fully-qualified	2	2	11	couple with heart: woman, man, medium-light skin tone, dark skin tone
1F469+1F3FC+200D+2764+200D+1F468+1F3FF	emoji-minimally-qualified	2	2	11	couple with heart: woman, man, medium-light skin tone, dark skin tone
1F469+1F3FD+200D+2764+FE0F+200D+1F468+1F3FB	emoji-fully-qualified	2	2	11	couple with heart: woman, man, medium skin tone, light skin tone
1F469+1F3FD+200D+2764+200D+1F468+1F3FB	emoji-minimally-qualified	2	2	11	couple with heart: woman, man, medium skin tone, light skin tone
1F469+1F3FD+200D+2764+FE0F+200D+1F468+1F3FC	emoji-fully-qualified	2	2	11	couple with heart: woman, man, medium skin tone, medium-light skin tone
1F469+1F3FD+200D+2764+200D+1F468+1F3FC	emoji-minimally-qualified	2	2	11	couple with heart: woman, man, medium skin tone, medium-light skin tone
1F469+1F3FD+200D+2764+FE0F+200D+1F468+1F3FD	emoji-fully-qualified	2	2	11	couple with heart: woman, man, medium skin tone
1F469+1F3FD+200D+2764+200D+1F468+1F3FD	emoji-minimally-qualified	2	2	11	couple with heart: woman, man, medium skin tone
1F469+1F3FD+200D+2764+FE0F+200D+1F468+1F3FE	emoji-fully-qualified	2	2	11	couple with heart: woman, man, medium skin tone, medium-dark skin tone
1F469+1F3FD+200D+2764+200D+1F468+1F3FE	emoji-minimally-qualified	2	2	11	couple with heart: woman, man, medium skin tone, medium-dark skin tone
1F469+1F3FD+200D+2764+FE0F+200D+1F468+1F3FF	emoji-fully-qualified	2	2	11	couple with heart: woman, man, medium skin tone, dark skin tone
1F469+1F3FD+200D+2764+200D+1F468+1F3FF	emoji-minimally-qualified	2	2	11	couple with heart: woman, man, medium skin tone, dark skin tone
1F469+1F3FE+200D+2764+FE0F+200D+1F468+1F3FB	emoji-fully-qualified	2	2	11	couple with heart: woman, man, medium-dark skin tone, light skin tone
1F469+1F3FE+200D+2764+200D+1F468+1F3FB	emoji-minimally-qualified	2	2	11	couple with heart: woman, man, medium-dark skin tone, light skin tone
1F469+1F3FE+200D+2764+FE0F+200D+1F468+1F3FC	emoji-fully-qualified	2	2	11	couple with heart: woman, man, medium-dark skin tone, medium-light skin tone
1F469+1F3FE+200D+2764+200D+1F468+1F3FC	emoji-minimally-qualified	2	2	11	couple with heart: woman, man, medium-dark skin tone, medium-light skin tone
1F469+1F3FE+200D+2764+FE0F+200D+1F468+1F3FD	emoji-fully-qualified	2	2	11	couple with heart: woman, man, medium-dark skin tone, medium skin tone
1F469+1F3FE+200D+2764+200D+1F468+1F3FD	emoji-minimally-qualified	2	2	11	couple with heart: woman, man, medium-dark skin tone, medium skin tone
1F469+1F3FE+200D+2764+FE0F+200D+1F468+1F3FE	emoji-fully-qualified	2	2	11	couple with heart: woman, man, medium-dark skin tone
1F469+1F3FE+200D+2764+200D+1F468+1F3FE	emoji-minimally-qualified	2	2	11	couple with heart: woman, man, medium-dark skin tone
1F469+1F3FE+200D+2764+FE0F+200D+1F468+1F3FF	emoji-fully-qualified	2	2	11	couple with heart: woman, man, medium-dark skin tone, dark skin tone
1F469+1F3FE+200D+2764+200D+1F468+1F3FF	emoji-minimally-qualified	2	2	11	couple with heart: woman, man, medium-dark skin tone, dark skin tone
1F469+1F3FF+200D+2764+FE0F+200D+1F468+1F3FB	emoji-fully-qualified	2	2	11	couple with heart: woman, man, dark skin tone, light skin tone
1F469+1F3FF+200D+2764+200D+1F468+1F3FB	emoji-minimally-qualified	2	2	11	couple with heart: woman, man, dark skin tone, light skin tone
1F469+1F3FF+200D+2764+FE0F+200D+1F468+1F3FC	emoji-fully-qualified	2	2	11	couple with heart: woman, man, dark skin tone, medium-light skin tone
1F469+1F3FF+200D+2764+200D+1F468+1F3FC	emoji-minimally-qualified	2	2	11	couple with heart: woman, man, dark skin tone, medium-light skin tone
1F469+1F3FF+200D+2764+FE0F+200D+1F468+1F3FD	emoji-fully-qualified	2	2	11	couple with heart: woman, man, dark skin tone, medium skin tone
1F469+1F3FF+200D+2764+200D+1F468+1F3FD	emoji-minimally-qualified	2	2	11	couple with heart: woman, man, dark skin tone, medium skin tone
1F469+1F3FF+200D+2764+FE0F+200D+1F468+1F3FE	emoji-fully-qualified	2	2	11	couple with heart: woman, man, dark skin tone, medium-dark skin tone
1F469+1F3FF+200D+2764+200D+1F468+1F3FE	emoji-minimally-qualified	2	2	11	couple with heart: woman, man, dark skin tone, medium-dark skin tone
1F469+1F3FF+200D+2764+FE0F+200D+1F468+1F3FF	emoji-fully-qualified	2	2	11	couple with heart: woman, man, dark skin tone
1F469+1F3FF+200D+2764+200D+1F468+1F3FF	emoji-minimally-qualified	2	2	11	couple with heart: woman, man, dark skin tone
1F468+200D+2764+FE0F+200D+1F468	emoji-fully-qualified	2	2	7	couple with heart: man, man
1F468+200D+2764+200D+1F468	emoji-minimally-qualified	2	2	7	couple with heart: man, man
1F468+1F3FB+200D+2764+FE0F+200D+1F468+1F3FB	emoji-fully-qualified	2	2	11	couple with heart: man, man, light skin tone
1F468+1F3FB+200D+2764+200D+1F468+1F3FB	emoji-minimally-qualified	2	2	11	couple with heart: man, man, light skin tone
1F468+1F3FB+200D+2764+FE0F+200D+1F468+1F3FC	emoji-fully-qualified	2	2	11	couple with heart: man, man, light skin tone, medium-light skin tone
1F468+1F3FB+200D+2764+200D+1F468+1F3FC	emoji-minimally-qualified	2	2	11	couple with heart: man, man, light skin tone, medium-light skin tone
1F468+1F3FB+200D+2764+FE0F+200D+1F468+1F3FD	emoji-fully-qualified	2	2	11	couple with heart: man, man, light skin tone, medium skin tone
1F468+1F3FB+200D+2764+200D+1F468+1F3FD	emoji-minimally-qualified	2	2	11	couple with heart: man, man, light skin tone, medium skin tone
1F468+1F3FB+200D+2764+FE0F+200D+1F468+1F3FE	emoji-fully-qualified	2	2	11	couple with heart: man, man, light skin tone, medium-dark skin tone
1F468+1F3FB+200D+2764+200D+1F468+1F3FE	emoji-minimally-qualified	2	2	11	couple with heart: man, man, light skin tone, medium-dark skin tone
1F468+1F3FB+200D+2764+FE0F+200D+1F468+1F3FF	emoji-fully-qualified	2	2	11	couple with heart: man, man, light skin tone, dark skin tone
1F468+1F3FB+200D+2764+200D+1F468+1F3FF	emoji-minimally-qualified	2	2	11	couple with heart: man, man, light skin tone, dark skin tone
1F468+1F3FC+200D+2764+FE0F+200D+1F468+1F3FB	emoji-fully-qualified	2	2	11	couple with heart: man, man, medium-light skin tone, light skin tone
1F468+1F3FC+200D+2764+200D+1F468+1F3FB	emoji-minimally-qualified	2	2	11	couple with heart: man, man, medium-light skin tone, light skin tone
1F468+1F3FC+200D+2764+FE0F+200D+1F468+1F3FC	emoji-fully-qualified	2	2	11	couple with heart: man, man, medium-light skin tone
1F468+1F3FC+200D+2764+200D+1F468+1F3FC	emoji-minimally-qualified	2	2	11	couple with heart: man, man, medium-light skin tone
1F468+1F3FC+200D+2764+FE0F+200D+1F468+1F3FD	emoji-fully-qualified	2	2	11	couple with heart: man, man, medium-light skin tone, medium skin tone
1F468+1F3FC+200D+2764+200D+1F468+1F3FD	emoji-minimally-qualified	2	2	11	couple with heart: man, man, medium-light skin tone, medium skin tone
1F468+1F3FC+200D+2764+FE0F+200D+1F468+1F3FE	emoji-fully-qualified	2	2	11	couple with heart: man, man, medium-light skin tone, medium-dark skin tone
1F468+1F3FC+200D+2764+200D+1F468+1F3FE	emoji-minimally-qualified	2	2	11	couple with heart: man, man, medium-light skin tone, medium-dark skin tone
1F468+1F3FC+200D+2764+FE0F+200D+1F468+1F3FF	emoji-fully-qualified	2	2	11	couple with heart: man, man, medium-light skin tone, dark skin tone
1F468+1F3FC+200D+2764+200D+1F468+1F3FF	emoji-minimally-qualified	2	2	11	couple with heart: man, man, medium-light skin tone, dark skin tone
1F468+1F3FD+200D+2764+FE0F+200D+1F468+1F3FB	emoji-fully-qualified	2	2	11	couple with heart: man, man, medium skin tone, light skin tone
1F468+1F3FD+200D+2764+200D+1F468+1F3FB	emoji-minimally-qualified	2	2	11	couple with heart: man, man, medium skin tone, light skin tone
1F468+1F3FD+200D+2764+FE0F+200D+1F468+1F3FC	emoji-fully-qualified	2	2	11	couple with heart: man, man, medium skin tone, medium-light skin tone
1F468+1F3FD+200D+2764+200D+1F468+1F3FC	emoji-minimally-qualified	2	2	11	couple with heart: man, man, medium skin tone, medium-light skin tone
1F468+1F3FD+200D+2764+FE0F+200D+1F468+1F3FD	emoji-fully-qualified	2	2	11	couple with heart: man, man, medium skin tone
1F468+1F3FD+200D+2764+200D+1F468+1F3FD	emoji-minimally-qualified	2	2	11	couple with heart: man, man, medium skin tone
1F468+1F3FD+200D+2764+FE0F+200D+1F468+1F3FE	emoji-fully-qualified	2	2	11	couple with heart: man, man, medium skin tone, medium-dark skin tone
1F468+1F3FD+200D+2764+200D+1F468+1F3FE	emoji-minimally-qualified	2	2	11	couple with heart: man, man, medium skin tone, medium-dark skin tone
1F468+1F3FD+200D+2764+FE0F+200D+1F468+1F3FF	emoji-fully-qualified	2	2	11	couple with heart: man, man, medium skin tone, dark skin tone
1F468+1F3FD+200D+2764+200D+1F468+1F3FF	emoji-minimally-qualified	2	2	11	couple with heart: man, man, medium skin tone, dark skin tone
1F468+1F3FE+200D+2764+FE0F+200D+1F468+1F3FB	emoji-fully-qualified	2	2	11	couple with heart: man, man, medium-dark skin tone, light skin tone
1F468+1F3FE+200D+2764+200D+1F468+1F3FB	emoji-minimally-qualified	2	2	11	couple with heart: man, man, medium-dark skin tone, light skin tone
1F468+1F3FE+200D+2764+FE0F+200D+1F468+1F3FC	emoji-fully-qualified	2	2	11	couple with heart: man, man, medium-dark skin tone, medium-light skin tone
1F468+1F3FE+200D+2764+200D+1F468+1F3FC	emoji-minimally-qualified	2	2	11	couple with heart: man, man, medium-dark skin tone, medium-light skin tone
1F468+1F3FE+200D+2764+FE0F+200D+1F468+1F3FD	emoji-fully-qualified	2	2	11	couple with heart: man, man, medium-dark skin tone, medium skin tone
1F468+1F3FE+200D+2764+200D+1F468+1F3FD	emoji-minimally-qualified	2	2	11	couple with heart: man, man, medium-dark skin tone, medium skin tone
1F468+1F3FE+200D+2764+FE0F+200D+1F468+1F3FE	emoji-fully-qualified	2	2	11	couple with heart: man, man, medium-dark skin tone
1F468+1F3FE+200D+2764+200D+1F468+1F3FE	emoji-minimally-qualified	2	2	11	couple with heart: man, man, medium-dark skin tone
1F468+1F3FE+200D+2764+FE0F+200D+1F468+1F3FF	emoji-fully-qualified	2	2	11	couple with heart: man, man, medium-dark skin tone, dark skin tone
1F468+1F3FE+200D+2764+200D+1F468+1F3FF	emoji-minimally-qualified	2	2	11	couple with heart: man, man, medium-dark skin tone, dark skin tone
1F468+1F3FF+200D+2764+FE0F+200D+1F468+1F3FB	emoji-fully-qualified	2	2	11	couple with heart: man, man, dark skin tone, light skin tone
1F468+1F3FF+200D+2764+200D+1F468+1F3FB	emoji-minimally-qualified	2	2	11	couple with heart: man, man, dark skin tone, light skin tone
1F468+1F3FF+200D+2764+FE0F+200D+1F468+1F3FC	emoji-fully-qualified	2	2	11	couple with heart: man, man, dark skin tone, medium-light skin tone
1F468+1F3FF+200D+2764+200D+1F468+1F3FC	emoji-minimally-qualified	2	2	11	couple with heart: man, man, dark skin tone, medium-light skin tone
1F468+1F3FF+200D+2764+FE0F+200D+1F468+1F3FD	emoji-fully-qualified	2	2	11	couple with heart: man, man, dark skin tone, medium skin tone
1F468+1F3FF+200D+2764+200D+1F468+1F3FD	emoji-minimally-qualified	2	2	11	couple with heart: man, man, dark skin tone, medium skin tone
1F468+1F3FF+200D+2764+FE0F+200D+1F468+1F3FE	emoji-fully-qualified	2	2	11	couple with heart: man, man, dark skin tone, medium-dark skin tone
1F468+1F3FF+200D+2764+200D+1F468+1F3FE	emoji-minimally-qualified	2	2	11	couple with heart: man, man, dark skin tone, medium-dark skin tone
1F468+1F3FF+200D+2764+FE0F+200D+1F468+1F3FF	emoji-fully-qualified	2	2	11	couple with heart: man, man, dark skin tone
1F468+1F3FF+200D+2764+200D+1F468+1F3FF	emoji-minimally-qualified	2	2	11	couple with heart: man, man, dark skin tone
1F469+200D+2764+FE0F+200D+1F469	emoji-fully-qualified	2	2	7	couple with heart: woman, woman
1F469+200D+2764+200D+1F469	emoji-minimally-qualified	2	2	7	couple with heart: woman, woman
1F469+1F3FB+200D+2764+FE0F+200D+1F469+1F3FB	emoji-fully-qualified	2	2	11	couple with heart: woman, woman, light skin tone
1F469+1F3FB+200D+2764+200D+1F469+1F3FB	emoji-minimally-qualified	2	2	11	couple with heart: woman, woman, light skin tone
1F469+1F3FB+200D+2764+FE0F+200D+1F469+1F3FC	emoji-fully-qualified	2	2	11	couple with heart: woman, woman, light skin tone, medium-light skin tone
1F469+1F3FB+200D+2764+200D+1F469+1F3FC	emoji-minimally-qualified	2	2	11	couple with heart: woman, woman, light skin tone, medium-light skin tone
1F469+1F3FB+200D+2764+FE0F+200D+1F469+1F3FD	emoji-fully-qualified	2	2	11	couple with heart: woman, woman, light skin tone, medium skin tone
1F469+1F3FB+200D+2764+200D+1F469+1F3FD	emoji-minimally-qualified	2	2	11	couple with heart: woman, woman, light skin tone, medium skin tone
1F469+1F3FB+200D+2764+FE0F+200D+1F469+1F3FE	emoji-fully-qualified	2	2	11	couple with heart: woman, woman, light skin tone, medium-dark skin tone
1F469+1F3FB+200D+2764+200D+1F469+1F3FE	emoji-minimally-qualified	2	2	11	couple with heart: woman, woman, light skin tone, medium-dark skin tone
1F469+1F3FB+200D+2764+FE0F+200D+1F469+1F3FF	emoji-fully-qualified	2	2	11	couple with heart: woman, woman, light skin tone, dark skin tone
1F469+1F3FB+200D+2764+200D+1F469+1F3FF	emoji-minimally-qualified	2	2	11	couple with heart: woman, woman, light skin tone, dark skin tone
1F469+1F3FC+200D+2764+FE0F+200D+1F469+1F3FB	emoji-fully-qualified	2	2	11	couple with heart: woman, woman, medium-light skin tone, light skin tone
1F469+1F3FC+200D+2764+200D+1F469+1F3FB	emoji-minimally-qualified	2	2	11	couple with heart: woman, woman, medium-light skin tone, light skin tone
1F469+1F3FC+200D+2764+FE0F+200D+1F469+1F3FC	emoji-fully-qualified	2	2	11	couple with heart: woman, woman, medium-light skin tone
1F469+1F3FC+200D+2764+200D+1F469+1F3FC	emoji-minimally-qualified	2	2	11	couple with heart: woman, woman, medium-light skin tone
1F469+1F3FC+200D+2764+FE0F+200D+1F469+1F3FD	emoji-fully-qualified	2	2	11	couple with heart: woman, woman, medium-light skin tone, medium skin tone
1F469+1F3FC+200D+2764+200D+1F469+1F3FD	emoji-minimally-qualified	2	2	11	couple with heart: woman, woman, medium-light skin tone, medium skin tone
1F469+1F3FC+200D+2764+FE0F+200D+1F469+1F3FE	emoji-fully-qualified	2	2	11	couple with heart: woman, woman, medium-light skin tone, medium-dark skin tone
1F469+1F3FC+200D+2764+200D+1F469+1F3FE	emoji-minimally-qualified	2	2	11	couple with heart: woman, woman, medium-light skin tone, medium-dark skin tone
1F469+1F3FC+200D+2764+FE0F+200D+1F469+1F3FF	emoji-fully-qualified	2	2	11	couple with heart: woman, woman, medium-light skin tone, dark skin tone
1F469+1F3FC+200D+2764+200D+1F469+1F3FF	emoji-minimally-qualified	2	2	11	couple with heart: woman, woman, medium-light skin tone, dark skin tone
1F469+1F3FD+200D+2764+FE0F+200D+1F469+1F3FB	emoji-fully-qualified	2	2	11	couple with heart: woman, woman, medium skin tone, light skin tone
1F469+1F3FD+200D+2764+200D+1F469+1F3FB	emoji-minimally-qualified	2	2	11	couple with heart: woman, woman, medium skin tone, light skin tone
1F469+1F3FD+200D+2764+FE0F+200D+1F469+1F3FC	emoji-fully-qualified	2	2	11	couple with heart: woman, woman, medium skin tone, medium-light skin tone
1F469+1F3FD+200D+2764+200D+1F469+1F3FC	emoji-minimally-qualified	2	2	11	couple with heart: woman, woman, medium skin tone, medium-light skin tone
1F469+1F3FD+200D+2764+FE0F+200D+1F469+1F3FD	emoji-fully-qualified	2	2	11	couple with heart: woman, woman, medium skin tone
1F469+1F3FD+200D+2764+200D+1F469+1F3FD	emoji-minimally-qualified	2	2	11	couple with heart: woman, woman, medium skin tone
1F469+1F3FD+200D+2764+FE0F+200D+1F469+1F3FE	emoji-fully-qualified	2	2	11	couple with heart: woman, woman, medium skin tone, medium-dark skin tone
1F469+1F3FD+200D+2764+200D+1F469+1F3FE	emoji-minimally-qualified	2	2	11	couple with heart: woman, woman, medium skin tone, medium-dark skin tone
1F469+1F3FD+200D+2764+FE0F+200D+1F469+1F3FF	emoji-fully-qualified	2	2	11	couple with heart: woman, woman, medium skin tone, dark skin tone
1F469+1F3FD+200D+2764+200D+1F469+1F3FF	emoji-minimally-qualified	2	2	11	couple with heart: woman, woman, medium skin tone, dark skin tone
1F469+1F3FE+200D+2764+FE0F+200D+1F469+1F3FB	emoji-fully-qualified	2	2	11	couple with heart: woman, woman, medium-dark skin tone, light skin tone
1F469+1F3FE+200D+2764+200D+1F469+1F3FB	emoji-minimally-qualified	2	2	11	couple with heart: woman, woman, medium-dark skin tone, light skin tone
1F469+1F3FE+200D+2764+FE0F+200D+1F469+1F3FC	emoji-fully-qualified	2	2	11	couple with heart: woman, woman, medium-dark skin tone, medium-light skin tone
1F469+1F3FE+200D+2764+200D+1F469+1F3FC	emoji-minimally-qualified	2	2	11	couple with heart: woman, woman, medium-dark skin tone, medium-light skin tone
1F469+1F3FE+200D+2764+FE0F+200D+1F469+1F3FD	emoji-fully-qualified	2	2	11	couple with heart: woman, woman, medium-dark skin tone, medium skin tone
1F469+1F3FE+200D+2764+200D+1F469+1F3FD	emoji-minimally-qualified	2	2	11	couple with heart: woman, woman, medium-dark skin tone, medium skin tone
1F469+1F3FE+200D+2764+FE0F+200D+1F469+1F3FE	emoji-fully-qualified	2	2	11	couple with heart: woman, woman, medium-dark skin tone
1F469+1F3FE+200D+2764+200D+1F469+1F3FE	emoji-minimally-qualified	2	2	11	couple with heart: woman, woman, medium-dark skin tone
1F469+1F3FE+200D+2764+FE0F+200D+1F469+1F3FF	emoji-fully-qualified	2	2	11	couple with heart: woman, woman, medium-dark skin tone, dark skin tone
1F469+1F3FE+200D+2764+200D+1F469+1F3FF	emoji-minimally-qualified	2	2	11	couple with heart: woman, woman, medium-dark skin tone, dark skin tone
1F469+1F3FF+200D+2764+FE0F+200D+1F469+1F3FB	emoji-fully-qualified	2	2	11	couple with heart: woman, woman, dark skin tone, light skin tone
1F469+1F3FF+200D+2764+200D+1F469+1F3FB	emoji-minimally-qualified	2	2	11	couple with heart: woman, woman, dark skin tone, light skin tone
1F469+1F3FF+200D+2764+FE0F+200D+1F469+1F3FC	emoji-fully-qualified	2	2	11	couple with heart: woman, woman, dark skin tone, medium-light skin tone
1F469+1F3FF+200D+2764+200D+1F469+1F3FC	emoji-minimally-qualified	2	2	11	couple with heart: woman, woman, dark skin tone, medium-light skin tone
1F469+1F3FF+200D+2764+FE0F+200D+1F469+1F3FD	emoji-fully-qualified	2	2	11	couple with heart: woman, woman, dark skin tone, medium skin tone
1F469+1F3FF+200D+2764+200D+1F469+1F3FD	emoji-minimally-qualified	2	2	11	couple with heart: woman, woman, dark skin tone, medium skin tone
1F469+1F3FF+200D+2764+FE0F+200D+1F469+1F3FE	emoji-fully-qualified	2	2	11	couple with heart: woman, woman, dark skin tone, medium-dark skin tone
1F469+1F3FF+200D+2764+200D+1F469+1F3FE	emoji-minimally-qualified	2	2	11	couple with heart: woman, woman, dark skin tone, medium-dark skin tone
1F469+1F3FF+200D+2764+FE0F+200D+1F469+1F3FF	emoji-fully-qualified	2	2	11	couple with heart: woman, woman, dark skin tone
1F469+1F3FF+200D+2764+200D+1F469+1F3FF	emoji-minimally-qualified	2	2	11	couple with heart: woman, woman, dark skin tone
1F468+200D+1F469+200D+1F466	emoji-fully-qualified	2	2	8	family: man, woman, boy
1F468+200D+1F469+200D+1F466+200D+1F466	emoji-fully-qualified	2	2	11	family: man, woman, boy, boy
1F468+200D+1F469+200D+1F467+200D+1F467	emoji-fully-qualified	2	2	11	family: man, woman, girl, girl
1F468+200D+1F468+200D+1F466	emoji-fully-qualified	2	2	8	family: man, man, boy
1F468+200D+1F468+200D+1F467	emoji-fully-qualified	2	2	8	family: man, man, girl
1F468+200D+1F468+200D+1F467+200D+1F466	emoji-fully-qualified	2	2	11	family: man, man, girl, boy
1F468+200D+1F468+200D+1F466+200D+1F466	emoji-fully-qualified	2	2	11	family: man, man, boy, boy
1F468+200D+1F468+200D+1F467+200D+1F467	emoji-fully-qualified	2	2	11	family: man, man, girl, girl
1F469+200D+1F469+200D+1F466	emoji-fully-qualified	2	2	8	family: woman, woman, boy
1F469+200D+1F469+200D+1F467	emoji-fully-qualified	2	2	8	family: woman, woman, girl
1F469+200D+1F469+200D+1F467+200D+1F466	emoji-fully-qualified	2	2	11	family: woman, woman, girl, boy
1F469+200D+1F469+200D+1F466+200D+1F466	emoji-fully-qualified	2	2	11	family: woman, woman, boy, boy
1F469+200D+1F469+200D+1F467+200D+1F467	emoji-fully-qualified	2	2	11	family: woman, woman, girl, girl
1F468+200D+1F466	emoji-fully-qualified	2	2	5	family: man, boy
1F468+200D+1F466+200D+1F466	emoji-fully-qualified	2	2	8	family: man, boy, boy
1F468+200D+1F467	emoji-fully-qualified	2	2	5	family: man, girl
1F468+200D+1F467+200D+1F466	emoji-fully-qualified	2	2	8	family: man, girl, boy
1F468+200D+1F467+200D+1F467	emoji-fully-qualified	2	2	8	family: man, girl, girl
1F469+200D+1F466	emoji-fully-qualified	2	2	5	family: woman, boy
1F469+200D+1F466+200D+1F466	emoji-fully-qualified	2	2	8	family: woman, boy, boy
1F469+200D+1F467	emoji-fully-qualified	2	2	5	family: woman, girl
1F469+200D+1F467+200D+1F466	emoji-fully-qualified	2	2	8	family: woman, girl, boy
1F469+200D+1F467+200D+1F467	emoji-fully-qualified	2	2	8	family: woman, girl, girl
1F5E3+FE0F	emoji-fully-qualified	2	2	1	speaking head
1F5E3	emoji-unqualified	1	1	1	speaking head
1F464	emoji-fully-qualified	2	2	2	bust in silhouette
1F465	emoji-fully-qualified	2	2	2	busts in silhouette
1FAC2	emoji-fully-qualified	2	2	2	people hugging
1F46A	emoji-fully-qualified	2	2	2	family
1F9D1+200D+1F9D1+200D+1F9D2	emoji-fully-qualified	2	2	8	family: adult, adult, child
1F9D1+200D+1F9D1+200D+1F9D2+200D+1F9D2	emoji-fully-qualified	2	2	11	family: adult, adult, child, child
1F9D1+200D+1F9D2	emoji-fully-qualified	2	2	5	family: adult, child
1F9D1+200D+1F9D2+200D+1F9D2	emoji-fully-qualified	2	2	8	family: adult, child, child
1F463	emoji-fully-qualified	2	2	2	footprints
1FAC6	emoji-fully-qualified	2	2	2	fingerprint
1F3FB	emoji-component	2	2	2	light skin tone
1F3FC	emoji-component	2	2	2	medium-light skin tone
1F3FD	emoji-component	2	2	2	medium skin tone
1F3FE	emoji-component	2	2	2	medium-dark skin tone
1F3FF	emoji-component	2	2	2	dark skin tone
1F9B0	emoji-component	2	2	2	red hair
1F9B1	emoji-component	2	2	2	curly hair
1F9B3	emoji-component	2	2	2	white hair
1F9B2	emoji-component	2	2	2	bald
1F435	emoji-fully-qualified	2	2	2	monkey face
1F412	emoji-fully-qualified	2	2	2	monkey
1F98D	emoji-fully-qualified	2	2	2	gorilla
1F9A7	emoji-fully-qualified	2	2	2	orangutan
1F436	emoji-fully-qualified	2	2	2	dog face
1F415	emoji-fully-qualified	2	2	2	dog
1F9AE	emoji-fully-qualified	2	2	2	guide dog
1F415+200D+1F9BA	emoji-fully-qualified	2	2	5	service dog
1F429	emoji-fully-qualified	2	2	2	poodle
1F43A	emoji-fully-qualified	2	2	2	wolf
1F98A	emoji-fully-qualified	2	2	2	fox
1F99D	emoji-fully-qualified	2	2	2	raccoon
1F431	emoji-fully-qualified	2	2	2	cat face
1F408	emoji-fully-qualified	2	2	2	cat
1F408+200D+2B1B	emoji-fully-qualified	2	2	5	black cat
1F981	emoji-fully-qualified	2	2	2	lion
1F42F	emoji-fully-qualified	2	2	2	tiger face
1F405	emoji-fully-qualified	2	2	2	tiger
1F406	emoji-fully-qualified	2	2	2	leopard
1F434	emoji-fully-qualified	2	2	2	horse face
1FACE	emoji-fully-qualified	2	2	2	moose
1FACF	emoji-fully-qualified	2	2	2	donkey
1F40E	emoji-fully-qualified	2	2	2	horse
1F984	emoji-fully-qualified	2	2	2	unicorn
1F993	emoji-fully-qualified	2	2	2	zebra
1F98C	emoji-fully-qualified	2	2	2	deer
1F9AC	emoji-fully-qualified	2	2	2	bison
1F42E	emoji-fully-qualified	2	2	2	cow face
1F402	emoji-fully-qualified	2	2	2	ox
1F403	emoji-fully-qualified	2	2	2	water buffalo
1F404	emoji-fully-qualified	2	2	2	cow
1F437	emoji-fully-qualified	2	2	2	pig face
1F416	emoji-fully-qualified	2	2	2	pig
1F417	emoji-fully-qualified	2	2	2	boar
1F43D	emoji-fully-qualified	2	2	2	pig nose
1F40F	emoji-fully-qualified	2	2	2	ram
1F411	emoji-fully-qualified	2	2	2	ewe
1F410	emoji-fully-qualified	2	2	2	goat
1F42A	emoji-fully-qualified	2	2	2	camel
1F42B	emoji-fully-qualified	2	2	2	two-hump camel
1F999	emoji-fully-qualified	2	2	2	llama
1F992	emoji-fully-qualified	2	2	2	giraffe
1F418	emoji-fully-qualified	2	2	2	elephant
1F9A3	emoji-fully-qualified	2	2	2	mammoth
1F98F	emoji-fully-qualified	2	2	2	rhinoceros
1F99B	emoji-fully-qualified	2	2	2	hippopotamus
1F42D	emoji-fully-qualified	2	2	2	mouse face
1F401	emoji-fully-qualified	2	2	2	mouse
1F400	emoji-fully-qualified	2	2	2	rat
1F439	emoji-fully-qualified	2	2	2	hamster
1F430	emoji-fully-qualified	2	2	2	rabbit face
1F407	emoji-fully-qualified	2	2	2	rabbit
1F43F+FE0F	emoji-fully-qualified	2	2	1	chipmunk
1F43F	emoji-unqualified	1	1	1	chipmunk
1F9AB	emoji-fully-qualified	2	2	2	beaver
1F994	emoji-fully-qualified	2	2	2	hedgehog
1F987	emoji-fully-qualified	2	2	2	bat
1F43B	emoji-fully-qualified	2	2	2	bear
1F43B+200D+2744	emoji-minimally-qualified	2	2	4	polar bear
1F428	emoji-fully-qualified	2	2	2	koala
1F43C	emoji-fully-qualified	2	2	2	panda
1F9A5	emoji-fully-qualified	2	2	2	sloth
1F9A6	emoji-fully-qualified	2	2	2	otter
1F9A8	emoji-fully-qualified	2	2	2	skunk
1F998	emoji-fully-qualified	2	2	2	kangaroo
1F9A1	emoji-fully-qualified	2	2	2	badger
1F43E	emoji-fully-qualified	2	2	2	paw prints
1F983	emoji-fully-qualified	2	2	2	turkey
1F414	emoji-fully-qualified	2	2	2	chicken
1F413	emoji-fully-qualified	2	2	2	rooster
1F423	emoji-fully-qualified	2	2	2	hatching chick
1F424	emoji-fully-qualified	2	2	2	baby chick
1F425	emoji-fully-qualified	2	2	2	front-facing baby chick
1F426	emoji-fully-qualified	2	2	2	bird
1F427	emoji-fully-qualified	2	2	2	penguin
1F54A+FE0F	emoji-fully-qualified	2	2	1	dove
1F54A	emoji-unqualified	1	1	1	dove
1F985	emoji-fully-qualified	2	2	2	eagle
1F986	emoji-fully-qualified	2	2	2	duck
1F9A2	emoji-fully-qualified	2	2	2	swan
1F989	emoji-fully-qualified	2	2	2	owl
1F9A4	emoji-fully-qualified	2	2	2	dodo
1FAB6	emoji-fully-qualified	2	2	2	feather
1F9A9	emoji-fully-qualified	2	2	2	flamingo
1F99A	emoji-fully-qualified	2	2	2	peacock
1F99C	emoji-fully-qualified	2	2	2	parrot
1FABD	emoji-fully-qualified	2	2	2	wing
1F426+200D+2B1B	emoji-fully-qualified	2	2	5	black bird
1FABF	emoji-fully-qualified	2	2	2	goose
1F426+200D+1F525	emoji-fully-qualified	2	2	5	phoenix
1F438	emoji-fully-qualified	2	2	2	frog
1F40A	emoji-fully-qualified	2	2	2	crocodile
1F422	emoji-fully-qualified	2	2	2	turtle
1F98E	emoji-fully-qualified	2	2	2	lizard
1F40D	emoji-fully-qualified	2	2	2	snake
1F432	emoji-fully-qualified	2	2	2	dragon face
1F409	emoji-fully-qualified	2	2	2	dragon
1F995	emoji-fully-qualified	2	2	2	sauropod
1F996	emoji-fully-qualified	2	2	2	T-Rex
1F433	emoji-fully-qualified	2	2	2	spouting whale
1F40B	emoji-fully-qualified	2	2	2	whale
1F42C	emoji-fully-qualified	2	2	2	dolphin
1F9AD	emoji-fully-qualified	2	2	2	seal
1F41F	emoji-fully-qualified	2	2	2	fish
1F420	emoji-fully-qualified	2	2	2	tropical fish
1F421	emoji-fully-qualified	2	2	2	blowfish
1F988	emoji-fully-qualified	2	2	2	shark
1F419	emoji-fully-qualified	2	2	2	octopus
1F41A	emoji-fully-qualified	2	2	2	spiral shell
1FAB8	emoji-fully-qualified	2	2	2	coral
1FABC	emoji-fully-qualified	2	2	2	jellyfish
1F980	emoji-fully-qualified	2	2	2	crab
1F99E	emoji-fully-qualified	2	2	2	lobster
1F990	emoji-fully-qualified	2	2	2	shrimp
1F991	emoji-fully-qualified	2	2	2	squid
1F9AA	emoji-fully-qualified	2	2	2	oyster
1F40C	emoji-fully-qualified	2	2	2	snail
1F98B	emoji-fully-qualified	2	2	2	butterfly
1F41B	emoji-fully-qualified	2	2	2	bug
1F41C	emoji-fully-qualified	2	2	2	ant
1F41D	emoji-fully-qualified	2	2	2	honeybee
1FAB2	emoji-fully-qualified	2	2	2	beetle
1F41E	emoji-fully-qualified	2	2	2	lady beetle
1F997	emoji-fully-qualified	2	2	2	cricket
1FAB3	emoji-fully-qualified	2	2	2	cockroach
1F577+FE0F	emoji-fully-qualified	2	2	1	spider
1F577	emoji-unqualified	1	1	1	spider
1F578+FE0F	emoji-fully-qualified	2	2	1	spider web
1F578	emoji-unqualified	1	1	1	spider web
1F982	emoji-fully-qualified	2	2	2	scorpion
1F99F	emoji-fully-qualified	2	2	2	mosquito
1FAB0	emoji-fully-qualified	2	2	2	fly
1FAB1	emoji-fully-qualified	2	2	2	worm
1F9A0	emoji-fully-qualified	2	2	2	microbe
1F490	emoji-fully-qualified	2	2	2	bouquet
1F338	emoji-fully-qualified	2	2	2	cherry blossom
1F4AE	emoji-fully-qualified	2	2	2	white flower
1FAB7	emoji-fully-qualified	2	2	2	lotus
1F3F5+FE0F	emoji-fully-qualified	2	2	1	rosette
1F3F5	emoji-unqualified	1	1	1	rosette
1F339	emoji-fully-qualified	2	2	2	rose
1F940	emoji-fully-qualified	2	2	2	wilted flower
1F33A	emoji-fully-qualified	2	2	2	hibiscus
1F33B	emoji-fully-qualified	2	2	2	sunflower
1F33C	emoji-fully-qualified	2	2	2	blossom
1F337	emoji-fully-qualified	2	2	2	tulip
1FABB	emoji-fully-qualified	2	2	2	hyacinth
1F331	emoji-fully-qualified	2	2	2	seedling
1FAB4	emoji-fully-qualified	2	2	2	potted plant
1F332	emoji-fully-qualified	2	2	2	evergreen tree
1F333	emoji-fully-qualified	2	2	2	deciduous tree
1F334	emoji-fully-qualified	2	2	2	palm tree
1F335	emoji-fully-qualified	2	2	2	cactus
1F33E	emoji-fully-qualified	2	2	2	sheaf of rice
1F33F	emoji-fully-qualified	2	2	2	herb
2618+FE0F	emoji-fully-qualified	2	2	1	shamrock
2618	emoji-unqualified	1	1	1	shamrock
1F340	emoji-fully-qualified	2	2	2	four leaf clover
1F341	emoji-fully-qualified	2	2	2	maple leaf
1F342	emoji-fully-qualified	2	2	2	fallen leaf
1F343	emoji-fully-qualified	2	2	2	leaf fluttering in wind
1FAB9	emoji-fully-qualified	2	2	2	empty nest
1FABA	emoji-fully-qualified	2	2	2	nest with eggs
1F344	emoji-fully-qualified	2	2	2	mushroom
1FABE	emoji-fully-qualified	2	2	2	leafless tree
1F347	emoji-fully-qualified	2	2	2	grapes
1F348	emoji-fully-qualified	2	2	2	melon
1F349	emoji-fully-qualified	2	2	2	watermelon
1F34A	emoji-fully-qualified	2	2	2	tangerine
1F34B	emoji-fully-qualified	2	2	2	lemon
1F34B+200D+1F7E9	emoji-fully-qualified	2	2	5	lime
1F34C	emoji-fully-qualified	2	2	2	banana
1F34D	emoji-fully-qualified	2	2	2	pineapple
1F96D	emoji-fully-qualified	2	2	2	mango
1F34E	emoji-fully-qualified	2	2	2	red apple
1F34F	emoji-fully-qualified	2	2	2	green apple
1F350	emoji-fully-qualified	2	2	2	pear
1F351	emoji-fully-qualified	2	2	2	peach
1F352	emoji-fully-qualified	2	2	2	cherries
1F353	emoji-fully-qualified	2	2	2	strawberry
1FAD0	emoji-fully-qualified	2	2	2	blueberries
1F95D	emoji-fully-qualified	2	2	2	kiwi fruit
1F345	emoji-fully-qualified	2	2	2	tomato
1FAD2	emoji-fully-qualified	2	2	2	olive
1F965	emoji-fully-qualified	2	2	2	coconut
1F951	emoji-fully-qualified	2	2	2	avocado
1F346	emoji-fully-qualified	2	2	2	eggplant
1F954	emoji-fully-qualified	2	2	2	potato
1F955	emoji-fully-qualified	2	2	2	carrot
1F33D	emoji-fully-qualified	2	2	2	ear of corn
1F336+FE0F	emoji-fully-qualified	2	2	1	hot pepper
1F336	emoji-unqualified	1	1	1	hot pepper
1FAD1	emoji-fully-qualified	2	2	2	bell pepper
1F952	emoji-fully-qualified	2	2	2	cucumber
1F96C	emoji-fully-qualified	2	2	2	leafy green
1F966	emoji-fully-qualified	2	2	2	broccoli
1F9C4	emoji-fully-qualified	2	2	2	garlic
1F9C5	emoji-fully-qualified	2	2	2	onion
1F95C	emoji-fully-qualified	2	2	2	peanuts
1FAD8	emoji-fully-qualified	2	2	2	beans
1F330	emoji-fully-qualified	2	2	2	chestnut
1FADA	emoji-fully-qualified	2	2	2	ginger root
1FADB	emoji-fully-qualified	2	2	2	pea pod
1F344+200D+1F7EB	emoji-fully-qualified	2	2	5	brown mushroom
1FADC	emoji-fully-qualified	2	2	2	root vegetable
1F35E	emoji-fully-qualified	2	2	2	bread
1F950	emoji-fully-qualified	2	2	2	croissant
1F956	emoji-fully-qualified	2	2	2	baguette bread
1FAD3	emoji-fully-qualified	2	2	2	flatbread
1F968	emoji-fully-qualified	2	2	2	pretzel
1F96F	emoji-fully-qualified	2	2	2	bagel
1F95E	emoji-fully-qualified	2	2	2	pancakes
1F9C7	emoji-fully-qualified	2	2	2	waffle
1F9C0	emoji-fully-qualified	2	2	2	cheese wedge
1F356	emoji-fully-qualified	2	2	2	meat on bone
1F357	emoji-fully-qualified	2	2	2	poultry leg
1F969	emoji-fully-qualified	2	2	2	cut of meat
1F953	emoji-fully-qualified	2	2	2	bacon
1F354	emoji-fully-qualified	2	2	2	hamburger
1F35F	emoji-fully-qualified	2	2	2	french fries
1F355	emoji-fully-qualified	2	2	2	pizza
1F32D	emoji-fully-qualified	2	2	2	hot dog
1F96A	emoji-fully-qualified	2	2	2	sandwich
1F32E	emoji-fully-qualified	2	2	2	taco
1F32F	emoji-fully-qualified	2	2	2	burrito
1FAD4	emoji-fully-qualified	2	2	2	tamale
1F959	emoji-fully-qualified	2	2	2	stuffed flatbread
1F9C6	emoji-fully-qualified	2	2	2	falafel
1F95A	emoji-fully-qualified	2	2	2	egg
1F373	emoji-fully-qualified	2	2	2	cooking
1F958	emoji-fully-qualified	2	2	2	shallow pan of food
1F372	emoji-fully-qualified	2	2	2	pot of food
1FAD5	emoji-fully-qualified	2	2	2	fondue
1F963	emoji-fully-qualified	2	2	2	bowl with spoon
1F957	emoji-fully-qualified	2	2	2	green salad
1F37F	emoji-fully-qualified	2	2	2	popcorn
1F9C8	emoji-fully-qualified	2	2	2	butter
1F9C2	emoji-fully-qualified	2	2	2	salt
1F96B	emoji-fully-qualified	2	2	2	canned food
1F371	emoji-fully-qualified	2	2	2	bento box
1F358	emoji-fully-qualified	2	2	2	rice cracker
1F359	emoji-fully-qualified	2	2	2	rice ball
1F35A	emoji-fully-qualified	2	2	2	cooked rice
1F35B	emoji-fully-qualified	2	2	2	curry rice
1F35C	emoji-fully-qualified	2	2	2	steaming bowl
1F35D	emoji-fully-qualified	2	2	2	spaghetti
1F360	emoji-fully-qualified	2	2	2	roasted sweet potato
1F362	emoji-fully-qualified	2	2	2	oden
1F363	emoji-fully-qualified	2	2	2	sushi
1F364	emoji-fully-qualified	2	2	2	fried shrimp
1F365	emoji-fully-qualified	2	2	2	fish cake with swirl
1F96E	emoji-fully-qualified	2	2	2	moon cake
1F361	emoji-fully-qualified	2	2	2	dango
1F95F	emoji-fully-qualified	2	2	2	dumpling
1F960	emoji-fully-qualified	2	2	2	fortune cookie
1F961	emoji-fully-qualified	2	2	2	takeout box
1F366	emoji-fully-qualified	2	2	2	soft ice cream
1F367	emoji-fully-qualified	2	2	2	shaved ice
1F368	emoji-fully-qualified	2	2	2	ice cream
1F369	emoji-fully-qualified	2	2	2	doughnut
1F36A	emoji-fully-qualified	2	2	2	cookie
1F382	emoji-fully-qualified	2	2	2	birthday cake
1F370	emoji-fully-qualified	2	2	2	shortcake
1F9C1	emoji-fully-qualified	2	2	2	cupcake
1F967	emoji-fully-qualified	2	2	2	pie
1F36B	emoji-fully-qualified	2	2	2	chocolate bar
1F36C	emoji-fully-qualified	2	2	2	candy
1F36D	emoji-fully-qualified	2	2	2	lollipop
1F36E	emoji-fully-qualified	2	2	2	custard
1F36F	emoji-fully-qualified	2	2	2	honey pot
1F37C	emoji-fully-qualified	2	2	2	baby bottle
1F95B	emoji-fully-qualified	2	2	2	glass of milk
2615	emoji-fully-qualified	2	2	2	hot beverage
1FAD6	emoji-fully-qualified	2	2	2	teapot
1F375	emoji-fully-qualified	2	2	2	teacup without handle
1F376	emoji-fully-qualified	2	2	2	sake
1F37E	emoji-fully-qualified	2	2	2	bottle with popping cork
1F377	emoji-fully-qualified	2	2	2	wine glass
1F378	emoji-fully-qualified	2	2	2	cocktail glass
1F379	emoji-fully-qualified	2	2	2	tropical drink
1F37A	emoji-fully-qualified	2	2	2	beer mug
1F37B	emoji-fully-qualified	2	2	2	clinking beer mugs
1F942	emoji-fully-qualified	2	2	2	clinking glasses
1F943	emoji-fully-qualified	2	2	2	tumbler glass
1FAD7	emoji-fully-qualified	2	2	2	pouring liquid
1F964	emoji-fully-qualified	2	2	2	cup with straw
1F9CB	emoji-fully-qualified	2	2	2	bubble tea
1F9C3	emoji-fully-qualified	2	2	2	beverage box
1F9C9	emoji-fully-qualified	2	2	2	mate
1F9CA	emoji-fully-qualified	2	2	2	ice
1F962	emoji-fully-qualified	2	2	2	chopsticks
1F37D+FE0F	emoji-fully-qualified	2	2	1	fork and knife with plate
1F37D	emoji-unqualified	1	1	1	fork and knife with plate
1F374	emoji-fully-qualified	2	2	2	fork and knife
1F944	emoji-fully-qualified	2	2	2	spoon
1F52A	emoji-fully-qualified	2	2	2	kitchen knife
1FAD9	emoji-fully-qualified	2	2	2	jar
1F3FA	emoji-fully-qualified	2	2	2	amphora
1F30D	emoji-fully-qualified	2	2	2	globe showing Europe-Africa
1F30E	emoji-fully-qualified	2	2	2	globe showing Americas
1F30F	emoji-fully-qualified	2	2	2	globe showing Asia-Australia
1F310	emoji-fully-qualified	2	2	2	globe with meridians
1F5FA+FE0F	emoji-fully-qualified	2	2	1	world map
1F5FA	emoji-unqualified	1	1	1	world map
1F5FE	emoji-fully-qualified	2	2	2	map of Japan
1F9ED	emoji-fully-qualified	2	2	2	compass
1F3D4+FE0F	emoji-fully-qualified	2	2	1	snow-capped mountain
1F3D4	emoji-unqualified	1	1	1	snow-capped mountain
26F0+FE0F	emoji-fully-qualified	2	2	1	mountain
26F0	emoji-unqualified	1	1	1	mountain
1F30B	emoji-fully-qualified	2	2	2	volcano
1F5FB	emoji-fully-qualified	2	2	2	mount fuji
1F3D5+FE0F	emoji-fully-qualified	2	2	1	camping
1F3D5	emoji-unqualified	1	1	1	camping
1F3D6+FE0F	emoji-fully-qualified	2	2	1	beach with umbrella
1F3D6	emoji-unqualified	1	1	1	beach with umbrella
1F3DC+FE0F	emoji-fully-qualified	2	2	1	desert
1F3DC	emoji-unqualified	1	1	1	desert
1F3DD+FE0F	emoji-fully-qualified	2	2	1	desert island
1F3DD	emoji-unqualified	1	1	1	desert island
1F3DE+FE0F	emoji-fully-qualified	2	2	1	national park
1F3DE	emoji-unqualified	1	1	1	national park
1F3DF+FE0F	emoji-fully-qualified	2	2	1	stadium
1F3DF	emoji-unqualified	1	1	1	stadium
1F3DB+FE0F	emoji-fully-qualified	2	2	1	classical building
1F3DB	emoji-unqualified	1	1	1	classical building
1F3D7+FE0F	emoji-fully-qualified	2	2	1	building construction
1F3D7	emoji-unqualified	1	1	1	building construction
1F9F1	emoji-fully-qualified	2	2	2	brick
1FAA8	emoji-fully-qualified	2	2	2	rock
1FAB5	emoji-fully-qualified	2	2	2	wood
1F6D6	emoji-fully-qualified	2	2	2	hut
1F3D8+FE0F	emoji-fully-qualified	2	2	1	houses
1F3D8	emoji-unqualified	1	1	1	houses
1F3DA+FE0F	emoji-fully-qualified	2	2	1	derelict house
1F3DA	emoji-unqualified	1	1	1	derelict house
1F3E0	emoji-fully-qualified	2	2	2	house
1F3E1	emoji-fully-qualified	2	2	2	house with garden
1F3E2	emoji-fully-qualified	2	2	2	office building
1F3E3	emoji-fully-qualified	2	2	2	Japanese post office
1F3E4	emoji-fully-qualified	2	2	2	post office
1F3E5	emoji-fully-qualified	2	2	2	hospital
1F3E6	emoji-fully-qualified	2	2	2	bank
1F3E8	emoji-fully-qualified	2	2	2	hotel
1F3E9	emoji-fully-qualified	2	2	2	love hotel
1F3EA	emoji-fully-qualified	2	2	2	convenience store
1F3EB	emoji-fully-qualified	2	2	2	school
1F3EC	emoji-fully-qualified	2	2	2	department store
1F3ED	emoji-fully-qualified	2	2	2	factory
1F3EF	emoji-fully-qualified	2	2	2	Japanese castle
1F3F0	emoji-fully-qualified	2	2	2	castle
1F492	emoji-fully-qualified	2	2	2	wedding
1F5FC	emoji-fully-qualified	2	2	2	Tokyo tower
1F5FD	emoji-fully-qualified	2	2	2	Statue of Liberty
26EA	emoji-fully-qualified	2	2	2	church
1F54C	emoji-fully-qualified	2	2	2	mosque
1F6D5	emoji-fully-qualified	2	2	2	hindu temple
1F54D	emoji-fully-qualified	2	2	2	synagogue
26E9+FE0F	emoji-fully-qualified	2	2	1	shinto shrine
26E9	emoji-unqualified	1	1	1	shinto shrine
1F54B	emoji-fully-qualified	2	2	2	kaaba
26F2	emoji-fully-qualified	2	2	2	fountain
26FA	emoji-fully-qualified	2	2	2	tent
1F301	emoji-fully-qualified	2	2	2	foggy
1F303	emoji-fully-qualified	2	2	2	night with stars
1F3D9+FE0F	emoji-fully-qualified	2	2	1	cityscape
1F3D9	emoji-unqualified	1	1	1	cityscape
1F304	emoji-fully-qualified	2	2	2	sunrise over mountains
1F305	emoji-fully-qualified	2	2	2	sunrise
1F306	emoji-fully-qualified	2	2	2	cityscape at dusk
1F307	emoji-fully-qualified	2	2	2	sunset
1F309	emoji-fully-qualified	2	2	2	bridge at night
2668+FE0F	emoji-fully-qualified	2	2	1	hot springs
2668	emoji-unqualified	1	1	1	hot springs
1F3A0	emoji-fully-qualified	2	2	2	carousel horse
1F6DD	emoji-fully-qualified	2	2	2	playground slide
1F3A1	emoji-fully-qualified	2	2	2	ferris wheel
1F3A2	emoji-fully-qualified	2	2	2	roller coaster
1F488	emoji-fully-qualified	2	2	2	barber pole
1F3AA	emoji-fully-qualified	2	2	2	circus tent
1F682	emoji-fully-qualified	2	2	2	locomotive
1F683	emoji-fully-qualified	2	2	2	railway car
1F684	emoji-fully-qualified	2	2	2	high-speed train
1F685	emoji-fully-qualified	2	2	2	bullet train
1F686	emoji-fully-qualified	2	2	2	train
1F687	emoji-fully-qualified	2	2	2	metro
1F688	emoji-fully-qualified	2	2	2	light rail
1F689	emoji-fully-qualified	2	2	2	station
1F68A	emoji-fully-qualified	2	2	2	tram
1F69D	emoji-fully-qualified	2	2	2	monorail
1F69E	emoji-fully-qualified	2	2	2	mountain railway
1F68B	emoji-fully-qualified	2	2	2	tram car
1F68C	emoji-fully-qualified	2	2	2	bus
1F68D	emoji-fully-qualified	2	2	2	oncoming bus
1F68E	emoji-fully-qualified	2	2	2	trolleybus
1F690	emoji-fully-qualified	2	2	2	minibus
1F691	emoji-fully-qualified	2	2	2	ambulance
1F692	emoji-fully-qualified	2	2	2	fire engine
1F693	emoji-fully-qualified	2	2	2	police car
1F694	emoji-fully-qualified	2	2	2	oncoming police car
1F695	emoji-fully-qualified	2	2	2	taxi
1F696	emoji-fully-qualified	2	2	2	oncoming taxi
1F697	emoji-fully-qualified	2	2	2	automobile
1F698	emoji-fully-qualified	2	2	2	oncoming automobile
1F699	emoji-fully-qualified	2	2	2	sport utility vehicle
1F6FB	emoji-fully-qualified	2	2	2	pickup truck
1F69A	emoji-fully-qualified	2	2	2	delivery truck
1F69B	emoji-fully-qualified	2	2	2	articulated lorry
1F69C	emoji-fully-qualified	2	2	2	tractor
1F3CE+FE0F	emoji-fully-qualified	2	2	1	racing car
1F3CE	emoji-unqualified	1	1	1	racing car
1F3CD+FE0F	emoji-fully-qualified	2	2	1	motorcycle
1F3CD	emoji-unqualified	1	1	1	motorcycle
1F6F5	emoji-fully-qualified	2	2	2	motor scooter
1F9BD	emoji-fully-qualified	2	2	2	manual wheelchair
1F9BC	emoji-fully-qualified	2	2	2	motorized wheelchair
1F6FA	emoji-fully-qualified	2	2	2	auto rickshaw
1F6B2	emoji-fully-qualified	2	2	2	bicycle
1F6F4	emoji-fully-qualified	2	2	2	kick scooter
1F6F9	emoji-fully-qualified	2	2	2	skateboard
1F6FC	emoji-fully-qualified	2	2	2	roller skate
1F68F	emoji-fully-qualified	2	2	2	bus stop
1F6E3+FE0F	emoji-fully-qualified	2	2	1	motorway
1F6E3	emoji-unqualified	1	1	1	motorway
1F6E4+FE0F	emoji-fully-qualified	2	2	1	railway track
1F6E4	emoji-unqualified	1	1	1	railway track
1F6E2+FE0F	emoji-fully-qualified	2	2	1	oil drum
1F6E2	emoji-unqualified	1	1	1	oil drum
26FD	emoji-fully-qualified	2	2	2	fuel pump
1F6DE	emoji-fully-qualified	2	2	2	wheel
1F6A8	emoji-fully-qualified	2	2	2	police car light
1F6A5	emoji-fully-qualified	2	2	2	horizontal traffic light
1F6A6	emoji-fully-qualified	2	2	2	vertical traffic light
1F6D1	emoji-fully-qualified	2	2	2	stop sign
1F6A7	emoji-fully-qualified	2	2	2	construction
2693	emoji-fully-qualified	2	2	2	anchor
1F6DF	emoji-fully-qualified	2	2	2	ring buoy
26F5	emoji-fully-qualified	2	2	2	sailboat
1F6F6	emoji-fully-qualified	2	2	2	canoe
1F6A4	emoji-fully-qualified	2	2	2	speedboat
1F6F3+FE0F	emoji-fully-qualified	2	2	1	passenger ship
1F6F3	emoji-unqualified	1	1	1	passenger ship
26F4+FE0F	emoji-fully-qualified	2	2	1	ferry
26F4	emoji-unqualified	1	1	1	ferry
1F6E5+FE0F	emoji-fully-qualified	2	2	1	motor boat
1F6E5	emoji-unqualified	1	1	1	motor boat
1F6A2	emoji-fully-qualified	2	2	2	ship
2708+FE0F	emoji-fully-qualified	2	2	1	airplane
2708	emoji-unqualified	1	1	1	airplane
1F6E9+FE0F	emoji-fully-qualified	2	2	1	small airplane
1F6E9	emoji-unqualified	1	1	1	small airplane
1F6EB	emoji-fully-qualified	2	2	2	airplane departure
1F6EC	emoji-fully-qualified	2	2	2	airplane arrival
1FA82	emoji-fully-qualified	2	2	2	parachute
1F4BA	emoji-fully-qualified	2	2	2	seat
1F681	emoji-fully-qualified	2	2	2	helicopter
1F69F	emoji-fully-qualified	2	2	2	suspension railway
1F6A0	emoji-fully-qualified	2	2	2	mountain cableway
1F6A1	emoji-fully-qualified	2	2	2	aerial tramway
1F6F0+FE0F	emoji-fully-qualified	2	2	1	satellite
1F6F0	emoji-unqualified	1	1	1	satellite
1F680	emoji-fully-qualified	2	2	2	rocket
1F6F8	emoji-fully-qualified	2	2	2	flying saucer
1F6CE+FE0F	emoji-fully-qualified	2	2	1	bellhop bell
1F6CE	emoji-unqualified	1	1	1	bellhop bell
1F9F3	emoji-fully-qualified	2	2	2	luggage
231B	emoji-fully-qualified	2	2	2	hourglass done
23F3	emoji-fully-qualified	2	2	2	hourglass not done
23F0	emoji-fully-qualified	2	2	2	alarm clock
23F1+FE0F	emoji-fully-qualified	2	2	1	stopwatch
23F1	emoji-unqualified	1	1	1	stopwatch
23F2+FE0F	emoji-fully-qualified	2	2	1	timer clock
23F2	emoji-unqualified	1	1	1	timer clock
1F570+FE0F	emoji-fully-qualified	2	2	1	mantelpiece clock
1F570	emoji-unqualified	1	1	1	mantelpiece clock
1F55B	emoji-fully-qualified	2	2	2	twelve o’clock
1F567	emoji-fully-qualified	2	2	2	twelve-thirty
1F550	emoji-fully-qualified	2	2	2	one o’clock
1F55C	emoji-fully-qualified	2	2	2	one-thirty
1F551	emoji-fully-qualified	2	2	2	two o’clock
1F55D	emoji-fully-qualified	2	2	2	two-thirty
1F552	emoji-fully-qualified	2	2	2	three o’clock
1F55E	emoji-fully-qualified	2	2	2	three-thirty
1F553	emoji-fully-qualified	2	2	2	four o’clock
1F55F	emoji-fully-qualified	2	2	2	four-thirty
1F554	emoji-fully-qualified	2	2	2	five o’clock
1F560	emoji-fully-qualified	2	2	2	five-thirty
1F555	emoji-fully-qualified	2	2	2	six o’clock
1F561	emoji-fully-qualified	2	2	2	six-thirty
1F556	emoji-fully-qualified	2	2	2	seven o’clock
1F562	emoji-fully-qualified	2	2	2	seven-thirty
1F557	emoji-fully-qualified	2	2	2	eight o’clock
1F563	emoji-fully-qualified	2	2	2	eight-thirty
1F558	emoji-fully-qualified	2	2	2	nine o’clock
1F564	emoji-fully-qualified	2	2	2	nine-thirty
1F559	emoji-fully-qualified	2	2	2	ten o’clock
1F565	emoji-fully-qualified	2	2	2	ten-thirty
1F55A	emoji-fully-qualified	2	2	2	eleven o’clock
1F566	emoji-fully-qualified	2	2	2	eleven-thirty
1F311	emoji-fully-qualified	2	2	2	new moon
1F312	emoji-fully-qualified	2	2	2	waxing crescent moon
1F313	emoji-fully-qualified	2	2	2	first quarter moon
1F314	emoji-fully-qualified	2	2	2	waxing gibbous moon
1F315	emoji-fully-qualified	2	2	2	full moon
1F316	emoji-fully-qualified	2	2	2	waning gibbous moon
1F317	emoji-fully-qualified	2	2	2	last quarter moon
1F318	emoji-fully-qualified	2	2	2	waning crescent moon
1F319	emoji-fully-qualified	2	2	2	crescent moon
1F31A	emoji-fully-qualified	2	2	2	new moon face
1F31B	emoji-fully-qualified	2	2	2	first quarter moon face
1F31C	emoji-fully-qualified	2	2	2	last quarter moon face
1F321+FE0F	emoji-fully-qualified	2	2	1	thermometer
1F321	emoji-unqualified	1	1	1	thermometer
2600+FE0F	emoji-fully-qualified	2	2	1	sun
2600	emoji-unqualified	1	1	1	sun
1F31D	emoji-fully-qualified	2	2	2	full moon face
1F31E	emoji-fully-qualified	2	2	2	sun with face
1FA90	emoji-fully-qualified	2	2	2	ringed planet
2B50	emoji-fully-qualified	2	2	2	star
1F31F	emoji-fully-qualified	2	2	2	glowing star
1F320	emoji-fully-qualified	2	2	2	shooting star
1F30C	emoji-fully-qualified	2	2	2	milky way
2601+FE0F	emoji-fully-qualified	2	2	1	cloud
2601	emoji-unqualified	1	1	1	cloud
26C5	emoji-fully-qualified	2	2	2	sun behind cloud
26C8+FE0F	emoji-fully-qualified	2	2	1	cloud with lightning and rain
26C8	emoji-unqualified	1	1	1	cloud with lightning and rain
1F324+FE0F	emoji-fully-qualified	2	2	1	sun behind small cloud
1F324	emoji-unqualified	1	1	1	sun behind small cloud
1F325+FE0F	emoji-fully-qualified	2	2	1	sun behind large cloud
1F325	emoji-unqualified	1	1	1	sun behind large cloud
1F326+FE0F	emoji-fully-qualified	2	2	1	sun behind rain cloud
1F326	emoji-unqualified	1	1	1	sun behind rain cloud
1F327+FE0F	emoji-fully-qualified	2	2	1	cloud with rain
1F327	emoji-unqualified	1	1	1	cloud with rain
1F328+FE0F	emoji-fully-qualified	2	2	1	cloud with snow
1F328	emoji-unqualified	1	1	1	cloud with snow
1F329+FE0F	emoji-fully-qualified	2	2	1	cloud with lightning
1F329	emoji-unqualified	1	1	1	cloud with lightning
1F32A+FE0F	emoji-fully-qualified	2	2	1	tornado
1F32A	emoji-unqualified	1	1	1	tornado
1F32B+FE0F	emoji-fully-qualified	2	2	1	fog
1F32B	emoji-unqualified	1	1	1	fog
1F32C+FE0F	emoji-fully-qualified	2	2	1	wind face
1F32C	emoji-unqualified	1	1	1	wind face
1F300	emoji-fully-qualified	2	2	2	cyclone
1F308	emoji-fully-qualified	2	2	2	rainbow
1F302	emoji-fully-qualified	2	2	2	closed umbrella
2602+FE0F	emoji-fully-qualified	2	2	1	umbrella
2602	emoji-unqualified	1	1	1	umbrella
2614	emoji-fully-qualified	2	2	2	umbrella with rain drops
26F1+FE0F	emoji-fully-qualified	2	2	1	umbrella on ground
26F1	emoji-unqualified	1	1	1	umbrella on ground
26A1	emoji-fully-qualified	2	2	2	high voltage
2744+FE0F	emoji-fully-qualified	2	2	1	snowflake
2744	emoji-unqualified	1	1	1	snowflake
2603+FE0F	emoji-fully-qualified	2	2	1	snowman
2603	emoji-unqualified	1	1	1	snowman
26C4	emoji-fully-qualified	2	2	2	snowman without snow
2604+FE0F	emoji-fully-qualified	2	2	1	comet
2604	emoji-unqualified	1	1	1	comet
1F525	emoji-fully-qualified	2	2	2	fire
1F4A7	emoji-fully-qualified	2	2	2	droplet
1F30A	emoji-fully-qualified	2	2	2	water wave
1F383	emoji-fully-qualified	2	2	2	jack-o-lantern
1F384	emoji-fully-qualified	2	2	2	Christmas tree
1F386	emoji-fully-qualified	2	2	2	fireworks
1F387	emoji-fully-qualified	2	2	2	sparkler
1F9E8	emoji-fully-qualified	2	2	2	firecracker
2728	emoji-fully-qualified	2	2	2	sparkles
1F388	emoji-fully-qualified	2	2	2	balloon
1F389	emoji-fully-qualified	2	2	2	party popper
1F38A	emoji-fully-qualified	2	2	2	confetti ball
1F38B	emoji-fully-qualified	2	2	2	tanabata tree
1F38D	emoji-fully-qualified	2	2	2	pine decoration
1F38E	emoji-fully-qualified	2	2	2	Japanese dolls
1F38F	emoji-fully-qualified	2	2	2	carp streamer
1F390	emoji-fully-qualified	2	2	2	wind chime
1F391	emoji-fully-qualified	2	2	2	moon viewing ceremony
1F9E7	emoji-fully-qualified	2	2	2	red envelope
1F380	emoji-fully-qualified	2	2	2	ribbon
1F381	emoji-fully-qualified	2	2	2	wrapped gift
1F397+FE0F	emoji-fully-qualified	2	2	1	reminder ribbon
1F397	emoji-unqualified	1	1	1	reminder ribbon
1F39F+FE0F	emoji-fully-qualified	2	2	1	admission tickets
1F39F	emoji-unqualified	1	1	1	admission tickets
1F3AB	emoji-fully-qualified	2	2	2	ticket
1F396+FE0F	emoji-fully-qualified	2	2	1	military medal
1F396	emoji-unqualified	1	1	1	military medal
1F3C6	emoji-fully-qualified	2	2	2	trophy
1F3C5	emoji-fully-qualified	2	2	2	sports medal
1F947	emoji-fully-qualified	2	2	2	1st place medal
1F948	emoji-fully-qualified	2	2	2	2nd place medal
1F949	emoji-fully-qualified	2	2	2	3rd place medal
26BD	emoji-fully-qualified	2	2	2	soccer ball
26BE	emoji-fully-qualified	2	2	2	baseball
1F94E	emoji-fully-qualified	2	2	2	softball
1F3C0	emoji-fully-qualified	2	2	2	basketball
1F3D0	emoji-fully-qualified	2	2	2	volleyball
1F3C8	emoji-fully-qualified	2	2	2	american football
1F3C9	emoji-fully-qualified	2	2	2	rugby football
1F3BE	emoji-fully-qualified	2	2	2	tennis
1F94F	emoji-fully-qualified	2	2	2	flying disc
1F3B3	emoji-fully-qualified	2	2	2	bowling
1F3CF	emoji-fully-qualified	2	2	2	cricket game
1F3D1	emoji-fully-qualified	2	2	2	field hockey
1F3D2	emoji-fully-qualified	2	2	2	ice hockey
1F94D	emoji-fully-qualified	2	2	2	lacrosse
1F3D3	emoji-fully-qualified	2	2	2	ping pong
1F3F8	emoji-fully-qualified	2	2	2	badminton
1F94A	emoji-fully-qualified	2	2	2	boxing glove
1F94B	emoji-fully-qualified	2	2	2	martial arts uniform
1F945	emoji-fully-qualified	2	2	2	goal net
26F3	emoji-fully-qualified	2	2	2	flag in hole
26F8+FE0F	emoji-fully-qualified	2	2	1	ice skate
26F8	emoji-unqualified	1	1	1	ice skate
1F3A3	emoji-fully-qualified	2	2	2	fishing pole
1F93F	emoji-fully-qualified	2	2	2	diving mask
1F3BD	emoji-fully-qualified	2	2	2	running shirt
1F3BF	emoji-fully-qualified	2	2	2	skis
1F6F7	emoji-fully-qualified	2	2	2	sled
1F94C	emoji-fully-qualified	2	2	2	curling stone
1F3AF	emoji-fully-qualified	2	2	2	bullseye
1FA80	emoji-fully-qualified	2	2	2	yo-yo
1FA81	emoji-fully-qualified	2	2	2	kite
1F52B	emoji-fully-qualified	2	2	2	water pistol
1F3B1	emoji-fully-qualified	2	2	2	pool 8 ball
1F52E	emoji-fully-qualified	2	2	2	crystal ball
1FA84	emoji-fully-qualified	2	2	2	magic wand
1F3AE	emoji-fully-qualified	2	2	2	video game
1F579+FE0F	emoji-fully-qualified	2	2	1	joystick
1F579	emoji-unqualified	1	1	1	joystick
1F3B0	emoji-fully-qualified	2	2	2	slot machine
1F3B2	emoji-fully-qualified	2	2	2	game die
1F9E9	emoji-fully-qualified	2	2	2	puzzle piece
1F9F8	emoji-fully-qualified	2	2	2	teddy bear
1FA85	emoji-fully-qualified	2	2	2	piñata
1FAA9	emoji-fully-qualified	2	2	2	mirror ball
1FA86	emoji-fully-qualified	2	2	2	nesting dolls
2660+FE0F	emoji-fully-qualified	2	2	1	spade suit
2660	emoji-unqualified	1	1	1	spade suit
2665+FE0F	emoji-fully-qualified	2	2	1	heart suit
2665	emoji-unqualified	1	1	1	heart suit
2666+FE0F	emoji-fully-qualified	2	2	1	diamond suit
2666	emoji-unqualified	1	1	1	diamond suit
2663+FE0F	emoji-fully-qualified	2	2	1	club suit
2663	emoji-unqualified	1	1	1	club suit
265F+FE0F	emoji-fully-qualified	2	2	1	chess pawn
265F	emoji-unqualified	1	1	1	chess pawn
1F0CF	emoji-fully-qualified	2	2	2	joker
1F004	emoji-fully-qualified	2	2	2	mahjong red dragon
1F3B4	emoji-fully-qualified	2	2	2	flower playing cards
1F3AD	emoji-fully-qualified	2	2	2	performing arts
1F5BC+FE0F	emoji-fully-qualified	2	2	1	framed picture
1F5BC	emoji-unqualified	1	1	1	framed picture
1F3A8	emoji-fully-qualified	2	2	2	artist palette
1F9F5	emoji-fully-qualified	2	2	2	thread
1FAA1	emoji-fully-qualified	2	2	2	sewing needle
1F9F6	emoji-fully-qualified	2	2	2	yarn
1FAA2	emoji-fully-qualified	2	2	2	knot
1F453	emoji-fully-qualified	2	2	2	glasses
1F576+FE0F	emoji-fully-qualified	2	2	1	sunglasses
1F576	emoji-unqualified	1	1	1	sunglasses
1F97D	emoji-fully-qualified	2	2	2	goggles
1F97C	emoji-fully-qualified	2	2	2	lab coat
1F9BA	emoji-fully-qualified	2	2	2	safety vest
1F454	emoji-fully-qualified	2	2	2	necktie
1F455	emoji-fully-qualified	2	2	2	t-shirt
1F456	emoji-fully-qualified	2	2	2	jeans
1F9E3	emoji-fully-qualified	2	2	2	scarf
1F9E4	emoji-fully-qualified	2	2	2	gloves
1F9E5	emoji-fully-qualified	2	2	2	coat
1F9E6	emoji-fully-qualified	2	2	2	socks
1F457	emoji-fully-qualified	2	2	2	dress
1F458	emoji-fully-qualified	2	2	2	kimono
1F97B	emoji-fully-qualified	2	2	2	sari
1FA71	emoji-fully-qualified	2	2	2	one-piece swimsuit
1FA72	emoji-fully-qualified	2	2	2	briefs
1FA73	emoji-fully-qualified	2	2	2	shorts
1F459	emoji-fully-qualified	2	2	2	bikini
1F45A	emoji-fully-qualified	2	2	2	woman’s clothes
1FAAD	emoji-fully-qualified	2	2	2	folding hand fan
1F45B	emoji-fully-qualified	2	2	2	purse
1F45C	emoji-fully-qualified	2	2	2	handbag
1F45D	emoji-fully-qualified	2	2	2	clutch bag
1F6CD+FE0F	emoji-fully-qualified	2	2	1	shopping bags
1F6CD	emoji-unqualified	1	1	1	shopping bags
1F392	emoji-fully-qualified	2	2	2	backpack
1FA74	emoji-fully-qualified	2	2	2	thong sandal
1F45E	emoji-fully-qualified	2	2	2	man’s shoe
1F45F	emoji-fully-qualified	2	2	2	running shoe
1F97E	emoji-fully-qualified	2	2	2	hiking boot
1F97F	emoji-fully-qualified	2	2	2	flat shoe
1F460	emoji-fully-qualified	2	2	2	high-heeled shoe
1F461	emoji-fully-qualified	2	2	2	woman’s sandal
1FA70	emoji-fully-qualified	2	2	2	ballet shoes
1F462	emoji-fully-qualified	2	2	2	woman’s boot
1FAAE	emoji-fully-qualified	2	2	2	hair pick
1F451	emoji-fully-qualified	2	2	2	crown
1F452	emoji-fully-qualified	2	2	2	woman’s hat
1F3A9	emoji-fully-qualified	2	2	2	top hat
1F393	emoji-fully-qualified	2	2	2	graduation cap
1F9E2	emoji-fully-qualified	2	2	2	billed cap
1FA96	emoji-fully-qualified	2	2	2	military helmet
26D1+FE0F	emoji-fully-qualified	2	2	1	rescue worker’s helmet
26D1	emoji-unqualified	1	1	1	rescue worker’s helmet
1F4FF	emoji-fully-qualified	2	2	2	prayer beads
1F484	emoji-fully-qualified	2	2	2	lipstick
1F48D	emoji-fully-qualified	2	2	2	ring
1F48E	emoji-fully-qualified	2	2	2	gem stone
1F507	emoji-fully-qualified	2	2	2	muted speaker
1F508	emoji-fully-qualified	2	2	2	speaker low volume
1F509	emoji-fully-qualified	2	2	2	speaker medium volume
1F50A	emoji-fully-qualified	2	2	2	speaker high volume
1F4E2	emoji-fully-qualified	2	2	2	loudspeaker
1F4E3	emoji-fully-qualified	2	2	2	megaphone
1F4EF	emoji-fully-qualified	2	2	2	postal horn
1F514	emoji-fully-qualified	2	2	2	bell
1F515	emoji-fully-qualified	2	2	2	bell with slash
1F3BC	emoji-fully-qualified	2	2	2	musical score
1F3B5	emoji-fully-qualified	2	2	2	musical note
1F3B6	emoji-fully-qualified	2	2	2	musical notes
1F399+FE0F	emoji-fully-qualified	2	2	1	studio microphone
1F399	emoji-unqualified	1	1	1	studio microphone
1F39A+FE0F	emoji-fully-qualified	2	2	1	level slider
1F39A	emoji-unqualified	1	1	1	level slider
1F39B+FE0F	emoji-fully-qualified	2	2	1	control knobs
1F39B	emoji-unqualified	1	1	1	control knobs
1F3A4	emoji-fully-qualified	2	2	2	microphone
1F3A7	emoji-fully-qualified	2	2	2	headphone
1F4FB	emoji-fully-qualified	2	2	2	radio
1F3B7	emoji-fully-qualified	2	2	2	saxophone
1FA97	emoji-fully-qualified	2	2	2	accordion
1F3B8	emoji-fully-qualified	2	2	2	guitar
1F3B9	emoji-fully-qualified	2	2	2	musical keyboard
1F3BA	emoji-fully-qualified	2	2	2	trumpet
1F3BB	emoji-fully-qualified	2	2	2	violin
1FA95	emoji-fully-qualified	2	2	2	banjo
1F941	emoji-fully-qualified	2	2	2	drum
1FA98	emoji-fully-qualified	2	2	2	long drum
1FA87	emoji-fully-qualified	2	2	2	maracas
1FA88	emoji-fully-qualified	2	2	2	flute
1FA89	emoji-fully-qualified	2	2	2	harp
1F4F1	emoji-fully-qualified	2	2	2	mobile phone
1F4F2	emoji-fully-qualified	2	2	2	mobile phone with arrow
260E+FE0F	emoji-fully-qualified	2	2	1	telephone
260E	emoji-unqualified	1	1	1	telephone
1F4DE	emoji-fully-qualified	2	2	2	telephone receiver
1F4DF	emoji-fully-qualified	2	2	2	pager
1F4E0	emoji-fully-qualified	2	2	2	fax machine
1F50B	emoji-fully-qualified	2	2	2	battery
1FAAB	emoji-fully-qualified	2	2	2	low battery
1F50C	emoji-fully-qualified	2	2	2	electric plug
1F4BB	emoji-fully-qualified	2	2	2	laptop
1F5A5+FE0F	emoji-fully-qualified	2	2	1	desktop computer
1F5A5	emoji-unqualified	1	1	1	desktop computer
1F5A8+FE0F	emoji-fully-qualified	2	2	1	printer
1F5A8	emoji-unqualified	1	1	1	printer
2328+FE0F	emoji-fully-qualified	2	2	1	keyboard
2328	emoji-unqualified	1	1	1	keyboard
1F5B1+FE0F	emoji-fully-qualified	2	2	1	computer mouse
1F5B1	emoji-unqualified	1	1	1	computer mouse
1F5B2+FE0F	emoji-fully-qualified	2	2	1	trackball
1F5B2	emoji-unqualified	1	1	1	trackball
1F4BD	emoji-fully-qualified	2	2	2	computer disk
1F4BE	emoji-fully-qualified	2	2	2	floppy disk
1F4BF	emoji-fully-qualified	2	2	2	optical disk
1F4C0	emoji-fully-qualified	2	2	2	dvd
1F9EE	emoji-fully-qualified	2	2	2	abacus
1F3A5	emoji-fully-qualified	2	2	2	movie camera
1F39E+FE0F	emoji-fully-qualified	2	2	1	film frames
1F39E	emoji-unqualified	1	1	1	film frames
1F4FD+FE0F	emoji-fully-qualified	2	2	1	film projector
1F4FD	emoji-unqualified	1	1	1	film projector
1F3AC	emoji-fully-qualified	2	2	2	clapper board
1F4FA	emoji-fully-qualified	2	2	2	television
1F4F7	emoji-fully-qualified	2	2	2	camera
1F4F8	emoji-fully-qualified	2	2	2	camera with flash
1F4F9	emoji-fully-qualified	2	2	2	video camera
1F4FC	emoji-fully-qualified	2	2	2	videocassette
1F50D	emoji-fully-qualified	2	2	2	magnifying glass tilted left
1F50E	emoji-fully-qualified	2	2	2	magnifying glass tilted right
1F56F+FE0F	emoji-fully-qualified	2	2	1	candle
1F56F	emoji-unqualified	1	1	1	candle
1F4A1	emoji-fully-qualified	2	2	2	light bulb
1F526	emoji-fully-qualified	2	2	2	flashlight
1F3EE	emoji-fully-qualified	2	2	2	red paper lantern
1FA94	emoji-fully-qualified	2	2	2	diya lamp
1F4D4	emoji-fully-qualified	2	2	2	notebook with decorative cover
1F4D5	emoji-fully-qualified	2	2	2	closed book
1F4D6	emoji-fully-qualified	2	2	2	open book
1F4D7	emoji-fully-qualified	2	2	2	green book
1F4D8	emoji-fully-qualified	2	2	2	blue book
1F4D9	emoji-fully-qualified	2	2	2	orange book
1F4DA	emoji-fully-qualified	2	2	2	books
1F4D3	emoji-fully-qualified	2	2	2	notebook
1F4D2	emoji-fully-qualified	2	2	2	ledger
1F4C3	emoji-fully-qualified	2	2	2	page with curl
1F4DC	emoji-fully-qualified	2	2	2	scroll
1F4C4	emoji-fully-qualified	2	2	2	page facing up
1F4F0	emoji-fully-qualified	2	2	2	newspaper
1F5DE+FE0F	emoji-fully-qualified	2	2	1	rolled-up newspaper
1F5DE	emoji-unqualified	1	1	1	rolled-up newspaper
1F4D1	emoji-fully-qualified	2	2	2	bookmark tabs
1F516	emoji-fully-qualified	2	2	2	bookmark
1F3F7+FE0F	emoji-fully-qualified	2	2	1	label
1F3F7	emoji-unqualified	1	1	1	label
1F4B0	emoji-fully-qualified	2	2	2	money bag
1FA99	emoji-fully-qualified	2	2	2	coin
1F4B4	emoji-fully-qualified	2	2	2	yen banknote
1F4B5	emoji-fully-qualified	2	2	2	dollar banknote
1F4B6	emoji-fully-qualified	2	2	2	euro banknote
1F4B7	emoji-fully-qualified	2	2	2	pound banknote
1F4B8	emoji-fully-qualified	2	2	2	money with wings
1F4B3	emoji-fully-qualified	2	2	2	credit card
1F9FE	emoji-fully-qualified	2	2	2	receipt
1F4B9	emoji-fully-qualified	2	2	2	chart increasing with yen
2709+FE0F	emoji-fully-qualified	2	2	1	envelope
2709	emoji-unqualified	1	1	1	envelope
1F4E7	emoji-fully-qualified	2	2	2	e-mail
1F4E8	emoji-fully-qualified	2	2	2	incoming envelope
1F4E9	emoji-fully-qualified	2	2	2	envelope with arrow
1F4E4	emoji-fully-qualified	2	2	2	outbox tray
1F4E5	emoji-fully-qualified	2	2	2	inbox tray
1F4E6	emoji-fully-qualified	2	2	2	package
1F4EB	emoji-fully-qualified	2	2	2	closed mailbox with raised flag
1F4EA	emoji-fully-qualified	2	2	2	closed mailbox with lowered flag
1F4EC	emoji-fully-qualified	2	2	2	open mailbox with raised flag
1F4ED	emoji-fully-qualified	2	2	2	open mailbox with lowered flag
1F4EE	emoji-fully-qualified	2	2	2	postbox
1F5F3+FE0F	emoji-fully-qualified	2	2	1	ballot box with ballot
1F5F3	emoji-unqualified	1	1	1	ballot box with ballot
270F+FE0F	emoji-fully-qualified	2	2	1	pencil
270F	emoji-unqualified	1	1	1	pencil
2712+FE0F	emoji-fully-qualified	2	2	1	black nib
2712	emoji-unqualified	1	1	1	black nib
1F58B+FE0F	emoji-fully-qualified	2	2	1	fountain pen
1F58B	emoji-unqualified	1	1	1	fountain pen
1F58A+FE0F	emoji-fully-qualified	2	2	1	pen
1F58A	emoji-unqualified	1	1	1	pen
1F58C+FE0F	emoji-fully-qualified	2	2	1	paintbrush
1F58C	emoji-unqualified	1	1	1	paintbrush
1F58D+FE0F	emoji-fully-qualified	2	2	1	crayon
1F58D	emoji-unqualified	1	1	1	crayon
1F4DD	emoji-fully-qualified	2	2	2	memo
1F4BC	emoji-fully-qualified	2	2	2	briefcase
1F4C1	emoji-fully-qualified	2	2	2	file folder
1F4C2	emoji-fully-qualified	2	2	2	open file folder
1F5C2+FE0F	emoji-fully-qualified	2	2	1	card index dividers
1F5C2	emoji-unqualified	1	1	1	card index dividers
1F4C5	emoji-fully-qualified	2	2	2	calendar
1F4C6	emoji-fully-qualified	2	2	2	tear-off calendar
1F5D2+FE0F	emoji-fully-qualified	2	2	1	spiral notepad
1F5D2	emoji-unqualified	1	1	1	spiral notepad
1F5D3+FE0F	emoji-fully-qualified	2	2	1	spiral calendar
1F5D3	emoji-unqualified	1	1	1	spiral calendar
1F4C7	emoji-fully-qualified	2	2	2	card index
1F4C8	emoji-fully-qualified	2	2	2	chart increasing
1F4C9	emoji-fully-qualified	2	2	2	chart decreasing
1F4CA	emoji-fully-qualified	2	2	2	bar chart
1F4CB	emoji-fully-qualified	2	2	2	clipboard
1F4CC	emoji-fully-qualified	2	2	2	pushpin
1F4CD	emoji-fully-qualified	2	2	2	round pushpin
1F4CE	emoji-fully-qualified	2	2	2	paperclip
1F587+FE0F	emoji-fully-qualified	2	2	1	linked paperclips
1F587	emoji-unqualified	1	1	1	linked paperclips
1F4CF	emoji-fully-qualified	2	2	2	straight ruler
1F4D0	emoji-fully-qualified	2	2	2	triangular ruler
2702+FE0F	emoji-fully-qualified	2	2	1	scissors
2702	emoji-unqualified	1	1	1	scissors
1F5C3+FE0F	emoji-fully-qualified	2	2	1	card file box
1F5C3	emoji-unqualified	1	1	1	card file box
1F5C4+FE0F	emoji-fully-qualified	2	2	1	file cabinet
1F5C4	emoji-unqualified	1	1	1	file cabinet
1F5D1+FE0F	emoji-fully-qualified	2	2	1	wastebasket
1F5D1	emoji-unqualified	1	1	1	wastebasket
1F512	emoji-fully-qualified	2	2	2	locked
1F513	emoji-fully-qualified	2	2	2	unlocked
1F50F	emoji-fully-qualified	2	2	2	locked with pen
1F510	emoji-fully-qualified	2	2	2	locked with key
1F511	emoji-fully-qualified	2	2	2	key
1F5DD+FE0F	emoji-fully-qualified	2	2	1	old key
1F5DD	emoji-unqualified	1	1	1	old key
1F528	emoji-fully-qualified	2	2	2	hammer
1FA93	emoji-fully-qualified	2	2	2	axe
26CF+FE0F	emoji-fully-qualified	2	2	1	pick
26CF	emoji-unqualified	1	1	1	pick
2692+FE0F	emoji-fully-qualified	2	2	1	hammer and pick
2692	emoji-unqualified	1	1	1	hammer and pick
1F6E0+FE0F	emoji-fully-qualified	2	2	1	hammer and wrench
1F6E0	emoji-unqualified	1	1	1	hammer and wrench
1F5E1+FE0F	emoji-fully-qualified	2	2	1	dagger
1F5E1	emoji-unqualified	1	1	1	dagger
2694+FE0F	emoji-fully-qualified	2	2	1	crossed swords
2694	emoji-unqualified	1	1	1	crossed swords
1F4A3	emoji-fully-qualified	2	2	2	bomb
1FA83	emoji-fully-qualified	2	2	2	boomerang
1F3F9	emoji-fully-qualified	2	2	2	bow and arrow
1F6E1+FE0F	emoji-fully-qualified	2	2	1	shield
1F6E1	emoji-unqualified	1	1	1	shield
1FA9A	emoji-fully-qualified	2	2	2	carpentry saw
1F527	emoji-fully-qualified	2	2	2	wrench
1FA9B	emoji-fully-qualified	2	2	2	screwdriver
1F529	emoji-fully-qualified	2	2	2	nut and bolt
2699+FE0F	emoji-fully-qualified	2	2	1	gear
2699	emoji-unqualified	1	1	1	gear
1F5DC+FE0F	emoji-fully-qualified	2	2	1	clamp
1F5DC	emoji-unqualified	1	1	1	clamp
2696+FE0F	emoji-fully-qualified	2	2	1	balance scale
2696	emoji-unqualified	1	1	1	balance scale
1F9AF	emoji-fully-qualified	2	2	2	white cane
1F517	emoji-fully-qualified	2	2	2	link
26D3+FE0F+200D+1F4A5	emoji-fully-qualified	2	2	4	broken chain
26D3+200D+1F4A5	emoji-unqualified	1	1	4	broken chain
26D3+FE0F	emoji-fully-qualified	2	2	1	chains
26D3	emoji-unqualified	1	1	1	chains
1FA9D	emoji-fully-qualified	2	2	2	hook
1F9F0	emoji-fully-qualified	2	2	2	toolbox
1F9F2	emoji-fully-qualified	2	2	2	magnet
1FA9C	emoji-fully-qualified	2	2	2	ladder
1FA8F	emoji-fully-qualified	2	2	2	shovel
2697+FE0F	emoji-fully-qualified	2	2	1	alembic
2697	emoji-unqualified	1	1	1	alembic
1F9EA	emoji-fully-qualified	2	2	2	test tube
1F9EB	emoji-fully-qualified	2	2	2	petri dish
1F9EC	emoji-fully-qualified	2	2	2	dna
1F52C	emoji-fully-qualified	2	2	2	microscope
1F52D	emoji-fully-qualified	2	2	2	telescope
1F4E1	emoji-fully-qualified	2	2	2	satellite antenna
1F489	emoji-fully-qualified	2	2	2	syringe
1FA78	emoji-fully-qualified	2	2	2	drop of blood
1F48A	emoji-fully-qualified	2	2	2	pill
1FA79	emoji-fully-qualified	2	2	2	adhesive bandage
1FA7C	emoji-fully-qualified	2	2	2	crutch
1FA7A	emoji-fully-qualified	2	2	2	stethoscope
1FA7B	emoji-fully-qualified	2	2	2	x-ray
1F6AA	emoji-fully-qualified	2	2	2	door
1F6D7	emoji-fully-qualified	2	2	2	elevator
1FA9E	emoji-fully-qualified	2	2	2	mirror
1FA9F	emoji-fully-qualified	2	2	2	window
1F6CF+FE0F	emoji-fully-qualified	2	2	1	bed
1F6CF	emoji-unqualified	1	1	1	bed
1F6CB+FE0F	emoji-fully-qualified	2	2	1	couch and lamp
1F6CB	emoji-unqualified	1	1	1	couch and lamp
1FA91	emoji-fully-qualified	2	2	2	chair
1F6BD	emoji-fully-qualified	2	2	2	toilet
1FAA0	emoji-fully-qualified	2	2	2	plunger
1F6BF	emoji-fully-qualified	2	2	2	shower
1F6C1	emoji-fully-qualified	2	2	2	bathtub
1FAA4	emoji-fully-qualified	2	2	2	mouse trap
1FA92	emoji-fully-qualified	2	2	2	razor
1F9F4	emoji-fully-qualified	2	2	2	lotion bottle
1F9F7	emoji-fully-qualified	2	2	2	safety pin
1F9F9	emoji-fully-qualified	2	2	2	broom
1F9FA	emoji-fully-qualified	2	2	2	basket
1F9FB	emoji-fully-qualified	2	2	2	roll of paper
1FAA3	emoji-fully-qualified	2	2	2	bucket
1F9FC	emoji-fully-qualified	2	2	2	soap
1FAE7	emoji-fully-qualified	2	2	2	bubbles
1FAA5	emoji-fully-qualified	2	2	2	toothbrush
1F9FD	emoji-fully-qualified	2	2	2	sponge
1F9EF	emoji-fully-qualified	2	2	2	fire extinguisher
1F6D2	emoji-fully-qualified	2	2	2	shopping cart
1F6AC	emoji-fully-qualified	2	2	2	cigarette
26B0+FE0F	emoji-fully-qualified	2	2	1	coffin
26B0	emoji-unqualified	1	1	1	coffin
1FAA6	emoji-fully-qualified	2	2	2	headstone
26B1+FE0F	emoji-fully-qualified	2	2	1	funeral urn
26B1	emoji-unqualified	1	1	1	funeral urn
1F9FF	emoji-fully-qualified	2	2	2	nazar amulet
1FAAC	emoji-fully-qualified	2	2	2	hamsa
1F5FF	emoji-fully-qualified	2	2	2	moai
1FAA7	emoji-fully-qualified	2	2	2	placard
1FAAA	emoji-fully-qualified	2	2	2	identification card
1F3E7	emoji-fully-qualified	2	2	2	ATM sign
1F6AE	emoji-fully-qualified	2	2	2	litter in bin sign
1F6B0	emoji-fully-qualified	2	2	2	potable water
267F	emoji-fully-qualified	2	2	2	wheelchair symbol
1F6B9	emoji-fully-qualified	2	2	2	men’s room
1F6BA	emoji-fully-qualified	2	2	2	women’s room
1F6BB	emoji-fully-qualified	2	2	2	restroom
1F6BC	emoji-fully-qualified	2	2	2	baby symbol
1F6BE	emoji-fully-qualified	2	2	2	water closet
1F6C2	emoji-fully-qualified	2	2	2	passport control
1F6C3	emoji-fully-qualified	2	2	2	customs
1F6C4	emoji-fully-qualified	2	2	2	baggage claim
1F6C5	emoji-fully-qualified	2	2	2	left luggage
26A0+FE0F	emoji-fully-qualified	2	2	1	warning
26A0	emoji-unqualified	1	1	1	warning
1F6B8	emoji-fully-qualified	2	2	2	children crossing
26D4	emoji-fully-qualified	2	2	2	no entry
1F6AB	emoji-fully-qualified	2	2	2	prohibited
1F6B3	emoji-fully-qualified	2	2	2	no bicycles
1F6AD	emoji-fully-qualified	2	2	2	no smoking
1F6AF	emoji-fully-qualified	2	2	2	no littering
1F6B1	emoji-fully-qualified	2	2	2	non-potable water
1F6B7	emoji-fully-qualified	2	2	2	no pedestrians
1F4F5	emoji-fully-qualified	2	2	2	no mobile phones
1F51E	emoji-fully-qualified	2	2	2	no one under eighteen
2622+FE0F	emoji-fully-qualified	2	2	1	radioactive
2622	emoji-unqualified	1	1	1	radioactive
2623+FE0F	emoji-fully-qualified	2	2	1	biohazard
2623	emoji-unqualified	1	1	1	biohazard
2B06+FE0F	emoji-fully-qualified	2	2	1	up arrow
2B06	emoji-unqualified	1	1	1	up arrow
2197+FE0F	emoji-fully-qualified	2	2	1	up-right arrow
2197	emoji-unqualified	1	1	1	up-right arrow
27A1+FE0F	emoji-fully-qualified	2	2	1	right arrow
27A1	emoji-unqualified	1	1	1	right arrow
2198+FE0F	emoji-fully-qualified	2	2	1	down-right arrow
2198	emoji-unqualified	1	1	1	down-right arrow
2B07+FE0F	emoji-fully-qualified	2	2	1	down arrow
2B07	emoji-unqualified	1	1	1	down arrow
2199+FE0F	emoji-fully-qualified	2	2	1	down-left arrow
2199	emoji-unqualified	1	1	1	down-left arrow
2B05+FE0F	emoji-fully-qualified	2	2	1	left arrow
2B05	emoji-unqualified	1	1	1	left arrow
2196+FE0F	emoji-fully-qualified	2	2	1	up-left arrow
2196	emoji-unqualified	1	1	1	up-left arrow
2195+FE0F	emoji-fully-qualified	2	2	1	up-down arrow
2195	emoji-unqualified	1	1	1	up-down arrow
2194+FE0F	emoji-fully-qualified	2	2	1	left-right arrow
2194	emoji-unqualified	1	1	1	left-right arrow
21A9+FE0F	emoji-fully-qualified	2	2	1	right arrow curving left
21A9	emoji-unqualified	1	1	1	right arrow curving left
21AA+FE0F	emoji-fully-qualified	2	2	1	left arrow curving right
21AA	emoji-unqualified	1	1	1	left arrow curving right
2934+FE0F	emoji-fully-qualified	2	2	1	right arrow curving up
2934	emoji-unqualified	1	1	1	right arrow curving up
2935+FE0F	emoji-fully-qualified	2	2	1	right arrow curving down
2935	emoji-unqualified	1	1	1	right arrow curving down
1F503	emoji-fully-qualified	2	2	2	clockwise vertical arrows
1F504	emoji-fully-qualified	2	2	2	counterclockwise arrows button
1F519	emoji-fully-qualified	2	2	2	BACK arrow
1F51A	emoji-fully-qualified	2	2	2	END arrow
1F51B	emoji-fully-qualified	2	2	2	ON! arrow
1F51C	emoji-fully-qualified	2	2	2	SOON arrow
1F51D	emoji-fully-qualified	2	2	2	TOP arrow
1F6D0	emoji-fully-qualified	2	2	2	place of worship
269B+FE0F	emoji-fully-qualified	2	2	1	atom symbol
269B	emoji-unqualified	1	1	1	atom symbol
1F549+FE0F	emoji-fully-qualified	2	2	1	om
1F549	emoji-unqualified	1	1	1	om
2721+FE0F	emoji-fully-qualified	2	2	1	star of David
2721	emoji-unqualified	1	1	1	star of David
2638+FE0F	emoji-fully-qualified	2	2	1	wheel of dharma
2638	emoji-unqualified	1	1	1	wheel of dharma
262F+FE0F	emoji-fully-qualified	2	2	1	yin yang
262F	emoji-unqualified	1	1	1	yin yang
271D+FE0F	emoji-fully-qualified	2	2	1	latin cross
271D	emoji-unqualified	1	1	1	latin cross
2626+FE0F	emoji-fully-qualified	2	2	1	orthodox cross
2626	emoji-unqualified	1	1	1	orthodox cross
262A+FE0F	emoji-fully-qualified	2	2	1	star and crescent
262A	emoji-unqualified	1	1	1	star and crescent
262E+FE0F	emoji-fully-qualified	2	2	1	peace symbol
262E	emoji-unqualified	1	1	1	peace symbol
1F54E	emoji-fully-qualified	2	2	2	menorah
1F52F	emoji-fully-qualified	2	2	2	dotted six-pointed star
1FAAF	emoji-fully-qualified	2	2	2	khanda
2648	emoji-fully-qualified	2	2	2	Aries
2649	emoji-fully-qualified	2	2	2	Taurus
264A	emoji-fully-qualified	2	2	2	Gemini
264B	emoji-fully-qualified	2	2	2	Cancer
264C	emoji-fully-qualified	2	2	2	Leo
264D	emoji-fully-qualified	2	2	2	Virgo
264E	emoji-fully-qualified	2	2	2	Libra
264F	emoji-fully-qualified	2	2	2	Scorpio
2650	emoji-fully-qualified	2	2	2	Sagittarius
2651	emoji-fully-qualified	2	2	2	Capricorn
2652	emoji-fully-qualified	2	2	2	Aquarius
2653	emoji-fully-qualified	2	2	2	Pisces
26CE	emoji-fully-qualified	2	2	2	Ophiuchus
1F500	emoji-fully-qualified	2	2	2	shuffle tracks button
1F501	emoji-fully-qualified	2	2	2	repeat button
1F502	emoji-fully-qualified	2	2	2	repeat single button
25B6+FE0F	emoji-fully-qualified	2	2	1	play button
25B6	emoji-unqualified	1	1	1	play button
23E9	emoji-fully-qualified	2	2	2	fast-forward button
23ED+FE0F	emoji-fully-qualified	2	2	1	next track button
23ED	emoji-unqualified	1	1	1	next track button
23EF+FE0F	emoji-fully-qualified	2	2	1	play or pause button
23EF	emoji-unqualified	1	1	1	play or pause button
25C0+FE0F	emoji-fully-qualified	2	2	1	reverse button
25C0	emoji-unqualified	1	1	1	reverse button
23EA	emoji-fully-qualified	2	2	2	fast reverse button
23EE+FE0F	emoji-fully-qualified	2	2	1	last track button
23EE	emoji-unqualified	1	1	1	last track button
1F53C	emoji-fully-qualified	2	2	2	upwards button
23EB	emoji-fully-qualified	2	2	2	fast up button
1F53D	emoji-fully-qualified	2	2	2	downwards button
23EC	emoji-fully-qualified	2	2	2	fast down button
23F8+FE0F	emoji-fully-qualified	2	2	1	pause button
23F8	emoji-unqualified	1	1	1	pause button
23F9+FE0F	emoji-fully-qualified	2	2	1	stop button
23F9	emoji-unqualified	1	1	1	stop button
23FA+FE0F	emoji-fully-qualified	2	2	1	record button
23FA	emoji-unqualified	1	1	1	record button
23CF+FE0F	emoji-fully-qualified	2	2	1	eject button
23CF	emoji-unqualified	1	1	1	eject button
1F3A6	emoji-fully-qualified	2	2	2	cinema
1F505	emoji-fully-qualified	2	2	2	dim button
1F506	emoji-fully-qualified	2	2	2	bright button
1F4F6	emoji-fully-qualified	2	2	2	antenna bars
1F6DC	emoji-fully-qualified	2	2	2	wireless
1F4F3	emoji-fully-qualified	2	2	2	vibration mode
1F4F4	emoji-fully-qualified	2	2	2	mobile phone off
2640+FE0F	emoji-fully-qualified	2	2	1	female sign
2640	emoji-unqualified	1	1	1	female sign
2642+FE0F	emoji-fully-qualified	2	2	1	male sign
2642	emoji-unqualified	1	1	1	male sign
26A7+FE0F	emoji-fully-qualified	2	2	1	transgender symbol
26A7	emoji-unqualified	1	1	1	transgender symbol
2716+FE0F	emoji-fully-qualified	2	2	1	multiply
2716	emoji-unqualified	1	1	1	multiply
2795	emoji-fully-qualified	2	2	2	plus
2796	emoji-fully-qualified	2	2	2	minus
2797	emoji-fully-qualified	2	2	2	divide
1F7F0	emoji-fully-qualified	2	2	2	heavy equals sign
267E+FE0F	emoji-fully-qualified	2	2	1	infinity
267E	emoji-unqualified	1	1	1	infinity
203C+FE0F	emoji-fully-qualified	2	2	1	double exclamation mark
203C	emoji-unqualified	1	1	1	double exclamation mark
2049+FE0F	emoji-fully-qualified	2	2	1	exclamation question mark
2049	emoji-unqualified	1	1	1	exclamation question mark
2753	emoji-fully-qualified	2	2	2	red question mark
2754	emoji-fully-qualified	2	2	2	white question mark
2755	emoji-fully-qualified	2	2	2	white exclamation mark
2757	emoji-fully-qualified	2	2	2	red exclamation mark
3030+FE0F	emoji-fully-qualified	2	2	2	wavy dash
3030	emoji-unqualified	2	2	2	wavy dash
1F4B1	emoji-fully-qualified	2	2	2	currency exchange
1F4B2	emoji-fully-qualified	2	2	2	heavy dollar sign
2695+FE0F	emoji-fully-qualified	2	2	1	medical symbol
2695	emoji-unqualified	1	1	1	medical symbol
267B+FE0F	emoji-fully-qualified	2	2	1	recycling symbol
267B	emoji-unqualified	1	1	1	recycling symbol
269C+FE0F	emoji-fully-qualified	2	2	1	fleur-de-lis
269C	emoji-unqualified	1	1	1	fleur-de-lis
1F531	emoji-fully-qualified	2	2	2	trident emblem
1F4DB	emoji-fully-qualified	2	2	2	name badge
1F530	emoji-fully-qualified	2	2	2	Japanese symbol for beginner
2B55	emoji-fully-qualified	2	2	2	hollow red circle
2611+FE0F	emoji-fully-qualified	2	2	1	check box with check
2611	emoji-unqualified	1	1	1	check box with check
2714+FE0F	emoji-fully-qualified	2	2	1	check mark
2714	emoji-unqualified	1	1	1	check mark
274C	emoji-fully-qualified	2	2	2	cross mark
274E	emoji-fully-qualified	2	2	2	cross mark button
27B0	emoji-fully-qualified	2	2	2	curly loop
27BF	emoji-fully-qualified	2	2	2	double curly loop
303D+FE0F	emoji-fully-qualified	2	2	2	part alternation mark
303D	emoji-unqualified	2	2	2	part alternation mark
2733+FE0F	emoji-fully-qualified	2	2	1	eight-spoked asterisk
2733	emoji-unqualified	1	1	1	eight-spoked asterisk
2734+FE0F	emoji-fully-qualified	2	2	1	eight-pointed star
2734	emoji-unqualified	1	1	1	eight-pointed star
2747+FE0F	emoji-fully-qualified	2	2	1	sparkle
2747	emoji-unqualified	1	1	1	sparkle
00A9+FE0F	emoji-fully-qualified	2	2	1	copyright
00A9	emoji-unqualified	1	1	1	copyright
00AE+FE0F	emoji-fully-qualified	2	2	1	registered
00AE	emoji-unqualified	1	1	1	registered
2122+FE0F	emoji-fully-qualified	2	2	1	trade mark
2122	emoji-unqualified	1	1	1	trade mark
1FADF	emoji-fully-qualified	2	2	2	splatter
0023+FE0F+20E3	emoji-fully-qualified	2	2	2	keycap: #
0023+20E3	emoji-unqualified	1	1	2	keycap: #
002A+FE0F+20E3	emoji-fully-qualified	2	2	2	keycap: *
002A+20E3	emoji-unqualified	1	1	2	keycap: *
0030+FE0F+20E3	emoji-fully-qualified	2	2	2	keycap: 0
0030+20E3	emoji-unqualified	1	1	2	keycap: 0
0032+FE0F+20E3	emoji-fully-qualified	2	2	2	keycap: 2
0032+20E3	emoji-unqualified	1	1	2	keycap: 2
0033+FE0F+20E3	emoji-fully-qualified	2	2	2	keycap: 3
0033+20E3	emoji-unqualified	1	1	2	keycap: 3
0034+FE0F+20E3	emoji-fully-qualified	2	2	2	keycap: 4
0034+20E3	emoji-unqualified	1	1	2	keycap: 4
0035+FE0F+20E3	emoji-fully-qualified	2	2	2	keycap: 5
0035+20E3	emoji-unqualified	1	1	2	keycap: 5
0036+FE0F+20E3	emoji-fully-qualified	2	2	2	keycap: 6
0036+20E3	emoji-unqualified	1	1	2	keycap: 6
0037+FE0F+20E3	emoji-fully-qualified	2	2	2	keycap: 7
0037+20E3	emoji-unqualified	1	1	2	keycap: 7
0038+FE0F+20E3	emoji-fully-qualified	2	2	2	keycap: 8
0038+20E3	emoji-unqualified	1	1	2	keycap: 8
0039+FE0F+20E3	emoji-fully-qualified	2	2	2	keycap: 9
0039+20E3	emoji-unqualified	1	1	2	keycap: 9
1F51F	emoji-fully-qualified	2	2	2	keycap: 10
1F520	emoji-fully-qualified	2	2	2	input latin uppercase
1F521	emoji-fully-qualified	2	2	2	input latin lowercase
1F522	emoji-fully-qualified	2	2	2	input numbers
1F523	emoji-fully-qualified	2	2	2	input symbols
1F524	emoji-fully-qualified	2	2	2	input latin letters
1F170+FE0F	emoji-fully-qualified	2	2	1	A button (blood type)
1F170	emoji-unqualified	1	1	1	A button (blood type)
1F18E	emoji-fully-qualified	2	2	2	AB button (blood type)
1F171+FE0F	emoji-fully-qualified	2	2	1	B button (blood type)
1F171	emoji-unqualified	1	1	1	B button (blood type)
1F191	emoji-fully-qualified	2	2	2	CL button
1F192	emoji-fully-qualified	2	2	2	COOL button
1F193	emoji-fully-qualified	2	2	2	FREE button
2139+FE0F	emoji-fully-qualified	2	2	1	information
2139	emoji-unqualified	1	1	1	information
1F194	emoji-fully-qualified	2	2	2	ID button
24C2+FE0F	emoji-fully-qualified	2	2	1	circled M
24C2	emoji-unqualified	1	1	1	circled M
1F195	emoji-fully-qualified	2	2	2	NEW button
1F196	emoji-fully-qualified	2	2	2	NG button
1F17E+FE0F	emoji-fully-qualified	2	2	1	O button (blood type)
1F17E	emoji-unqualified	1	1	1	O button (blood type)
1F197	emoji-fully-qualified	2	2	2	OK button
1F17F+FE0F	emoji-fully-qualified	2	2	1	P button
1F17F	emoji-unqualified	1	1	1	P button
1F198	emoji-fully-qualified	2	2	2	SOS button
1F199	emoji-fully-qualified	2	2	2	UP! button
1F19A	emoji-fully-qualified	2	2	2	VS button
1F201	emoji-fully-qualified	2	2	2	Japanese “here” button
1F202+FE0F	emoji-fully-qualified	2	2	2	Japanese “service charge” button
1F202	emoji-unqualified	2	2	2	Japanese “service charge” button
1F237+FE0F	emoji-fully-qualified	2	2	2	Japanese “monthly amount” button
1F237	emoji-unqualified	2	2	2	Japanese “monthly amount” button
1F236	emoji-fully-qualified	2	2	2	Japanese “not free of charge” button
1F22F	emoji-fully-qualified	2	2	2	Japanese “reserved” button
1F250	emoji-fully-qualified	2	2	2	Japanese “bargain” button
1F239	emoji-fully-qualified	2	2	2	Japanese “discount” button
1F21A	emoji-fully-qualified	2	2	2	Japanese “free of charge” button
1F232	emoji-fully-qualified	2	2	2	Japanese “prohibited” button
1F251	emoji-fully-qualified	2	2	2	Japanese “acceptable” button
1F238	emoji-fully-qualified	2	2	2	Japanese “application” button
1F234	emoji-fully-qualified	2	2	2	Japanese “passing grade” button
1F233	emoji-fully-qualified	2	2	2	Japanese “vacancy” button
3297+FE0F	emoji-fully-qualified	2	2	2	Japanese “congratulations” button
3297	emoji-unqualified	2	2	2	Japanese “congratulations” button
3299+FE0F	emoji-fully-qualified	2	2	2	Japanese “secret” button
3299	emoji-unqualified	2	2	2	Japanese “secret” button
1F23A	emoji-fully-qualified	2	2	2	Japanese “open for business” button
1F235	emoji-fully-qualified	2	2	2	Japanese “no vacancy” button
1F534	emoji-fully-qualified	2	2	2	red circle
1F7E0	emoji-fully-qualified	2	2	2	orange circle
1F7E1	emoji-fully-qualified	2	2	2	yellow circle
1F7E2	emoji-fully-qualified	2	2	2	green circle
1F535	emoji-fully-qualified	2	2	2	blue circle
1F7E3	emoji-fully-qualified	2	2	2	purple circle
1F7E4	emoji-fully-qualified	2	2	2	brown circle
26AB	emoji-fully-qualified	2	2	2	black circle
26AA	emoji-fully-qualified	2	2	2	white circle
1F7E5	emoji-fully-qualified	2	2	2	red square
1F7E7	emoji-fully-qualified	2	2	2	orange square
1F7E8	emoji-fully-qualified	2	2	2	yellow square
1F7E9	emoji-fully-qualified	2	2	2	green square
1F7E6	emoji-fully-qualified	2	2	2	blue square
1F7EA	emoji-fully-qualified	2	2	2	purple square
1F7EB	emoji-fully-qualified	2	2	2	brown square
2B1B	emoji-fully-qualified	2	2	2	black large square
2B1C	emoji-fully-qualified	2	2	2	white large square
25FC+FE0F	emoji-fully-qualified	2	2	1	black medium square
25FC	emoji-unqualified	1	1	1	black medium square
25FB+FE0F	emoji-fully-qualified	2	2	1	white medium square
25FB	emoji-unqualified	1	1	1	white medium square
25FE	emoji-fully-qualified	2	2	2	black medium-small square
25FD	emoji-fully-qualified	2	2	2	white medium-small square
25AA+FE0F	emoji-fully-qualified	2	2	1	black small square
25AA	emoji-unqualified	1	1	1	black small square
25AB+FE0F	emoji-fully-qualified	2	2	1	white small square
25AB	emoji-unqualified	1	1	1	white small square
1F536	emoji-fully-qualified	2	2	2	large orange diamond
1F537	emoji-fully-qualified	2	2	2	large blue diamond
1F538	emoji-fully-qualified	2	2	2	small orange diamond
1F539	emoji-fully-qualified	2	2	2	small blue diamond
1F53A	emoji-fully-qualified	2	2	2	red triangle pointed up
1F53B	emoji-fully-qualified	2	2	2	red triangle pointed down
1F4A0	emoji-fully-qualified	2	2	2	diamond with a dot
1F518	emoji-fully-qualified	2	2	2	radio button
1F533	emoji-fully-qualified	2	2	2	white square button
1F532	emoji-fully-qualified	2	2	2	black square button
1F3C1	emoji-fully-qualified	2	2	2	chequered flag
1F6A9	emoji-fully-qualified	2	2	2	triangular flag
1F38C	emoji-fully-qualified	2	2	2	crossed flags
1F3F4	emoji-fully-qualified	2	2	2	black flag
1F3F3+200D+1F308	emoji-unqualified	1	1	4	rainbow flag
1F3F3+200D+26A7+FE0F	emoji-unqualified	2	2	3	transgender flag
1F3F3+FE0F+200D+26A7	emoji-minimally-qualified	2	2	3	transgender flag
1F3F3+200D+26A7	emoji-unqualified	1	1	3	transgender flag
1F3F4+200D+2620+FE0F	emoji-fully-qualified	2	2	4	pirate flag
1F3F4+200D+2620	emoji-minimally-qualified	2	2	4	pirate flag
1F1E6+1F1E8	emoji-fully-qualified	2	2	2	flag: Ascension Island
1F1E6+1F1E9	emoji-fully-qualified	2	2	2	flag: Andorra
1F1E6+1F1EA	emoji-fully-qualified	2	2	2	flag: United Arab Emirates
1F1E6+1F1EB	emoji-fully-qualified	2	2	2	flag: Afghanistan
1F1E6+1F1EC	emoji-fully-qualified	2	2	2	flag: Antigua & Barbuda
1F1E6+1F1EE	emoji-fully-qualified	2	2	2	flag: Anguilla
1F1E6+1F1F1	emoji-fully-qualified	2	2	2	flag: Albania
1F1E6+1F1F2	emoji-fully-qualified	2	2	2	flag: Armenia
1F1E6+1F1F4	emoji-fully-qualified	2	2	2	flag: Angola
1F1E6+1F1F6	emoji-fully-qualified	2	2	2	flag: Antarctica
1F1E6+1F1F7	emoji-fully-qualified	2	2	2	flag: Argentina
1F1E6+1F1F8	emoji-fully-qualified	2	2	2	flag: American Samoa
1F1E6+1F1F9	emoji-fully-qualified	2	2	2	flag: Austria
1F1E6+1F1FA	emoji-fully-qualified	2	2	2	flag: Australia
1F1E6+1F1FC	emoji-fully-qualified	2	2	2	flag: Aruba
1F1E6+1F1FD	emoji-fully-qualified	2	2	2	flag: Åland Islands
1F1E6+1F1FF	emoji-fully-qualified	2	2	2	flag: Azerbaijan
1F1E7+1F1E6	emoji-fully-qualified	2	2	2	flag: Bosnia & Herzegovina
1F1E7+1F1E7	emoji-fully-qualified	2	2	2	flag: Barbados
1F1E7+1F1E9	emoji-fully-qualified	2	2	2	flag: Bangladesh
1F1E7+1F1EA	emoji-fully-qualified	2	2	2	flag: Belgium
1F1E7+1F1EB	emoji-fully-qualified	2	2	2	flag: Burkina Faso
1F1E7+1F1EC	emoji-fully-qualified	2	2	2	flag: Bulgaria
1F1E7+1F1ED	emoji-fully-qualified	2	2	2	flag: Bahrain
1F1E7+1F1EE	emoji-fully-qualified	2	2	2	flag: Burundi
1F1E7+1F1EF	emoji-fully-qualified	2	2	2	flag: Benin
1F1E7+1F1F1	emoji-fully-qualified	2	2	2	flag: St. Barthélemy
1F1E7+1F1F2	emoji-fully-qualified	2	2	2	flag: Bermuda
1F1E7+1F1F3	emoji-fully-qualified	2	2	2	flag: Brunei
1F1E7+1F1F4	emoji-fully-qualified	2	2	2	flag: Bolivia
1F1E7+1F1F6	emoji-fully-qualified	2	2	2	flag: Caribbean Netherlands
1F1E7+1F1F7	emoji-fully-qualified	2	2	2	flag: Brazil
1F1E7+1F1F8	emoji-fully-qualified	2	2	2	flag: Bahamas
1F1E7+1F1F9	emoji-fully-qualified	2	2	2	flag: Bhutan
1F1E7+1F1FB	emoji-fully-qualified	2	2	2	flag: Bouvet Island
1F1E7+1F1FC	emoji-fully-qualified	2	2	2	flag: Botswana
1F1E7+1F1FE	emoji-fully-qualified	2	2	2	flag: Belarus
1F1E7+1F1FF	emoji-fully-qualified	2	2	2	flag: Belize
1F1E8+1F1E6	emoji-fully-qualified	2	2	2	flag: Canada
1F1E8+1F1E8	emoji-fully-qualified	2	2	2	flag: Cocos (Keeling) Islands
1F1E8+1F1E9	emoji-fully-qualified	2	2	2	flag: Congo - Kinshasa
1F1E8+1F1EB	emoji-fully-qualified	2	2	2	flag: Central African Republic
1F1E8+1F1EC	emoji-fully-qualified	2	2	2	flag: Congo - Brazzaville
1F1E8+1F1ED	emoji-fully-qualified	2	2	2	flag: Switzerland
1F1E8+1F1EE	emoji-fully-qualified	2	2	2	flag: Côte d’Ivoire
1F1E8+1F1F0	emoji-fully-qualified	2	2	2	flag: Cook Islands
1F1E8+1F1F1	emoji-fully-qualified	2	2	2	flag: Chile
1F1E8+1F1F2	emoji-fully-qualified	2	2	2	flag: Cameroon
1F1E8+1F1F3	emoji-fully-qualified	2	2	2	flag: China
1F1E8+1F1F4	emoji-fully-qualified	2	2	2	flag: Colombia
1F1E8+1F1F5	emoji-fully-qualified	2	2	2	flag: Clipperton Island
1F1E8+1F1F6	emoji-fully-qualified	2	2	2	flag: Sark
1F1E8+1F1F7	emoji-fully-qualified	2	2	2	flag: Costa Rica
1F1E8+1F1FA	emoji-fully-qualified	2	2	2	flag: Cuba
1F1E8+1F1FB	emoji-fully-qualified	2	2	2	flag: Cape Verde
1F1E8+1F1FC	emoji-fully-qualified	2	2	2	flag: Curaçao
1F1E8+1F1FD	emoji-fully-qualified	2	2	2	flag: Christmas Island
1F1E8+1F1FE	emoji-fully-qualified	2	2	2	flag: Cyprus
1F1E8+1F1FF	emoji-fully-qualified	2	2	2	flag: Czechia
1F1E9+1F1EA	emoji-fully-qualified	2	2	2	flag: Germany
1F1E9+1F1EC	emoji-fully-qualified	2	2	2	flag: Diego Garcia
1F1E9+1F1EF	emoji-fully-qualified	2	2	2	flag: Djibouti
1F1E9+1F1F0	emoji-fully-qualified	2	2	2	flag: Denmark
1F1E9+1F1F2	emoji-fully-qualified	2	2	2	flag: Dominica
1F1E9+1F1F4	emoji-fully-qualified	2	2	2	flag: Dominican Republic
1F1E9+1F1FF	emoji-fully-qualified	2	2	2	flag: Algeria
1F1EA+1F1E6	emoji-fully-qualified	2	2	2	flag: Ceuta & Melilla
1F1EA+1F1E8	emoji-fully-qualified	2	2	2	flag: Ecuador
1F1EA+1F1EA	emoji-fully-qualified	2	2	2	flag: Estonia
1F1EA+1F1EC	emoji-fully-qualified	2	2	2	flag: Egypt
1F1EA+1F1ED	emoji-fully-qualified	2	2	2	flag: Western Sahara
1F1EA+1F1F7	emoji-fully-qualified	2	2	2	flag: Eritrea
1F1EA+1F1F8	emoji-fully-qualified	2	2	2	flag: Spain
1F1EA+1F1F9	emoji-fully-qualified	2	2	2	flag: Ethiopia
1F1EA+1F1FA	emoji-fully-qualified	2	2	2	flag: European Union
1F1EB+1F1EE	emoji-fully-qualified	2	2	2	flag: Finland
1F1EB+1F1EF	emoji-fully-qualified	2	2	2	flag: Fiji
1F1EB+1F1F0	emoji-fully-qualified	2	2	2	flag: Falkland Islands
1F1EB+1F1F2	emoji-fully-qualified	2	2	2	flag: Micronesia
1F1EB+1F1F4	emoji-fully-qualified	2	2	2	flag: Faroe Islands
1F1EB+1F1F7	emoji-fully-qualified	2	2	2	flag: France
1F1EC+1F1E6	emoji-fully-qualified	2	2	2	flag: Gabon
1F1EC+1F1E7	emoji-fully-qualified	2	2	2	flag: United Kingdom
1F1EC+1F1E9	emoji-fully-qualified	2	2	2	flag: Grenada
1F1EC+1F1EA	emoji-fully-qualified	2	2	2	flag: Georgia
1F1EC+1F1EB	emoji-fully-qualified	2	2	2	flag: French Guiana
1F1EC+1F1EC	emoji-fully-qualified	2	2	2	flag: Guernsey
1F1EC+1F1ED	emoji-fully-qualified	2	2	2	flag: Ghana
1F1EC+1F1EE	emoji-fully-qualified	2	2	2	flag: Gibraltar
1F1EC+1F1F1	emoji-fully-qualified	2	2	2	flag: Greenland
1F1EC+1F1F2	emoji-fully-qualified	2	2	2	flag: Gambia
1F1EC+1F1F3	emoji-fully-qualified	2	2	2	flag: Guinea
1F1EC+1F1F5	emoji-fully-qualified	2	2	2	flag: Guadeloupe
1F1EC+1F1F6	emoji-fully-qualified	2	2	2	flag: Equatorial Guinea
1F1EC+1F1F7	emoji-fully-qualified	2	2	2	flag: Greece
1F1EC+1F1F8	emoji-fully-qualified	2	2	2	flag: South Georgia & South Sandwich Islands
1F1EC+1F1F9	emoji-fully-qualified	2	2	2	flag: Guatemala
1F1EC+1F1FA	emoji-fully-qualified	2	2	2	flag: Guam
1F1EC+1F1FC	emoji-fully-qualified	2	2	2	flag: Guinea-Bissau
1F1EC+1F1FE	emoji-fully-qualified	2	2	2	flag: Guyana
1F1ED+1F1F0	emoji-fully-qualified	2	2	2	flag: Hong Kong SAR China
1F1ED+1F1F2	emoji-fully-qualified	2	2	2	flag: Heard & McDonald Islands
1F1ED+1F1F3	emoji-fully-qualified	2	2	2	flag: Honduras
1F1ED+1F1F7	emoji-fully-qualified	2	2	2	flag: Croatia
1F1ED+1F1F9	emoji-fully-qualified	2	2	2	flag: Haiti
1F1ED+1F1FA	emoji-fully-qualified	2	2	2	flag: Hungary
1F1EE+1F1E8	emoji-fully-qualified	2	2	2	flag: Canary Islands
1F1EE+1F1E9	emoji-fully-qualified	2	2	2	flag: Indonesia
1F1EE+1F1EA	emoji-fully-qualified	2	2	2	flag: Ireland
1F1EE+1F1F1	emoji-fully-qualified	2	2	2	flag: Israel
1F1EE+1F1F2	emoji-fully-qualified	2	2	2	flag: Isle of Man
1F1EE+1F1F3	emoji-fully-qualified	2	2	2	flag: India
1F1EE+1F1F4	emoji-fully-qualified	2	2	2	flag: British Indian Ocean Territory
1F1EE+1F1F6	emoji-fully-qualified	2	2	2	flag: Iraq
1F1EE+1F1F7	emoji-fully-qualified	2	2	2	flag: Iran
1F1EE+1F1F8	emoji-fully-qualified	2	2	2	flag: Iceland
1F1EE+1F1F9	emoji-fully-qualified	2	2	2	flag: Italy
1F1EF+1F1EA	emoji-fully-qualified	2	2	2	flag: Jersey
1F1EF+1F1F2	emoji-fully-qualified	2	2	2	flag: Jamaica
1F1EF+1F1F4	emoji-fully-qualified	2	2	2	flag: Jordan
1F1EF+1F1F5	emoji-fully-qualified	2	2	2	flag: Japan
1F1F0+1F1EA	emoji-fully-qualified	2	2	2	flag: Kenya
1F1F0+1F1EC	emoji-fully-qualified	2	2	2	flag: Kyrgyzstan
1F1F0+1F1ED	emoji-fully-qualified	2	2	2	flag: Cambodia
1F1F0+1F1EE	emoji-fully-qualified	2	2	2	flag: Kiribati
1F1F0+1F1F2	emoji-fully-qualified	2	2	2	flag: Comoros
1F1F0+1F1F3	emoji-fully-qualified	2	2	2	flag: St. Kitts & Nevis
1F1F0+1F1F5	emoji-fully-qualified	2	2	2	flag: North Korea
1F1F0+1F1F7	emoji-fully-qualified	2	2	2	flag: South Korea
1F1F0+1F1FC	emoji-fully-qualified	2	2	2	flag: Kuwait
1F1F0+1F1FE	emoji-fully-qualified	2	2	2	flag: Cayman Islands
1F1F0+1F1FF	emoji-fully-qualified	2	2	2	flag: Kazakhstan
1F1F1+1F1E6	emoji-fully-qualified	2	2	2	flag: Laos
1F1F1+1F1E7	emoji-fully-qualified	2	2	2	flag: Lebanon
1F1F1+1F1E8	emoji-fully-qualified	2	2	2	flag: St. Lucia
1F1F1+1F1EE	emoji-fully-qualified	2	2	2	flag: Liechtenstein
1F1F1+1F1F0	emoji-fully-qualified	2	2	2	flag: Sri Lanka
1F1F1+1F1F7	emoji-fully-qualified	2	2	2	flag: Liberia
1F1F1+1F1F8	emoji-fully-qualified	2	2	2	flag: Lesotho
1F1F1+1F1F9	emoji-fully-qualified	2	2	2	flag: Lithuania
1F1F1+1F1FA	emoji-fully-qualified	2	2	2	flag: Luxembourg
1F1F1+1F1FB	emoji-fully-qualified	2	2	2	flag: Latvia
1F1F1+1F1FE	emoji-fully-qualified	2	2	2	flag: Libya
1F1F2+1F1E6	emoji-fully-qualified	2	2	2	flag: Morocco
1F1F2+1F1E8	emoji-fully-qualified	2	2	2	flag: Monaco
1F1F2+1F1E9	emoji-fully-qualified	2	2	2	flag: Moldova
1F1F2+1F1EA	emoji-fully-qualified	2	2	2	flag: Montenegro
1F1F2+1F1EB	emoji-fully-qualified	2	2	2	flag: St. Martin
1F1F2+1F1EC	emoji-fully-qualified	2	2	2	flag: Madagascar
1F1F2+1F1ED	emoji-fully-qualified	2	2	2	flag: Marshall Islands
1F1F2+1F1F0	emoji-fully-qualified	2	2	2	flag: North Macedonia
1F1F2+1F1F1	emoji-fully-qualified	2	2	2	flag: Mali
1F1F2+1F1F2	emoji-fully-qualified	2	2	2	flag: Myanmar (Burma)
1F1F2+1F1F3	emoji-fully-qualified	2	2	2	flag: Mongolia
1F1F2+1F1F4	emoji-fully-qualified	2	2	2	flag: Macao SAR China
1F1F2+1F1F5	emoji-fully-qualified	2	2	2	flag: Northern Mariana Islands
1F1F2+1F1F6	emoji-fully-qualified	2	2	2	flag: Martinique
1F1F2+1F1F7	emoji-fully-qualified	2	2	2	flag: Mauritania
1F1F2+1F1F8	emoji-fully-qualified	2	2	2	flag: Montserrat
1F1F2+1F1F9	emoji-fully-qualified	2	2	2	flag: Malta
1F1F2+1F1FA	emoji-fully-qualified	2	2	2	flag: Mauritius
1F1F2+1F1FB	emoji-fully-qualified	2	2	2	flag: Maldives
1F1F2+1F1FC	emoji-fully-qualified	2	2	2	flag: Malawi
1F1F2+1F1FD	emoji-fully-qualified	2	2	2	flag: Mexico
1F1F2+1F1FE	emoji-fully-qualified	2	2	2	flag: Malaysia
1F1F2+1F1FF	emoji-fully-qualified	2	2	2	flag: Mozambique
1F1F3+1F1E6	emoji-fully-qualified	2	2	2	flag: Namibia
1F1F3+1F1E8	emoji-fully-qualified	2	2	2	flag: New Caledonia
1F1F3+1F1EA	emoji-fully-qualified	2	2	2	flag: Niger
1F1F3+1F1EB	emoji-fully-qualified	2	2	2	flag: Norfolk Island
1F1F3+1F1EC	emoji-fully-qualified	2	2	2	flag: Nigeria
1F1F3+1F1EE	emoji-fully-qualified	2	2	2	flag: Nicaragua
1F1F3+1F1F1	emoji-fully-qualified	2	2	2	flag: Netherlands
1F1F3+1F1F4	emoji-fully-qualified	2	2	2	flag: Norway
1F1F3+1F1F5	emoji-fully-qualified	2	2	2	flag: Nepal
1F1F3+1F1F7	emoji-fully-qualified	2	2	2	flag: Nauru
1F1F3+1F1FA	emoji-fully-qualified	2	2	2	flag: Niue
1F1F3+1F1FF	emoji-fully-qualified	2	2	2	flag: New Zealand
1F1F4+1F1F2	emoji-fully-qualified	2	2	2	flag: Oman
1F1F5+1F1E6	emoji-fully-qualified	2	2	2	flag: Panama
1F1F5+1F1EA	emoji-fully-qualified	2	2	2	flag: Peru
1F1F5+1F1EB	emoji-fully-qualified	2	2	2	flag: French Polynesia
1F1F5+1F1EC	emoji-fully-qualified	2	2	2	flag: Papua New Guinea
1F1F5+1F1ED	emoji-fully-qualified	2	2	2	flag: Philippines
1F1F5+1F1F0	emoji-fully-qualified	2	2	2	flag: Pakistan
1F1F5+1F1F1	emoji-fully-qualified	2	2	2	flag: Poland
1F1F5+1F1F2	emoji-fully-qualified	2	2	2	flag: St. Pierre & Miquelon
1F1F5+1F1F3	emoji-fully-qualified	2	2	2	flag: Pitcairn Islands
1F1F5+1F1F7	emoji-fully-qualified	2	2	2	flag: Puerto Rico
1F1F5+1F1F8	emoji-fully-qualified	2	2	2	flag: Palestinian Territories
1F1F5+1F1F9	emoji-fully-qualified	2	2	2	flag: Portugal
1F1F5+1F1FC	emoji-fully-qualified	2	2	2	flag: Palau
1F1F5+1F1FE	emoji-fully-qualified	2	2	2	flag: Paraguay
1F1F6+1F1E6	emoji-fully-qualified	2	2	2	flag: Qatar
1F1F7+1F1EA	emoji-fully-qualified	2	2	2	flag: Réunion
1F1F7+1F1F4	emoji-fully-qualified	2	2	2	flag: Romania
1F1F7+1F1F8	emoji-fully-qualified	2	2	2	flag: Serbia
1F1F7+1F1FA	emoji-fully-qualified	2	2	2	flag: Russia
1F1F7+1F1FC	emoji-fully-qualified	2	2	2	flag: Rwanda
1F1F8+1F1E6	emoji-fully-qualified	2	2	2	flag: Saudi Arabia
1F1F8+1F1E7	emoji-fully-qualified	2	2	2	flag: Solomon Islands
1F1F8+1F1E8	emoji-fully-qualified	2	2	2	flag: Seychelles
1F1F8+1F1E9	emoji-fully-qualified	2	2	2	flag: Sudan
1F1F8+1F1EA	emoji-fully-qualified	2	2	2	flag: Sweden
1F1F8+1F1EC	emoji-fully-qualified	2	2	2	flag: Singapore
1F1F8+1F1ED	emoji-fully-qualified	2	2	2	flag: St. Helena
1F1F8+1F1EE	emoji-fully-qualified	2	2	2	flag: Slovenia
1F1F8+1F1EF	emoji-fully-qualified	2	2	2	flag: Svalbard & Jan Mayen
1F1F8+1F1F0	emoji-fully-qualified	2	2	2	flag: Slovakia
1F1F8+1F1F1	emoji-fully-qualified	2	2	2	flag: Sierra Leone
1F1F8+1F1F2	emoji-fully-qualified	2	2	2	flag: San Marino
1F1F8+1F1F3	emoji-fully-qualified	2	2	2	flag: Senegal
1F1F8+1F1F4	emoji-fully-qualified	2	2	2	flag: Somalia
1F1F8+1F1F7	emoji-fully-qualified	2	2	2	flag: Suriname
1F1F8+1F1F8	emoji-fully-qualified	2	2	2	flag: South Sudan
1F1F8+1F1F9	emoji-fully-qualified	2	2	2	flag: São Tomé & Príncipe
1F1F8+1F1FB	emoji-fully-qualified	2	2	2	flag: El Salvador
1F1F8+1F1FD	emoji-fully-qualified	2	2	2	flag: Sint Maarten
1F1F8+1F1FE	emoji-fully-qualified	2	2	2	flag: Syria
1F1F8+1F1FF	emoji-fully-qualified	2	2	2	flag: Eswatini
1F1F9+1F1E6	emoji-fully-qualified	2	2	2	flag: Tristan da Cunha
1F1F9+1F1E8	emoji-fully-qualified	2	2	2	flag: Turks & Caicos Islands
1F1F9+1F1E9	emoji-fully-qualified	2	2	2	flag: Chad
1F1F9+1F1EB	emoji-fully-qualified	2	2	2	flag: French Southern Territories
1F1F9+1F1EC	emoji-fully-qualified	2	2	2	flag: Togo
1F1F9+1F1ED	emoji-fully-qualified	2	2	2	flag: Thailand
1F1F9+1F1EF	emoji-fully-qualified	2	2	2	flag: Tajikistan
1F1F9+1F1F0	emoji-fully-qualified	2	2	2	flag: Tokelau
1F1F9+1F1F1	emoji-fully-qualified	2	2	2	flag: Timor-Leste
1F1F9+1F1F2	emoji-fully-qualified	2	2	2	flag: Turkmenistan
1F1F9+1F1F3	emoji-fully-qualified	2	2	2	flag: Tunisia
1F1F9+1F1F4	emoji-fully-qualified	2	2	2	flag: Tonga
1F1F9+1F1F7	emoji-fully-qualified	2	2	2	flag: Türkiye
1F1F9+1F1F9	emoji-fully-qualified	2	2	2	flag: Trinidad & Tobago
1F1F9+1F1FB	emoji-fully-qualified	2	2	2	flag: Tuvalu
1F1F9+1F1FC	emoji-fully-qualified	2	2	2	flag: Taiwan
1F1F9+1F1FF	emoji-fully-qualified	2	2	2	flag: Tanzania
1F1FA+1F1E6	emoji-fully-qualified	2	2	2	flag: Ukraine
1F1FA+1F1EC	emoji-fully-qualified	2	2	2	flag: Uganda
1F1FA+1F1F2	emoji-fully-qualified	2	2	2	flag: U.S. Outlying Islands
1F1FA+1F1F3	emoji-fully-qualified	2	2	2	flag: United Nations
1F1FA+1F1FE	emoji-fully-qualified	2	2	2	flag: Uruguay
1F1FA+1F1FF	emoji-fully-qualified	2	2	2	flag: Uzbekistan
1F1FB+1F1E6	emoji-fully-qualified	2	2	2	flag: Vatican City
1F1FB+1F1E8	emoji-fully-qualified	2	2	2	flag: St. Vincent & Grenadines
1F1FB+1F1EA	emoji-fully-qualified	2	2	2	flag: Venezuela
1F1FB+1F1EC	emoji-fully-qualified	2	2	2	flag: British Virgin Islands
1F1FB+1F1EE	emoji-fully-qualified	2	2	2	flag: U.S. Virgin Islands
1F1FB+1F1F3	emoji-fully-qualified	2	2	2	flag: Vietnam
1F1FB+1F1FA	emoji-fully-qualified	2	2	2	flag: Vanuatu
1F1FC+1F1EB	emoji-fully-qualified	2	2	2	flag: Wallis & Futuna
1F1FC+1F1F8	emoji-fully-qualified	2	2	2	flag: Samoa
1F1FD+1F1F0	emoji-fully-qualified	2	2	2	flag: Kosovo
1F1FE+1F1EA	emoji-fully-qualified	2	2	2	flag: Yemen
1F1FE+1F1F9	emoji-fully-qualified	2	2	2	flag: Mayotte
1F1FF+1F1E6	emoji-fully-qualified	2	2	2	flag: South Africa
1F1FF+1F1F2	emoji-fully-qualified	2	2	2	flag: Zambia
1F1FF+1F1FC	emoji-fully-qualified	2	2	2	flag: Zimbabwe
1F3F4+E0067+E0062+E0065+E006E+E0067+E007F	emoji-fully-qualified	2	2	8	flag: England
1F3F4+E0067+E0062+E0077+E006C+E0073+E007F	emoji-fully-qualified	2	2	8	flag: Wales
0020	property	1	1	1	1/Other/None/false/false/false/Zs
0021	property	1	1	1	1/Other/None/false/false/false/Po
0023	property	1	1	1	1/Other/None/false/false/true/Po
0024	property	1	1	1	1/Other/None/false/false/false/Sc
0028	property	1	1	1	1/Other/None/false/false/false/Ps
0029	property	1	1	1	1/Other/None/false/false/false/Pe
002B	property	1	1	1	1/Other/None/false/false/false/Sm
002D	property	1	1	1	1/Other/None/false/false/false/Pd
0030	property	1	1	1	1/Other/None/false/false/true/Nd
0041	property	1	1	1	1/Other/None/false/false/false/Lu
005E	property	1	1	1	1/Other/None/false/false/false/Sk
005F	property	1	1	1	1/Other/None/false/false/false/Pc
00A1	property	1	1	1	1/Other/None/true/false/false/Po
00A4	property	1	1	1	1/Other/None/true/false/false/Sc
00A6	property	1	1	1	1/Other/None/false/false/false/So
00A8	property	1	1	1	1/Other/None/true/false/false/Sk
00AA	property	1	1	1	1/Other/None/true/false/false/Lo
00AB	property	1	1	1	1/Other/None/false/false/false/Pi
00AD	property	0	0	0	0/Control/None/true/false/false/Cf
00B0	property	1	1	1	1/Other/None/true/false/false/So
00B1	property	1	1	1	1/Other/None/true/false/false/Sm
00B2	property	1	1	1	1/Other/None/true/false/false/No
00BB	property	1	1	1	1/Other/None/false/false/false/Pf
00C6	property	1	1	1	1/Other/None/true/false/false/Lu
00DF	property	1	1	1	1/Other/None/true/false/false/Ll
01BB	property	1	1	1	1/Other/None/false/false/false/Lo
01C5	property	1	1	1	1/Other/None/false/false/false/Lt
02B0	property	1	1	1	1/Other/None/false/false/false/Lm
02C7	property	1	1	1	1/Other/None/true/false/false/Lm
0300	property	0	0	0	0/Extend/Extend/true/false/false/Mn
0483	property	0	0	0	0/Extend/Extend/false/false/false/Mn
0488	property	0	0	1	0/Extend/Extend/false/false/false/Me
0600	property	0	0	0	0/Prepend/None/false/false/false/Cf
061C	property	0	0	0	0/Control/None/false/false/false/Cf
0660	property	1	1	1	1/Other/None/false/false/false/Nd
0903	property	0	1	1	1/SpacingMark/None/false/false/false/Mc
0915	property	1	1	1	1/Other/Consonant/false/false/false/Lo
094D	property	0	0	0	0/Extend/Linker/false/false/false/Mn
09BE	property	0	1	1	1/Extend/Extend/false/false/false/Mc
09F4	property	1	1	1	1/Other/None/false/false/false/No
0D4E	property	1	1	1	1/Prepend/None/false/false/false/Lo
0E33	property	1	1	1	1/SpacingMark/None/false/false/false/Lo
102B	property	0	1	1	1/Other/None/false/false/false/Mc
1100	property	2	2	2	2/HangulL/None/false/false/false/Lo
115F	property	2	0	0	0/HangulL/None/false/false/false/Lo
1160	property	0	0	0	0/HangulV/None/false/false/false/Lo
1161	property	1	1	0	1/HangulV/None/false/false/false/Lo
11A8	property	1	1	0	1/HangulT/None/false/false/false/Lo
16EE	property	1	1	1	1/Other/None/false/false/false/Nl
200C	property	0	0	0	0/Extend/None/false/false/false/Cf
2010	property	1	1	1	1/Other/None/true/false/false/Pd
2018	property	1	1	1	1/Other/None/true/false/false/Pi
2019	property	1	1	1	1/Other/None/true/false/false/Pf
2028	property	1	1	1	1/Control/None/false/false/false/Zl
2029	property	1	1	1	1/Control/None/false/false/false/Zp
2160	property	1	1	1	1/Other/None/true/false/false/Nl
2329	property	2	2	2	2/Other/None/false/false/false/Ps
232A	property	2	2	2	2/Other/None/false/false/false/Pe
2388	property	1	1	1	1/Other/None/false/true/false/So
2605	property	1	1	1	1/Other/None/true/true/false/So
2630	property	2	2	2	2/Other/None/false/true/false/So
266F	property	1	1	1	1/Other/None/true/true/false/Sm
268A	property	2	2	2	2/Other/None/false/false/false/So
3000	property	2	2	2	2/Other/None/false/false/false/Zs
3001	property	2	2	2	2/Other/None/false/false/false/Po
3005	property	2	2	2	2/Other/None/false/false/false/Lm
3006	property	2	2	2	2/Other/None/false/false/false/Lo
3007	property	2	2	2	2/Other/None/false/false/false/Nl
301C	property	2	2	2	2/Other/None/false/false/false/Pd
302E	property	2	2	2	2/Extend/Extend/false/false/false/Mc
309B	property	2	2	2	2/Other/None/false/false/false/Sk
3164	property	2	0	0	0/Other/None/false/false/false/Lo
3192	property	2	2	2	2/Other/None/false/false/false/No
AC00	property	2	2	2	2/HangulLV/None/false/false/false/Lo
D7A3	property	2	2	2	2/HangulLVT/None/false/false/false/Lo
FE33	property	2	2	2	2/Other/None/false/false/false/Pc
FE62	property	2	2	2	2/Other/None/false/false/false/Sm
FE69	property	2	2	2	2/Other/None/false/false/false/Sc
FF10	property	2	2	2	2/Other/None/false/false/false/Nd
FF41	property	2	2	2	2/Other/None/false/false/false/Ll
FF9E	property	1	1	1	1/Extend/Extend/false/false/false/Lm
1F1E6	property	2	2	1	2/RegionalIndicator/None/false/false/true/So
E0020	property	0	0	1	0/Extend/Extend/false/false/false/Cf
0915+094D+0916	conjunct	1	2	2	devanagari
0915+094D+0916+094D+0915	conjunct	1	2	3	devanagari, two linkers
0915+094D	conjunct	1	1	1	devanagari, dangling linker
0995+09CD+0996	conjunct	1	2	2	bengali
0995+09CD+0996+09CD+0995	conjunct	1	2	3	bengali, two linkers
0995+09CD	conjunct	1	1	1	bengali, dangling linker
0A15+0A4D+0A16	conjunct	2	2	2	gurmukhi
0A15+0A4D+0A16+0A4D+0A15	conjunct	3	3	3	gurmukhi, two linkers
0A15+0A4D	conjunct	1	1	1	gurmukhi, dangling linker
0A95+0ACD+0A96	conjunct	1	2	2	gujarati
0A95+0ACD+0A96+0ACD+0A95	conjunct	1	2	3	gujarati, two linkers
0A95+0ACD	conjunct	1	1	1	gujarati, dangling linker
0B15+0B4D+0B16	conjunct	1	2	2	oriya
0B15+0B4D+0B16+0B4D+0B15	conjunct	1	2	3	oriya, two linkers
0B15+0B4D	conjunct	1	1	1	oriya, dangling linker
0B95+0BCD+0B96	conjunct	2	2	2	tamil
0B95+0BCD+0B96+0BCD+0B95	conjunct	3	3	3	tamil, two linkers
0B95+0BCD	conjunct	1	1	1	tamil, dangling linker
0C15+0C4D+0C16	conjunct	1	2	2	telugu
0C15+0C4D+0C16+0C4D+0C15	conjunct	1	2	3	telugu, two linkers
0C15+0C4D	conjunct	1	1	1	telugu, dangling linker
0C95+0CCD+0C96	conjunct	2	2	2	kannada
0C95+0CCD+0C96+0CCD+0C95	conjunct	3	3	3	kannada, two linkers
0C95+0CCD	conjunct	1	1	1	kannada, dangling linker
0D15+0D4D+0D16	conjunct	1	2	2	malayalam
0D15+0D4D+0D16+0D4D+0D15	conjunct	1	2	3	malayalam, two linkers
0D15+0D4D	conjunct	1	1	1	malayalam, dangling linker
0D9A+0DCA+0D9B	conjunct	2	2	2	sinhala
0D9A+0DCA+0D9B+0DCA+0D9A	conjunct	3	3	3	sinhala, two linkers
0D9A+0DCA	conjunct	1	1	1	sinhala, dangling linker
1780+17D2+1781	conjunct	1	2	2	khmer
1780+17D2+1781+17D2+1780	conjunct	1	3	3	khmer, two linkers
1780+17D2	conjunct	1	1	1	khmer, dangling linker
1000+1039+1001	conjunct	1	2	2	myanmar
1000+1039+1001+1039+1000	conjunct	1	3	3	myanmar, two linkers
1000+1039	conjunct	1	1	1	myanmar, dangling linker
1100+1100+1161	jamo	2	2	4	two leads
1100+1161+1161	jamo	2	2	2	two vowels
1100+1161+11A8+11A8	jamo	2	2	2	two tails
AC01	jamo	2	2	2	precomposed with a tail
AC00+11A8	jamo	2	2	2	precomposed plus a tail
1161+11A8	jamo	1	1	0	vowel and tail, no lead
1F1E6+1F1E7	regional	2	2	2	2 indicators
1F1E6+1F1E7+1F1E8	regional	4	4	3	3 indicators
1F1E6+1F1E7+1F1E8+1F1E9	regional	4	4	4	4 indicators
1F1E6+1F1E7+1F1E8+1F1E9+1F1EA	regional	6	6	5	5 indicators
0030+FE0F	presentation	2	2	1	pictographic=false emoji=true, VS16
0030+FE0E	presentation	1	1	1	pictographic=false emoji=true, VS15
0031	presentation	1	1	1	pictographic=false emoji=true, bare
0031+FE0F	presentation	2	2	1	pictographic=false emoji=true, VS16
0031+FE0E	presentation	1	1	1	pictographic=false emoji=true, VS15
0032	presentation	1	1	1	pictographic=false emoji=true, bare
0032+FE0F	presentation	2	2	1	pictographic=false emoji=true, VS16
0032+FE0E	presentation	1	1	1	pictographic=false emoji=true, VS15
00A6+FE0F	presentation	1	1	1	pictographic=false emoji=false, VS16
00A6+FE0E	presentation	1	1	1	pictographic=false emoji=false, VS15
00A9+FE0E	presentation	1	1	1	pictographic=true emoji=true, VS15
00AE+FE0E	presentation	1	1	1	pictographic=true emoji=true, VS15
00B0+FE0F	presentation	1	1	1	pictographic=false emoji=false, VS16
00B0+FE0E	presentation	1	1	1	pictographic=false emoji=false, VS15
0482	presentation	1	1	1	pictographic=false emoji=false, bare
0482+FE0F	presentation	1	1	1	pictographic=false emoji=false, VS16
0482+FE0E	presentation	1	1	1	pictographic=false emoji=false, VS15
2122+FE0E	presentation	1	1	1	pictographic=true emoji=true, VS15
2388+FE0F	presentation	1	1	1	pictographic=true emoji=false, VS16
2388+FE0E	presentation	1	1	1	pictographic=true emoji=false, VS15
2605+FE0F	presentation	1	1	1	pictographic=true emoji=false, VS16
2605+FE0E	presentation	1	1	1	pictographic=true emoji=false, VS15
2607	presentation	1	1	1	pictographic=true emoji=false, bare
2607+FE0F	presentation	1	1	1	pictographic=true emoji=false, VS16
2607+FE0E	presentation	1	1	1	pictographic=true emoji=false, VS15
0031+0488	enclosing	1	1	2	digit plus U+0488
0031+FE0F+0488	enclosing	2	2	2	digit, VS16, U+0488
0061+0489	enclosing	1	1	2	latin a plus U+0489
0031+0489	enclosing	1	1	2	digit plus U+0489
0031+FE0F+0489	enclosing	2	2	2	digit, VS16, U+0489
0061+1ABE	enclosing	1	1	2	latin a plus U+1ABE
0031+1ABE	enclosing	1	1	2	digit plus U+1ABE
0031+FE0F+1ABE	enclosing	2	2	2	digit, VS16, U+1ABE
0031+20DD	enclosing	1	1	2	digit plus U+20DD
0031+FE0F+20DD	enclosing	2	2	2	digit, VS16, U+20DD
0061+20DE	enclosing	1	1	2	latin a plus U+20DE
0031+20DE	enclosing	1	1	2	digit plus U+20DE
0031+FE0F+20DE	enclosing	2	2	2	digit, VS16, U+20DE
0061+20DF	enclosing	1	1	2	latin a plus U+20DF
0031+20DF	enclosing	1	1	2	digit plus U+20DF
0031+FE0F+20DF	enclosing	2	2	2	digit, VS16, U+20DF
0061+20E0	enclosing	1	1	2	latin a plus U+20E0
0031+20E0	enclosing	1	1	2	digit plus U+20E0
0031+FE0F+20E0	enclosing	2	2	2	digit, VS16, U+20E0
0061+20E2	enclosing	1	1	2	latin a plus U+20E2
0031+20E2	enclosing	1	1	2	digit plus U+20E2
0031+FE0F+20E2	enclosing	2	2	2	digit, VS16, U+20E2
0061+20E3	enclosing	1	1	2	latin a plus U+20E3
0061+20E4	enclosing	1	1	2	latin a plus U+20E4
0031+20E4	enclosing	1	1	2	digit plus U+20E4
0031+FE0F+20E4	enclosing	2	2	2	digit, VS16, U+20E4
0061+A670	enclosing	1	1	2	latin a plus U+A670
0031+A670	enclosing	1	1	2	digit plus U+A670
0031+FE0F+A670	enclosing	2	2	2	digit, VS16, U+A670
0061+A671	enclosing	1	1	2	latin a plus U+A671
0031+A671	enclosing	1	1	2	digit plus U+A671
0031+FE0F+A671	enclosing	2	2	2	digit, VS16, U+A671
0061+A672	enclosing	1	1	2	latin a plus U+A672
0031+A672	enclosing	1	1	2	digit plus U+A672
0031+FE0F+A672	enclosing	2	2	2	digit, VS16, U+A672
